mundo,cod,lead_plan,variante,param,lead,tarde
M1 ratio casi correcto,2,81,A0 criterio del cotizador,0.0,81,0
M1 ratio casi correcto,2,81,B colchón fijo,0.0,83,0
M1 ratio casi correcto,2,81,B colchón fijo,1.0,84,0
M1 ratio casi correcto,2,81,B colchón fijo,2.0,85,0
M1 ratio casi correcto,2,81,B colchón fijo,3.0,86,0
M1 ratio casi correcto,2,81,B colchón fijo,4.0,88,0
M1 ratio casi correcto,2,81,B colchón fijo,6.0,90,0
M1 ratio casi correcto,2,81,B colchón fijo,8.0,92,0
M1 ratio casi correcto,2,81,B colchón fijo,10.0,95,0
M1 ratio casi correcto,2,81,B colchón fijo,12.0,97,0
M1 ratio casi correcto,2,81,B colchón fijo,15.0,100,0
M1 ratio casi correcto,2,81,MC completo,0.5,84,0
M1 ratio casi correcto,2,81,MC completo,0.6,86,0
M1 ratio casi correcto,2,81,MC completo,0.7,88,0
M1 ratio casi correcto,2,81,MC completo,0.8,91,0
M1 ratio casi correcto,2,81,MC completo,0.85,92,0
M1 ratio casi correcto,2,81,MC completo,0.9,93,0
M1 ratio casi correcto,2,81,MC completo,0.93,96,0
M1 ratio casi correcto,2,81,MC completo,0.95,97,0
M1 ratio casi correcto,2,81,MC completo,0.97,98,0
M1 ratio casi correcto,2,81,MC sin conformal,0.5,84,0
M1 ratio casi correcto,2,81,MC sin conformal,0.6,86,0
M1 ratio casi correcto,2,81,MC sin conformal,0.7,88,0
M1 ratio casi correcto,2,81,MC sin conformal,0.8,91,0
M1 ratio casi correcto,2,81,MC sin conformal,0.85,92,0
M1 ratio casi correcto,2,81,MC sin conformal,0.9,93,0
M1 ratio casi correcto,2,81,MC sin conformal,0.93,96,0
M1 ratio casi correcto,2,81,MC sin conformal,0.95,97,0
M1 ratio casi correcto,2,81,MC sin conformal,0.97,98,0
M1 ratio casi correcto,2,81,MC sin disponibilidad,0.5,83,0
M1 ratio casi correcto,2,81,MC sin disponibilidad,0.6,84,0
M1 ratio casi correcto,2,81,MC sin disponibilidad,0.7,86,0
M1 ratio casi correcto,2,81,MC sin disponibilidad,0.8,89,0
M1 ratio casi correcto,2,81,MC sin disponibilidad,0.85,91,0
M1 ratio casi correcto,2,81,MC sin disponibilidad,0.9,92,0
M1 ratio casi correcto,2,81,MC sin disponibilidad,0.93,93,0
M1 ratio casi correcto,2,81,MC sin disponibilidad,0.95,95,0
M1 ratio casi correcto,2,81,MC sin disponibilidad,0.97,96,0
M1 ratio casi correcto,2,81,MC sin carga del taller,0.5,82,0
M1 ratio casi correcto,2,81,MC sin carga del taller,0.6,84,0
M1 ratio casi correcto,2,81,MC sin carga del taller,0.7,85,0
M1 ratio casi correcto,2,81,MC sin carga del taller,0.8,89,0
M1 ratio casi correcto,2,81,MC sin carga del taller,0.85,89,0
M1 ratio casi correcto,2,81,MC sin carga del taller,0.9,91,0
M1 ratio casi correcto,2,81,MC sin carga del taller,0.93,92,0
M1 ratio casi correcto,2,81,MC sin carga del taller,0.95,93,0
M1 ratio casi correcto,2,81,MC sin carga del taller,0.97,96,0
M1 ratio casi correcto,2,81,MC con rho = 0,0.5,85,0
M1 ratio casi correcto,2,81,MC con rho = 0,0.6,86,0
M1 ratio casi correcto,2,81,MC con rho = 0,0.7,88,0
M1 ratio casi correcto,2,81,MC con rho = 0,0.8,89,0
M1 ratio casi correcto,2,81,MC con rho = 0,0.85,90,0
M1 ratio casi correcto,2,81,MC con rho = 0,0.9,92,0
M1 ratio casi correcto,2,81,MC con rho = 0,0.93,93,0
M1 ratio casi correcto,2,81,MC con rho = 0,0.95,95,0
M1 ratio casi correcto,2,81,MC con rho = 0,0.97,96,0
M1 ratio casi correcto,2,81,MC sin variables (empírico),0.5,84,0
M1 ratio casi correcto,2,81,MC sin variables (empírico),0.6,86,0
M1 ratio casi correcto,2,81,MC sin variables (empírico),0.7,88,0
M1 ratio casi correcto,2,81,MC sin variables (empírico),0.8,91,0
M1 ratio casi correcto,2,81,MC sin variables (empírico),0.85,92,0
M1 ratio casi correcto,2,81,MC sin variables (empírico),0.9,93,0
M1 ratio casi correcto,2,81,MC sin variables (empírico),0.93,96,0
M1 ratio casi correcto,2,81,MC sin variables (empírico),0.95,97,0
M1 ratio casi correcto,2,81,MC sin variables (empírico),0.97,98,0
M1 ratio casi correcto,1,83,A0 criterio del cotizador,0.0,83,0
M1 ratio casi correcto,1,83,B colchón fijo,0.0,99,0
M1 ratio casi correcto,1,83,B colchón fijo,1.0,101,0
M1 ratio casi correcto,1,83,B colchón fijo,2.0,102,0
M1 ratio casi correcto,1,83,B colchón fijo,3.0,103,0
M1 ratio casi correcto,1,83,B colchón fijo,4.0,104,0
M1 ratio casi correcto,1,83,B colchón fijo,6.0,106,0
M1 ratio casi correcto,1,83,B colchón fijo,8.0,109,0
M1 ratio casi correcto,1,83,B colchón fijo,10.0,111,0
M1 ratio casi correcto,1,83,B colchón fijo,12.0,113,0
M1 ratio casi correcto,1,83,B colchón fijo,15.0,117,0
M1 ratio casi correcto,1,83,MC completo,0.5,101,0
M1 ratio casi correcto,1,83,MC completo,0.6,103,0
M1 ratio casi correcto,1,83,MC completo,0.7,105,0
M1 ratio casi correcto,1,83,MC completo,0.8,109,0
M1 ratio casi correcto,1,83,MC completo,0.85,110,0
M1 ratio casi correcto,1,83,MC completo,0.9,112,0
M1 ratio casi correcto,1,83,MC completo,0.93,113,0
M1 ratio casi correcto,1,83,MC completo,0.95,115,0
M1 ratio casi correcto,1,83,MC completo,0.97,117,0
M1 ratio casi correcto,1,83,MC sin conformal,0.5,101,0
M1 ratio casi correcto,1,83,MC sin conformal,0.6,103,0
M1 ratio casi correcto,1,83,MC sin conformal,0.7,105,0
M1 ratio casi correcto,1,83,MC sin conformal,0.8,109,0
M1 ratio casi correcto,1,83,MC sin conformal,0.85,110,0
M1 ratio casi correcto,1,83,MC sin conformal,0.9,112,0
M1 ratio casi correcto,1,83,MC sin conformal,0.93,113,0
M1 ratio casi correcto,1,83,MC sin conformal,0.95,115,0
M1 ratio casi correcto,1,83,MC sin conformal,0.97,117,0
M1 ratio casi correcto,1,83,MC sin disponibilidad,0.5,99,0
M1 ratio casi correcto,1,83,MC sin disponibilidad,0.6,102,0
M1 ratio casi correcto,1,83,MC sin disponibilidad,0.7,104,0
M1 ratio casi correcto,1,83,MC sin disponibilidad,0.8,108,0
M1 ratio casi correcto,1,83,MC sin disponibilidad,0.85,109,0
M1 ratio casi correcto,1,83,MC sin disponibilidad,0.9,111,0
M1 ratio casi correcto,1,83,MC sin disponibilidad,0.93,112,0
M1 ratio casi correcto,1,83,MC sin disponibilidad,0.95,113,0
M1 ratio casi correcto,1,83,MC sin disponibilidad,0.97,116,0
M1 ratio casi correcto,1,83,MC sin carga del taller,0.5,94,0
M1 ratio casi correcto,1,83,MC sin carga del taller,0.6,95,0
M1 ratio casi correcto,1,83,MC sin carga del taller,0.7,97,0
M1 ratio casi correcto,1,83,MC sin carga del taller,0.8,101,0
M1 ratio casi correcto,1,83,MC sin carga del taller,0.85,102,0
M1 ratio casi correcto,1,83,MC sin carga del taller,0.9,103,0
M1 ratio casi correcto,1,83,MC sin carga del taller,0.93,105,0
M1 ratio casi correcto,1,83,MC sin carga del taller,0.95,106,0
M1 ratio casi correcto,1,83,MC sin carga del taller,0.97,109,0
M1 ratio casi correcto,1,83,MC con rho = 0,0.5,102,0
M1 ratio casi correcto,1,83,MC con rho = 0,0.6,103,0
M1 ratio casi correcto,1,83,MC con rho = 0,0.7,104,0
M1 ratio casi correcto,1,83,MC con rho = 0,0.8,106,0
M1 ratio casi correcto,1,83,MC con rho = 0,0.85,108,0
M1 ratio casi correcto,1,83,MC con rho = 0,0.9,109,0
M1 ratio casi correcto,1,83,MC con rho = 0,0.93,110,0
M1 ratio casi correcto,1,83,MC con rho = 0,0.95,111,0
M1 ratio casi correcto,1,83,MC con rho = 0,0.97,112,0
M1 ratio casi correcto,1,83,MC sin variables (empírico),0.5,101,0
M1 ratio casi correcto,1,83,MC sin variables (empírico),0.6,103,0
M1 ratio casi correcto,1,83,MC sin variables (empírico),0.7,105,0
M1 ratio casi correcto,1,83,MC sin variables (empírico),0.8,109,0
M1 ratio casi correcto,1,83,MC sin variables (empírico),0.85,110,0
M1 ratio casi correcto,1,83,MC sin variables (empírico),0.9,112,0
M1 ratio casi correcto,1,83,MC sin variables (empírico),0.93,113,0
M1 ratio casi correcto,1,83,MC sin variables (empírico),0.95,115,0
M1 ratio casi correcto,1,83,MC sin variables (empírico),0.97,117,0
M1 ratio casi correcto,3,75,A0 criterio del cotizador,0.0,75,0
M1 ratio casi correcto,3,75,B colchón fijo,0.0,71,3
M1 ratio casi correcto,3,75,B colchón fijo,1.0,73,1
M1 ratio casi correcto,3,75,B colchón fijo,2.0,74,0
M1 ratio casi correcto,3,75,B colchón fijo,3.0,75,0
M1 ratio casi correcto,3,75,B colchón fijo,4.0,76,0
M1 ratio casi correcto,3,75,B colchón fijo,6.0,78,0
M1 ratio casi correcto,3,75,B colchón fijo,8.0,81,0
M1 ratio casi correcto,3,75,B colchón fijo,10.0,83,0
M1 ratio casi correcto,3,75,B colchón fijo,12.0,85,0
M1 ratio casi correcto,3,75,B colchón fijo,15.0,89,0
M1 ratio casi correcto,3,75,MC completo,0.5,74,0
M1 ratio casi correcto,3,75,MC completo,0.6,76,0
M1 ratio casi correcto,3,75,MC completo,0.7,77,0
M1 ratio casi correcto,3,75,MC completo,0.8,80,0
M1 ratio casi correcto,3,75,MC completo,0.85,81,0
M1 ratio casi correcto,3,75,MC completo,0.9,82,0
M1 ratio casi correcto,3,75,MC completo,0.93,83,0
M1 ratio casi correcto,3,75,MC completo,0.95,84,0
M1 ratio casi correcto,3,75,MC completo,0.97,87,0
M1 ratio casi correcto,3,75,MC sin conformal,0.5,74,0
M1 ratio casi correcto,3,75,MC sin conformal,0.6,76,0
M1 ratio casi correcto,3,75,MC sin conformal,0.7,77,0
M1 ratio casi correcto,3,75,MC sin conformal,0.8,80,0
M1 ratio casi correcto,3,75,MC sin conformal,0.85,81,0
M1 ratio casi correcto,3,75,MC sin conformal,0.9,82,0
M1 ratio casi correcto,3,75,MC sin conformal,0.93,83,0
M1 ratio casi correcto,3,75,MC sin conformal,0.95,84,0
M1 ratio casi correcto,3,75,MC sin conformal,0.97,87,0
M1 ratio casi correcto,3,75,MC sin disponibilidad,0.5,74,0
M1 ratio casi correcto,3,75,MC sin disponibilidad,0.6,75,0
M1 ratio casi correcto,3,75,MC sin disponibilidad,0.7,77,0
M1 ratio casi correcto,3,75,MC sin disponibilidad,0.8,78,0
M1 ratio casi correcto,3,75,MC sin disponibilidad,0.85,80,0
M1 ratio casi correcto,3,75,MC sin disponibilidad,0.9,81,0
M1 ratio casi correcto,3,75,MC sin disponibilidad,0.93,82,0
M1 ratio casi correcto,3,75,MC sin disponibilidad,0.95,83,0
M1 ratio casi correcto,3,75,MC sin disponibilidad,0.97,84,0
M1 ratio casi correcto,3,75,MC sin carga del taller,0.5,74,0
M1 ratio casi correcto,3,75,MC sin carga del taller,0.6,76,0
M1 ratio casi correcto,3,75,MC sin carga del taller,0.7,77,0
M1 ratio casi correcto,3,75,MC sin carga del taller,0.8,80,0
M1 ratio casi correcto,3,75,MC sin carga del taller,0.85,81,0
M1 ratio casi correcto,3,75,MC sin carga del taller,0.9,82,0
M1 ratio casi correcto,3,75,MC sin carga del taller,0.93,83,0
M1 ratio casi correcto,3,75,MC sin carga del taller,0.95,84,0
M1 ratio casi correcto,3,75,MC sin carga del taller,0.97,87,0
M1 ratio casi correcto,3,75,MC con rho = 0,0.5,74,0
M1 ratio casi correcto,3,75,MC con rho = 0,0.6,75,0
M1 ratio casi correcto,3,75,MC con rho = 0,0.7,76,0
M1 ratio casi correcto,3,75,MC con rho = 0,0.8,78,0
M1 ratio casi correcto,3,75,MC con rho = 0,0.85,78,0
M1 ratio casi correcto,3,75,MC con rho = 0,0.9,81,0
M1 ratio casi correcto,3,75,MC con rho = 0,0.93,81,0
M1 ratio casi correcto,3,75,MC con rho = 0,0.95,82,0
M1 ratio casi correcto,3,75,MC con rho = 0,0.97,83,0
M1 ratio casi correcto,3,75,MC sin variables (empírico),0.5,74,0
M1 ratio casi correcto,3,75,MC sin variables (empírico),0.6,76,0
M1 ratio casi correcto,3,75,MC sin variables (empírico),0.7,77,0
M1 ratio casi correcto,3,75,MC sin variables (empírico),0.8,80,0
M1 ratio casi correcto,3,75,MC sin variables (empírico),0.85,81,0
M1 ratio casi correcto,3,75,MC sin variables (empírico),0.9,82,0
M1 ratio casi correcto,3,75,MC sin variables (empírico),0.93,83,0
M1 ratio casi correcto,3,75,MC sin variables (empírico),0.95,84,0
M1 ratio casi correcto,3,75,MC sin variables (empírico),0.97,87,0
M1 ratio casi correcto,5,72,A0 criterio del cotizador,0.0,72,0
M1 ratio casi correcto,5,72,B colchón fijo,0.0,72,0
M1 ratio casi correcto,5,72,B colchón fijo,1.0,73,0
M1 ratio casi correcto,5,72,B colchón fijo,2.0,74,0
M1 ratio casi correcto,5,72,B colchón fijo,3.0,75,0
M1 ratio casi correcto,5,72,B colchón fijo,4.0,76,0
M1 ratio casi correcto,5,72,B colchón fijo,6.0,79,0
M1 ratio casi correcto,5,72,B colchón fijo,8.0,81,0
M1 ratio casi correcto,5,72,B colchón fijo,10.0,83,0
M1 ratio casi correcto,5,72,B colchón fijo,12.0,86,0
M1 ratio casi correcto,5,72,B colchón fijo,15.0,89,0
M1 ratio casi correcto,5,72,MC completo,0.5,73,0
M1 ratio casi correcto,5,72,MC completo,0.6,74,0
M1 ratio casi correcto,5,72,MC completo,0.7,76,0
M1 ratio casi correcto,5,72,MC completo,0.8,78,0
M1 ratio casi correcto,5,72,MC completo,0.85,79,0
M1 ratio casi correcto,5,72,MC completo,0.9,80,0
M1 ratio casi correcto,5,72,MC completo,0.93,80,0
M1 ratio casi correcto,5,72,MC completo,0.95,81,0
M1 ratio casi correcto,5,72,MC completo,0.97,82,0
M1 ratio casi correcto,5,72,MC sin conformal,0.5,73,0
M1 ratio casi correcto,5,72,MC sin conformal,0.6,74,0
M1 ratio casi correcto,5,72,MC sin conformal,0.7,76,0
M1 ratio casi correcto,5,72,MC sin conformal,0.8,78,0
M1 ratio casi correcto,5,72,MC sin conformal,0.85,79,0
M1 ratio casi correcto,5,72,MC sin conformal,0.9,80,0
M1 ratio casi correcto,5,72,MC sin conformal,0.93,80,0
M1 ratio casi correcto,5,72,MC sin conformal,0.95,81,0
M1 ratio casi correcto,5,72,MC sin conformal,0.97,82,0
M1 ratio casi correcto,5,72,MC sin disponibilidad,0.5,73,0
M1 ratio casi correcto,5,72,MC sin disponibilidad,0.6,74,0
M1 ratio casi correcto,5,72,MC sin disponibilidad,0.7,75,0
M1 ratio casi correcto,5,72,MC sin disponibilidad,0.8,76,0
M1 ratio casi correcto,5,72,MC sin disponibilidad,0.85,78,0
M1 ratio casi correcto,5,72,MC sin disponibilidad,0.9,79,0
M1 ratio casi correcto,5,72,MC sin disponibilidad,0.93,79,0
M1 ratio casi correcto,5,72,MC sin disponibilidad,0.95,80,0
M1 ratio casi correcto,5,72,MC sin disponibilidad,0.97,80,0
M1 ratio casi correcto,5,72,MC sin carga del taller,0.5,73,0
M1 ratio casi correcto,5,72,MC sin carga del taller,0.6,74,0
M1 ratio casi correcto,5,72,MC sin carga del taller,0.7,76,0
M1 ratio casi correcto,5,72,MC sin carga del taller,0.8,78,0
M1 ratio casi correcto,5,72,MC sin carga del taller,0.85,79,0
M1 ratio casi correcto,5,72,MC sin carga del taller,0.9,80,0
M1 ratio casi correcto,5,72,MC sin carga del taller,0.93,80,0
M1 ratio casi correcto,5,72,MC sin carga del taller,0.95,81,0
M1 ratio casi correcto,5,72,MC sin carga del taller,0.97,82,0
M1 ratio casi correcto,5,72,MC con rho = 0,0.5,73,0
M1 ratio casi correcto,5,72,MC con rho = 0,0.6,74,0
M1 ratio casi correcto,5,72,MC con rho = 0,0.7,75,0
M1 ratio casi correcto,5,72,MC con rho = 0,0.8,76,0
M1 ratio casi correcto,5,72,MC con rho = 0,0.85,78,0
M1 ratio casi correcto,5,72,MC con rho = 0,0.9,79,0
M1 ratio casi correcto,5,72,MC con rho = 0,0.93,79,0
M1 ratio casi correcto,5,72,MC con rho = 0,0.95,80,0
M1 ratio casi correcto,5,72,MC con rho = 0,0.97,81,0
M1 ratio casi correcto,5,72,MC sin variables (empírico),0.5,73,0
M1 ratio casi correcto,5,72,MC sin variables (empírico),0.6,74,0
M1 ratio casi correcto,5,72,MC sin variables (empírico),0.7,76,0
M1 ratio casi correcto,5,72,MC sin variables (empírico),0.8,78,0
M1 ratio casi correcto,5,72,MC sin variables (empírico),0.85,79,0
M1 ratio casi correcto,5,72,MC sin variables (empírico),0.9,80,0
M1 ratio casi correcto,5,72,MC sin variables (empírico),0.93,80,0
M1 ratio casi correcto,5,72,MC sin variables (empírico),0.95,81,0
M1 ratio casi correcto,5,72,MC sin variables (empírico),0.97,82,0
M1 ratio casi correcto,6,61,A0 criterio del cotizador,0.0,61,5
M1 ratio casi correcto,6,61,B colchón fijo,0.0,58,8
M1 ratio casi correcto,6,61,B colchón fijo,1.0,60,6
M1 ratio casi correcto,6,61,B colchón fijo,2.0,61,5
M1 ratio casi correcto,6,61,B colchón fijo,3.0,62,4
M1 ratio casi correcto,6,61,B colchón fijo,4.0,63,3
M1 ratio casi correcto,6,61,B colchón fijo,6.0,65,1
M1 ratio casi correcto,6,61,B colchón fijo,8.0,68,0
M1 ratio casi correcto,6,61,B colchón fijo,10.0,70,0
M1 ratio casi correcto,6,61,B colchón fijo,12.0,72,0
M1 ratio casi correcto,6,61,B colchón fijo,15.0,76,0
M1 ratio casi correcto,6,61,MC completo,0.5,61,5
M1 ratio casi correcto,6,61,MC completo,0.6,62,4
M1 ratio casi correcto,6,61,MC completo,0.7,63,3
M1 ratio casi correcto,6,61,MC completo,0.8,64,2
M1 ratio casi correcto,6,61,MC completo,0.85,64,2
M1 ratio casi correcto,6,61,MC completo,0.9,65,1
M1 ratio casi correcto,6,61,MC completo,0.93,67,0
M1 ratio casi correcto,6,61,MC completo,0.95,67,0
M1 ratio casi correcto,6,61,MC completo,0.97,69,0
M1 ratio casi correcto,6,61,MC sin conformal,0.5,61,5
M1 ratio casi correcto,6,61,MC sin conformal,0.6,62,4
M1 ratio casi correcto,6,61,MC sin conformal,0.7,63,3
M1 ratio casi correcto,6,61,MC sin conformal,0.8,64,2
M1 ratio casi correcto,6,61,MC sin conformal,0.85,64,2
M1 ratio casi correcto,6,61,MC sin conformal,0.9,65,1
M1 ratio casi correcto,6,61,MC sin conformal,0.93,67,0
M1 ratio casi correcto,6,61,MC sin conformal,0.95,67,0
M1 ratio casi correcto,6,61,MC sin conformal,0.97,69,0
M1 ratio casi correcto,6,61,MC sin disponibilidad,0.5,60,6
M1 ratio casi correcto,6,61,MC sin disponibilidad,0.6,61,5
M1 ratio casi correcto,6,61,MC sin disponibilidad,0.7,62,4
M1 ratio casi correcto,6,61,MC sin disponibilidad,0.8,63,3
M1 ratio casi correcto,6,61,MC sin disponibilidad,0.85,64,2
M1 ratio casi correcto,6,61,MC sin disponibilidad,0.9,64,2
M1 ratio casi correcto,6,61,MC sin disponibilidad,0.93,65,1
M1 ratio casi correcto,6,61,MC sin disponibilidad,0.95,67,0
M1 ratio casi correcto,6,61,MC sin disponibilidad,0.97,67,0
M1 ratio casi correcto,6,61,MC sin carga del taller,0.5,60,6
M1 ratio casi correcto,6,61,MC sin carga del taller,0.6,61,5
M1 ratio casi correcto,6,61,MC sin carga del taller,0.7,62,4
M1 ratio casi correcto,6,61,MC sin carga del taller,0.8,63,3
M1 ratio casi correcto,6,61,MC sin carga del taller,0.85,64,2
M1 ratio casi correcto,6,61,MC sin carga del taller,0.9,64,2
M1 ratio casi correcto,6,61,MC sin carga del taller,0.93,65,1
M1 ratio casi correcto,6,61,MC sin carga del taller,0.95,67,0
M1 ratio casi correcto,6,61,MC sin carga del taller,0.97,67,0
M1 ratio casi correcto,6,61,MC con rho = 0,0.5,61,5
M1 ratio casi correcto,6,61,MC con rho = 0,0.6,62,4
M1 ratio casi correcto,6,61,MC con rho = 0,0.7,62,4
M1 ratio casi correcto,6,61,MC con rho = 0,0.8,63,3
M1 ratio casi correcto,6,61,MC con rho = 0,0.85,64,2
M1 ratio casi correcto,6,61,MC con rho = 0,0.9,65,1
M1 ratio casi correcto,6,61,MC con rho = 0,0.93,65,1
M1 ratio casi correcto,6,61,MC con rho = 0,0.95,67,0
M1 ratio casi correcto,6,61,MC con rho = 0,0.97,68,0
M1 ratio casi correcto,6,61,MC sin variables (empírico),0.5,61,5
M1 ratio casi correcto,6,61,MC sin variables (empírico),0.6,62,4
M1 ratio casi correcto,6,61,MC sin variables (empírico),0.7,63,3
M1 ratio casi correcto,6,61,MC sin variables (empírico),0.8,64,2
M1 ratio casi correcto,6,61,MC sin variables (empírico),0.85,64,2
M1 ratio casi correcto,6,61,MC sin variables (empírico),0.9,65,1
M1 ratio casi correcto,6,61,MC sin variables (empírico),0.93,67,0
M1 ratio casi correcto,6,61,MC sin variables (empírico),0.95,67,0
M1 ratio casi correcto,6,61,MC sin variables (empírico),0.97,69,0
M1 ratio casi correcto,4,64,A0 criterio del cotizador,0.0,64,0
M1 ratio casi correcto,4,64,B colchón fijo,0.0,63,1
M1 ratio casi correcto,4,64,B colchón fijo,1.0,64,0
M1 ratio casi correcto,4,64,B colchón fijo,2.0,65,0
M1 ratio casi correcto,4,64,B colchón fijo,3.0,66,0
M1 ratio casi correcto,4,64,B colchón fijo,4.0,67,0
M1 ratio casi correcto,4,64,B colchón fijo,6.0,70,0
M1 ratio casi correcto,4,64,B colchón fijo,8.0,72,0
M1 ratio casi correcto,4,64,B colchón fijo,10.0,74,0
M1 ratio casi correcto,4,64,B colchón fijo,12.0,77,0
M1 ratio casi correcto,4,64,B colchón fijo,15.0,80,0
M1 ratio casi correcto,4,64,MC completo,0.5,64,0
M1 ratio casi correcto,4,64,MC completo,0.6,65,0
M1 ratio casi correcto,4,64,MC completo,0.7,65,0
M1 ratio casi correcto,4,64,MC completo,0.8,67,0
M1 ratio casi correcto,4,64,MC completo,0.85,67,0
M1 ratio casi correcto,4,64,MC completo,0.9,69,0
M1 ratio casi correcto,4,64,MC completo,0.93,70,0
M1 ratio casi correcto,4,64,MC completo,0.95,70,0
M1 ratio casi correcto,4,64,MC completo,0.97,72,0
M1 ratio casi correcto,4,64,MC sin conformal,0.5,64,0
M1 ratio casi correcto,4,64,MC sin conformal,0.6,65,0
M1 ratio casi correcto,4,64,MC sin conformal,0.7,65,0
M1 ratio casi correcto,4,64,MC sin conformal,0.8,67,0
M1 ratio casi correcto,4,64,MC sin conformal,0.85,67,0
M1 ratio casi correcto,4,64,MC sin conformal,0.9,69,0
M1 ratio casi correcto,4,64,MC sin conformal,0.93,70,0
M1 ratio casi correcto,4,64,MC sin conformal,0.95,70,0
M1 ratio casi correcto,4,64,MC sin conformal,0.97,72,0
M1 ratio casi correcto,4,64,MC sin disponibilidad,0.5,63,1
M1 ratio casi correcto,4,64,MC sin disponibilidad,0.6,64,0
M1 ratio casi correcto,4,64,MC sin disponibilidad,0.7,65,0
M1 ratio casi correcto,4,64,MC sin disponibilidad,0.8,66,0
M1 ratio casi correcto,4,64,MC sin disponibilidad,0.85,67,0
M1 ratio casi correcto,4,64,MC sin disponibilidad,0.9,69,0
M1 ratio casi correcto,4,64,MC sin disponibilidad,0.93,69,0
M1 ratio casi correcto,4,64,MC sin disponibilidad,0.95,70,0
M1 ratio casi correcto,4,64,MC sin disponibilidad,0.97,70,0
M1 ratio casi correcto,4,64,MC sin carga del taller,0.5,64,0
M1 ratio casi correcto,4,64,MC sin carga del taller,0.6,65,0
M1 ratio casi correcto,4,64,MC sin carga del taller,0.7,65,0
M1 ratio casi correcto,4,64,MC sin carga del taller,0.8,67,0
M1 ratio casi correcto,4,64,MC sin carga del taller,0.85,67,0
M1 ratio casi correcto,4,64,MC sin carga del taller,0.9,69,0
M1 ratio casi correcto,4,64,MC sin carga del taller,0.93,70,0
M1 ratio casi correcto,4,64,MC sin carga del taller,0.95,70,0
M1 ratio casi correcto,4,64,MC sin carga del taller,0.97,72,0
M1 ratio casi correcto,4,64,MC con rho = 0,0.5,64,0
M1 ratio casi correcto,4,64,MC con rho = 0,0.6,65,0
M1 ratio casi correcto,4,64,MC con rho = 0,0.7,65,0
M1 ratio casi correcto,4,64,MC con rho = 0,0.8,66,0
M1 ratio casi correcto,4,64,MC con rho = 0,0.85,67,0
M1 ratio casi correcto,4,64,MC con rho = 0,0.9,69,0
M1 ratio casi correcto,4,64,MC con rho = 0,0.93,69,0
M1 ratio casi correcto,4,64,MC con rho = 0,0.95,70,0
M1 ratio casi correcto,4,64,MC con rho = 0,0.97,71,0
M1 ratio casi correcto,4,64,MC sin variables (empírico),0.5,64,0
M1 ratio casi correcto,4,64,MC sin variables (empírico),0.6,65,0
M1 ratio casi correcto,4,64,MC sin variables (empírico),0.7,65,0
M1 ratio casi correcto,4,64,MC sin variables (empírico),0.8,67,0
M1 ratio casi correcto,4,64,MC sin variables (empírico),0.85,67,0
M1 ratio casi correcto,4,64,MC sin variables (empírico),0.9,69,0
M1 ratio casi correcto,4,64,MC sin variables (empírico),0.93,70,0
M1 ratio casi correcto,4,64,MC sin variables (empírico),0.95,70,0
M1 ratio casi correcto,4,64,MC sin variables (empírico),0.97,72,0
M1 ratio casi correcto,7,61,A0 criterio del cotizador,0.0,61,0
M1 ratio casi correcto,7,61,B colchón fijo,0.0,61,0
M1 ratio casi correcto,7,61,B colchón fijo,1.0,63,0
M1 ratio casi correcto,7,61,B colchón fijo,2.0,64,0
M1 ratio casi correcto,7,61,B colchón fijo,3.0,65,0
M1 ratio casi correcto,7,61,B colchón fijo,4.0,66,0
M1 ratio casi correcto,7,61,B colchón fijo,6.0,68,0
M1 ratio casi correcto,7,61,B colchón fijo,8.0,71,0
M1 ratio casi correcto,7,61,B colchón fijo,10.0,73,0
M1 ratio casi correcto,7,61,B colchón fijo,12.0,75,0
M1 ratio casi correcto,7,61,B colchón fijo,15.0,79,0
M1 ratio casi correcto,7,61,MC completo,0.5,64,0
M1 ratio casi correcto,7,61,MC completo,0.6,64,0
M1 ratio casi correcto,7,61,MC completo,0.7,65,0
M1 ratio casi correcto,7,61,MC completo,0.8,66,0
M1 ratio casi correcto,7,61,MC completo,0.85,67,0
M1 ratio casi correcto,7,61,MC completo,0.9,67,0
M1 ratio casi correcto,7,61,MC completo,0.93,68,0
M1 ratio casi correcto,7,61,MC completo,0.95,70,0
M1 ratio casi correcto,7,61,MC completo,0.97,71,0
M1 ratio casi correcto,7,61,MC sin conformal,0.5,64,0
M1 ratio casi correcto,7,61,MC sin conformal,0.6,64,0
M1 ratio casi correcto,7,61,MC sin conformal,0.7,65,0
M1 ratio casi correcto,7,61,MC sin conformal,0.8,66,0
M1 ratio casi correcto,7,61,MC sin conformal,0.85,67,0
M1 ratio casi correcto,7,61,MC sin conformal,0.9,67,0
M1 ratio casi correcto,7,61,MC sin conformal,0.93,68,0
M1 ratio casi correcto,7,61,MC sin conformal,0.95,70,0
M1 ratio casi correcto,7,61,MC sin conformal,0.97,71,0
M1 ratio casi correcto,7,61,MC sin disponibilidad,0.5,63,0
M1 ratio casi correcto,7,61,MC sin disponibilidad,0.6,64,0
M1 ratio casi correcto,7,61,MC sin disponibilidad,0.7,65,0
M1 ratio casi correcto,7,61,MC sin disponibilidad,0.8,66,0
M1 ratio casi correcto,7,61,MC sin disponibilidad,0.85,66,0
M1 ratio casi correcto,7,61,MC sin disponibilidad,0.9,67,0
M1 ratio casi correcto,7,61,MC sin disponibilidad,0.93,67,0
M1 ratio casi correcto,7,61,MC sin disponibilidad,0.95,68,0
M1 ratio casi correcto,7,61,MC sin disponibilidad,0.97,70,0
M1 ratio casi correcto,7,61,MC sin carga del taller,0.5,64,0
M1 ratio casi correcto,7,61,MC sin carga del taller,0.6,64,0
M1 ratio casi correcto,7,61,MC sin carga del taller,0.7,65,0
M1 ratio casi correcto,7,61,MC sin carga del taller,0.8,66,0
M1 ratio casi correcto,7,61,MC sin carga del taller,0.85,67,0
M1 ratio casi correcto,7,61,MC sin carga del taller,0.9,67,0
M1 ratio casi correcto,7,61,MC sin carga del taller,0.93,68,0
M1 ratio casi correcto,7,61,MC sin carga del taller,0.95,70,0
M1 ratio casi correcto,7,61,MC sin carga del taller,0.97,71,0
M1 ratio casi correcto,7,61,MC con rho = 0,0.5,64,0
M1 ratio casi correcto,7,61,MC con rho = 0,0.6,64,0
M1 ratio casi correcto,7,61,MC con rho = 0,0.7,65,0
M1 ratio casi correcto,7,61,MC con rho = 0,0.8,66,0
M1 ratio casi correcto,7,61,MC con rho = 0,0.85,67,0
M1 ratio casi correcto,7,61,MC con rho = 0,0.9,67,0
M1 ratio casi correcto,7,61,MC con rho = 0,0.93,68,0
M1 ratio casi correcto,7,61,MC con rho = 0,0.95,68,0
M1 ratio casi correcto,7,61,MC con rho = 0,0.97,70,0
M1 ratio casi correcto,7,61,MC sin variables (empírico),0.5,64,0
M1 ratio casi correcto,7,61,MC sin variables (empírico),0.6,64,0
M1 ratio casi correcto,7,61,MC sin variables (empírico),0.7,65,0
M1 ratio casi correcto,7,61,MC sin variables (empírico),0.8,66,0
M1 ratio casi correcto,7,61,MC sin variables (empírico),0.85,67,0
M1 ratio casi correcto,7,61,MC sin variables (empírico),0.9,67,0
M1 ratio casi correcto,7,61,MC sin variables (empírico),0.93,68,0
M1 ratio casi correcto,7,61,MC sin variables (empírico),0.95,70,0
M1 ratio casi correcto,7,61,MC sin variables (empírico),0.97,71,0
M1 ratio casi correcto,13,66,A0 criterio del cotizador,0.0,66,0
M1 ratio casi correcto,13,66,B colchón fijo,0.0,65,0
M1 ratio casi correcto,13,66,B colchón fijo,1.0,67,0
M1 ratio casi correcto,13,66,B colchón fijo,2.0,68,0
M1 ratio casi correcto,13,66,B colchón fijo,3.0,69,0
M1 ratio casi correcto,13,66,B colchón fijo,4.0,70,0
M1 ratio casi correcto,13,66,B colchón fijo,6.0,72,0
M1 ratio casi correcto,13,66,B colchón fijo,8.0,75,0
M1 ratio casi correcto,13,66,B colchón fijo,10.0,77,0
M1 ratio casi correcto,13,66,B colchón fijo,12.0,79,0
M1 ratio casi correcto,13,66,B colchón fijo,15.0,83,0
M1 ratio casi correcto,13,66,MC completo,0.5,67,0
M1 ratio casi correcto,13,66,MC completo,0.6,68,0
M1 ratio casi correcto,13,66,MC completo,0.7,69,0
M1 ratio casi correcto,13,66,MC completo,0.8,69,0
M1 ratio casi correcto,13,66,MC completo,0.85,70,0
M1 ratio casi correcto,13,66,MC completo,0.9,71,0
M1 ratio casi correcto,13,66,MC completo,0.93,71,0
M1 ratio casi correcto,13,66,MC completo,0.95,72,0
M1 ratio casi correcto,13,66,MC completo,0.97,74,0
M1 ratio casi correcto,13,66,MC sin conformal,0.5,67,0
M1 ratio casi correcto,13,66,MC sin conformal,0.6,68,0
M1 ratio casi correcto,13,66,MC sin conformal,0.7,68,0
M1 ratio casi correcto,13,66,MC sin conformal,0.8,69,0
M1 ratio casi correcto,13,66,MC sin conformal,0.85,70,0
M1 ratio casi correcto,13,66,MC sin conformal,0.9,71,0
M1 ratio casi correcto,13,66,MC sin conformal,0.93,71,0
M1 ratio casi correcto,13,66,MC sin conformal,0.95,72,0
M1 ratio casi correcto,13,66,MC sin conformal,0.97,72,0
M1 ratio casi correcto,13,66,MC sin disponibilidad,0.5,67,0
M1 ratio casi correcto,13,66,MC sin disponibilidad,0.6,67,0
M1 ratio casi correcto,13,66,MC sin disponibilidad,0.7,68,0
M1 ratio casi correcto,13,66,MC sin disponibilidad,0.8,69,0
M1 ratio casi correcto,13,66,MC sin disponibilidad,0.85,69,0
M1 ratio casi correcto,13,66,MC sin disponibilidad,0.9,70,0
M1 ratio casi correcto,13,66,MC sin disponibilidad,0.93,71,0
M1 ratio casi correcto,13,66,MC sin disponibilidad,0.95,71,0
M1 ratio casi correcto,13,66,MC sin disponibilidad,0.97,71,0
M1 ratio casi correcto,13,66,MC sin carga del taller,0.5,67,0
M1 ratio casi correcto,13,66,MC sin carga del taller,0.6,68,0
M1 ratio casi correcto,13,66,MC sin carga del taller,0.7,69,0
M1 ratio casi correcto,13,66,MC sin carga del taller,0.8,69,0
M1 ratio casi correcto,13,66,MC sin carga del taller,0.85,70,0
M1 ratio casi correcto,13,66,MC sin carga del taller,0.9,71,0
M1 ratio casi correcto,13,66,MC sin carga del taller,0.93,71,0
M1 ratio casi correcto,13,66,MC sin carga del taller,0.95,72,0
M1 ratio casi correcto,13,66,MC sin carga del taller,0.97,74,0
M1 ratio casi correcto,13,66,MC con rho = 0,0.5,67,0
M1 ratio casi correcto,13,66,MC con rho = 0,0.6,68,0
M1 ratio casi correcto,13,66,MC con rho = 0,0.7,68,0
M1 ratio casi correcto,13,66,MC con rho = 0,0.8,69,0
M1 ratio casi correcto,13,66,MC con rho = 0,0.85,70,0
M1 ratio casi correcto,13,66,MC con rho = 0,0.9,71,0
M1 ratio casi correcto,13,66,MC con rho = 0,0.93,71,0
M1 ratio casi correcto,13,66,MC con rho = 0,0.95,72,0
M1 ratio casi correcto,13,66,MC con rho = 0,0.97,74,0
M1 ratio casi correcto,13,66,MC sin variables (empírico),0.5,68,0
M1 ratio casi correcto,13,66,MC sin variables (empírico),0.6,68,0
M1 ratio casi correcto,13,66,MC sin variables (empírico),0.7,69,0
M1 ratio casi correcto,13,66,MC sin variables (empírico),0.8,70,0
M1 ratio casi correcto,13,66,MC sin variables (empírico),0.85,70,0
M1 ratio casi correcto,13,66,MC sin variables (empírico),0.9,71,0
M1 ratio casi correcto,13,66,MC sin variables (empírico),0.93,72,0
M1 ratio casi correcto,13,66,MC sin variables (empírico),0.95,72,0
M1 ratio casi correcto,13,66,MC sin variables (empírico),0.97,74,0
M1 ratio casi correcto,8,70,A0 criterio del cotizador,0.0,70,0
M1 ratio casi correcto,8,70,B colchón fijo,0.0,71,0
M1 ratio casi correcto,8,70,B colchón fijo,1.0,72,0
M1 ratio casi correcto,8,70,B colchón fijo,2.0,73,0
M1 ratio casi correcto,8,70,B colchón fijo,3.0,74,0
M1 ratio casi correcto,8,70,B colchón fijo,4.0,75,0
M1 ratio casi correcto,8,70,B colchón fijo,6.0,78,0
M1 ratio casi correcto,8,70,B colchón fijo,8.0,80,0
M1 ratio casi correcto,8,70,B colchón fijo,10.0,82,0
M1 ratio casi correcto,8,70,B colchón fijo,12.0,85,0
M1 ratio casi correcto,8,70,B colchón fijo,15.0,88,0
M1 ratio casi correcto,8,70,MC completo,0.5,73,0
M1 ratio casi correcto,8,70,MC completo,0.6,73,0
M1 ratio casi correcto,8,70,MC completo,0.7,74,0
M1 ratio casi correcto,8,70,MC completo,0.8,75,0
M1 ratio casi correcto,8,70,MC completo,0.85,77,0
M1 ratio casi correcto,8,70,MC completo,0.9,78,0
M1 ratio casi correcto,8,70,MC completo,0.93,78,0
M1 ratio casi correcto,8,70,MC completo,0.95,79,0
M1 ratio casi correcto,8,70,MC completo,0.97,80,0
M1 ratio casi correcto,8,70,MC sin conformal,0.5,72,0
M1 ratio casi correcto,8,70,MC sin conformal,0.6,73,0
M1 ratio casi correcto,8,70,MC sin conformal,0.7,74,0
M1 ratio casi correcto,8,70,MC sin conformal,0.8,75,0
M1 ratio casi correcto,8,70,MC sin conformal,0.85,77,0
M1 ratio casi correcto,8,70,MC sin conformal,0.9,77,0
M1 ratio casi correcto,8,70,MC sin conformal,0.93,78,0
M1 ratio casi correcto,8,70,MC sin conformal,0.95,78,0
M1 ratio casi correcto,8,70,MC sin conformal,0.97,79,0
M1 ratio casi correcto,8,70,MC sin disponibilidad,0.5,72,0
M1 ratio casi correcto,8,70,MC sin disponibilidad,0.6,73,0
M1 ratio casi correcto,8,70,MC sin disponibilidad,0.7,73,0
M1 ratio casi correcto,8,70,MC sin disponibilidad,0.8,74,0
M1 ratio casi correcto,8,70,MC sin disponibilidad,0.85,75,0
M1 ratio casi correcto,8,70,MC sin disponibilidad,0.9,75,0
M1 ratio casi correcto,8,70,MC sin disponibilidad,0.93,77,0
M1 ratio casi correcto,8,70,MC sin disponibilidad,0.95,78,0
M1 ratio casi correcto,8,70,MC sin disponibilidad,0.97,78,0
M1 ratio casi correcto,8,70,MC sin carga del taller,0.5,71,0
M1 ratio casi correcto,8,70,MC sin carga del taller,0.6,71,0
M1 ratio casi correcto,8,70,MC sin carga del taller,0.7,72,0
M1 ratio casi correcto,8,70,MC sin carga del taller,0.8,73,0
M1 ratio casi correcto,8,70,MC sin carga del taller,0.85,74,0
M1 ratio casi correcto,8,70,MC sin carga del taller,0.9,75,0
M1 ratio casi correcto,8,70,MC sin carga del taller,0.93,75,0
M1 ratio casi correcto,8,70,MC sin carga del taller,0.95,77,0
M1 ratio casi correcto,8,70,MC sin carga del taller,0.97,78,0
M1 ratio casi correcto,8,70,MC con rho = 0,0.5,72,0
M1 ratio casi correcto,8,70,MC con rho = 0,0.6,73,0
M1 ratio casi correcto,8,70,MC con rho = 0,0.7,74,0
M1 ratio casi correcto,8,70,MC con rho = 0,0.8,75,0
M1 ratio casi correcto,8,70,MC con rho = 0,0.85,77,0
M1 ratio casi correcto,8,70,MC con rho = 0,0.9,77,0
M1 ratio casi correcto,8,70,MC con rho = 0,0.93,78,0
M1 ratio casi correcto,8,70,MC con rho = 0,0.95,79,0
M1 ratio casi correcto,8,70,MC con rho = 0,0.97,79,0
M1 ratio casi correcto,8,70,MC sin variables (empírico),0.5,73,0
M1 ratio casi correcto,8,70,MC sin variables (empírico),0.6,73,0
M1 ratio casi correcto,8,70,MC sin variables (empírico),0.7,74,0
M1 ratio casi correcto,8,70,MC sin variables (empírico),0.8,75,0
M1 ratio casi correcto,8,70,MC sin variables (empírico),0.85,77,0
M1 ratio casi correcto,8,70,MC sin variables (empírico),0.9,78,0
M1 ratio casi correcto,8,70,MC sin variables (empírico),0.93,78,0
M1 ratio casi correcto,8,70,MC sin variables (empírico),0.95,79,0
M1 ratio casi correcto,8,70,MC sin variables (empírico),0.97,80,0
M1 ratio casi correcto,9,62,A0 criterio del cotizador,0.0,62,0
M1 ratio casi correcto,9,62,B colchón fijo,0.0,63,0
M1 ratio casi correcto,9,62,B colchón fijo,1.0,64,0
M1 ratio casi correcto,9,62,B colchón fijo,2.0,65,0
M1 ratio casi correcto,9,62,B colchón fijo,3.0,66,0
M1 ratio casi correcto,9,62,B colchón fijo,4.0,68,0
M1 ratio casi correcto,9,62,B colchón fijo,6.0,70,0
M1 ratio casi correcto,9,62,B colchón fijo,8.0,72,0
M1 ratio casi correcto,9,62,B colchón fijo,10.0,75,0
M1 ratio casi correcto,9,62,B colchón fijo,12.0,77,0
M1 ratio casi correcto,9,62,B colchón fijo,15.0,80,0
M1 ratio casi correcto,9,62,MC completo,0.5,64,0
M1 ratio casi correcto,9,62,MC completo,0.6,65,0
M1 ratio casi correcto,9,62,MC completo,0.7,66,0
M1 ratio casi correcto,9,62,MC completo,0.8,68,0
M1 ratio casi correcto,9,62,MC completo,0.85,68,0
M1 ratio casi correcto,9,62,MC completo,0.9,69,0
M1 ratio casi correcto,9,62,MC completo,0.93,70,0
M1 ratio casi correcto,9,62,MC completo,0.95,71,0
M1 ratio casi correcto,9,62,MC completo,0.97,71,0
M1 ratio casi correcto,9,62,MC sin conformal,0.5,64,0
M1 ratio casi correcto,9,62,MC sin conformal,0.6,65,0
M1 ratio casi correcto,9,62,MC sin conformal,0.7,66,0
M1 ratio casi correcto,9,62,MC sin conformal,0.8,68,0
M1 ratio casi correcto,9,62,MC sin conformal,0.85,68,0
M1 ratio casi correcto,9,62,MC sin conformal,0.9,69,0
M1 ratio casi correcto,9,62,MC sin conformal,0.93,70,0
M1 ratio casi correcto,9,62,MC sin conformal,0.95,70,0
M1 ratio casi correcto,9,62,MC sin conformal,0.97,71,0
M1 ratio casi correcto,9,62,MC sin disponibilidad,0.5,64,0
M1 ratio casi correcto,9,62,MC sin disponibilidad,0.6,65,0
M1 ratio casi correcto,9,62,MC sin disponibilidad,0.7,65,0
M1 ratio casi correcto,9,62,MC sin disponibilidad,0.8,66,0
M1 ratio casi correcto,9,62,MC sin disponibilidad,0.85,68,0
M1 ratio casi correcto,9,62,MC sin disponibilidad,0.9,69,0
M1 ratio casi correcto,9,62,MC sin disponibilidad,0.93,70,0
M1 ratio casi correcto,9,62,MC sin disponibilidad,0.95,70,0
M1 ratio casi correcto,9,62,MC sin disponibilidad,0.97,71,0
M1 ratio casi correcto,9,62,MC sin carga del taller,0.5,64,0
M1 ratio casi correcto,9,62,MC sin carga del taller,0.6,65,0
M1 ratio casi correcto,9,62,MC sin carga del taller,0.7,66,0
M1 ratio casi correcto,9,62,MC sin carga del taller,0.8,68,0
M1 ratio casi correcto,9,62,MC sin carga del taller,0.85,68,0
M1 ratio casi correcto,9,62,MC sin carga del taller,0.9,69,0
M1 ratio casi correcto,9,62,MC sin carga del taller,0.93,70,0
M1 ratio casi correcto,9,62,MC sin carga del taller,0.95,71,0
M1 ratio casi correcto,9,62,MC sin carga del taller,0.97,71,0
M1 ratio casi correcto,9,62,MC con rho = 0,0.5,64,0
M1 ratio casi correcto,9,62,MC con rho = 0,0.6,65,0
M1 ratio casi correcto,9,62,MC con rho = 0,0.7,66,0
M1 ratio casi correcto,9,62,MC con rho = 0,0.8,68,0
M1 ratio casi correcto,9,62,MC con rho = 0,0.85,68,0
M1 ratio casi correcto,9,62,MC con rho = 0,0.9,69,0
M1 ratio casi correcto,9,62,MC con rho = 0,0.93,70,0
M1 ratio casi correcto,9,62,MC con rho = 0,0.95,70,0
M1 ratio casi correcto,9,62,MC con rho = 0,0.97,71,0
M1 ratio casi correcto,9,62,MC sin variables (empírico),0.5,64,0
M1 ratio casi correcto,9,62,MC sin variables (empírico),0.6,65,0
M1 ratio casi correcto,9,62,MC sin variables (empírico),0.7,65,0
M1 ratio casi correcto,9,62,MC sin variables (empírico),0.8,66,0
M1 ratio casi correcto,9,62,MC sin variables (empírico),0.85,68,0
M1 ratio casi correcto,9,62,MC sin variables (empírico),0.9,68,0
M1 ratio casi correcto,9,62,MC sin variables (empírico),0.93,69,0
M1 ratio casi correcto,9,62,MC sin variables (empírico),0.95,70,0
M1 ratio casi correcto,9,62,MC sin variables (empírico),0.97,71,0
M1 ratio casi correcto,11,47,A0 criterio del cotizador,0.0,47,0
M1 ratio casi correcto,11,47,B colchón fijo,0.0,46,1
M1 ratio casi correcto,11,47,B colchón fijo,1.0,47,0
M1 ratio casi correcto,11,47,B colchón fijo,2.0,48,0
M1 ratio casi correcto,11,47,B colchón fijo,3.0,49,0
M1 ratio casi correcto,11,47,B colchón fijo,4.0,50,0
M1 ratio casi correcto,11,47,B colchón fijo,6.0,53,0
M1 ratio casi correcto,11,47,B colchón fijo,8.0,55,0
M1 ratio casi correcto,11,47,B colchón fijo,10.0,57,0
M1 ratio casi correcto,11,47,B colchón fijo,12.0,60,0
M1 ratio casi correcto,11,47,B colchón fijo,15.0,63,0
M1 ratio casi correcto,11,47,MC completo,0.5,46,1
M1 ratio casi correcto,11,47,MC completo,0.6,47,0
M1 ratio casi correcto,11,47,MC completo,0.7,47,0
M1 ratio casi correcto,11,47,MC completo,0.8,48,0
M1 ratio casi correcto,11,47,MC completo,0.85,49,0
M1 ratio casi correcto,11,47,MC completo,0.9,49,0
M1 ratio casi correcto,11,47,MC completo,0.93,50,0
M1 ratio casi correcto,11,47,MC completo,0.95,50,0
M1 ratio casi correcto,11,47,MC completo,0.97,51,0
M1 ratio casi correcto,11,47,MC sin conformal,0.5,46,1
M1 ratio casi correcto,11,47,MC sin conformal,0.6,47,0
M1 ratio casi correcto,11,47,MC sin conformal,0.7,47,0
M1 ratio casi correcto,11,47,MC sin conformal,0.8,48,0
M1 ratio casi correcto,11,47,MC sin conformal,0.85,48,0
M1 ratio casi correcto,11,47,MC sin conformal,0.9,49,0
M1 ratio casi correcto,11,47,MC sin conformal,0.93,49,0
M1 ratio casi correcto,11,47,MC sin conformal,0.95,50,0
M1 ratio casi correcto,11,47,MC sin conformal,0.97,50,0
M1 ratio casi correcto,11,47,MC sin disponibilidad,0.5,46,1
M1 ratio casi correcto,11,47,MC sin disponibilidad,0.6,46,1
M1 ratio casi correcto,11,47,MC sin disponibilidad,0.7,47,0
M1 ratio casi correcto,11,47,MC sin disponibilidad,0.8,48,0
M1 ratio casi correcto,11,47,MC sin disponibilidad,0.85,48,0
M1 ratio casi correcto,11,47,MC sin disponibilidad,0.9,49,0
M1 ratio casi correcto,11,47,MC sin disponibilidad,0.93,49,0
M1 ratio casi correcto,11,47,MC sin disponibilidad,0.95,49,0
M1 ratio casi correcto,11,47,MC sin disponibilidad,0.97,50,0
M1 ratio casi correcto,11,47,MC sin carga del taller,0.5,44,3
M1 ratio casi correcto,11,47,MC sin carga del taller,0.6,46,1
M1 ratio casi correcto,11,47,MC sin carga del taller,0.7,46,1
M1 ratio casi correcto,11,47,MC sin carga del taller,0.8,47,0
M1 ratio casi correcto,11,47,MC sin carga del taller,0.85,47,0
M1 ratio casi correcto,11,47,MC sin carga del taller,0.9,48,0
M1 ratio casi correcto,11,47,MC sin carga del taller,0.93,48,0
M1 ratio casi correcto,11,47,MC sin carga del taller,0.95,49,0
M1 ratio casi correcto,11,47,MC sin carga del taller,0.97,50,0
M1 ratio casi correcto,11,47,MC con rho = 0,0.5,46,1
M1 ratio casi correcto,11,47,MC con rho = 0,0.6,47,0
M1 ratio casi correcto,11,47,MC con rho = 0,0.7,47,0
M1 ratio casi correcto,11,47,MC con rho = 0,0.8,48,0
M1 ratio casi correcto,11,47,MC con rho = 0,0.85,48,0
M1 ratio casi correcto,11,47,MC con rho = 0,0.9,49,0
M1 ratio casi correcto,11,47,MC con rho = 0,0.93,49,0
M1 ratio casi correcto,11,47,MC con rho = 0,0.95,50,0
M1 ratio casi correcto,11,47,MC con rho = 0,0.97,50,0
M1 ratio casi correcto,11,47,MC sin variables (empírico),0.5,44,3
M1 ratio casi correcto,11,47,MC sin variables (empírico),0.6,46,1
M1 ratio casi correcto,11,47,MC sin variables (empírico),0.7,46,1
M1 ratio casi correcto,11,47,MC sin variables (empírico),0.8,47,0
M1 ratio casi correcto,11,47,MC sin variables (empírico),0.85,47,0
M1 ratio casi correcto,11,47,MC sin variables (empírico),0.9,48,0
M1 ratio casi correcto,11,47,MC sin variables (empírico),0.93,48,0
M1 ratio casi correcto,11,47,MC sin variables (empírico),0.95,49,0
M1 ratio casi correcto,11,47,MC sin variables (empírico),0.97,50,0
M1 ratio casi correcto,14,62,A0 criterio del cotizador,0.0,62,0
M1 ratio casi correcto,14,62,B colchón fijo,0.0,62,0
M1 ratio casi correcto,14,62,B colchón fijo,1.0,63,0
M1 ratio casi correcto,14,62,B colchón fijo,2.0,64,0
M1 ratio casi correcto,14,62,B colchón fijo,3.0,65,0
M1 ratio casi correcto,14,62,B colchón fijo,4.0,67,0
M1 ratio casi correcto,14,62,B colchón fijo,6.0,69,0
M1 ratio casi correcto,14,62,B colchón fijo,8.0,71,0
M1 ratio casi correcto,14,62,B colchón fijo,10.0,74,0
M1 ratio casi correcto,14,62,B colchón fijo,12.0,76,0
M1 ratio casi correcto,14,62,B colchón fijo,15.0,79,0
M1 ratio casi correcto,14,62,MC completo,0.5,64,0
M1 ratio casi correcto,14,62,MC completo,0.6,65,0
M1 ratio casi correcto,14,62,MC completo,0.7,67,0
M1 ratio casi correcto,14,62,MC completo,0.8,68,0
M1 ratio casi correcto,14,62,MC completo,0.85,69,0
M1 ratio casi correcto,14,62,MC completo,0.9,69,0
M1 ratio casi correcto,14,62,MC completo,0.93,70,0
M1 ratio casi correcto,14,62,MC completo,0.95,70,0
M1 ratio casi correcto,14,62,MC completo,0.97,72,0
M1 ratio casi correcto,14,62,MC sin conformal,0.5,64,0
M1 ratio casi correcto,14,62,MC sin conformal,0.6,65,0
M1 ratio casi correcto,14,62,MC sin conformal,0.7,67,0
M1 ratio casi correcto,14,62,MC sin conformal,0.8,68,0
M1 ratio casi correcto,14,62,MC sin conformal,0.85,69,0
M1 ratio casi correcto,14,62,MC sin conformal,0.9,69,0
M1 ratio casi correcto,14,62,MC sin conformal,0.93,70,0
M1 ratio casi correcto,14,62,MC sin conformal,0.95,70,0
M1 ratio casi correcto,14,62,MC sin conformal,0.97,71,0
M1 ratio casi correcto,14,62,MC sin disponibilidad,0.5,64,0
M1 ratio casi correcto,14,62,MC sin disponibilidad,0.6,64,0
M1 ratio casi correcto,14,62,MC sin disponibilidad,0.7,65,0
M1 ratio casi correcto,14,62,MC sin disponibilidad,0.8,67,0
M1 ratio casi correcto,14,62,MC sin disponibilidad,0.85,68,0
M1 ratio casi correcto,14,62,MC sin disponibilidad,0.9,69,0
M1 ratio casi correcto,14,62,MC sin disponibilidad,0.93,69,0
M1 ratio casi correcto,14,62,MC sin disponibilidad,0.95,70,0
M1 ratio casi correcto,14,62,MC sin disponibilidad,0.97,70,0
M1 ratio casi correcto,14,62,MC sin carga del taller,0.5,64,0
M1 ratio casi correcto,14,62,MC sin carga del taller,0.6,65,0
M1 ratio casi correcto,14,62,MC sin carga del taller,0.7,67,0
M1 ratio casi correcto,14,62,MC sin carga del taller,0.8,68,0
M1 ratio casi correcto,14,62,MC sin carga del taller,0.85,69,0
M1 ratio casi correcto,14,62,MC sin carga del taller,0.9,69,0
M1 ratio casi correcto,14,62,MC sin carga del taller,0.93,70,0
M1 ratio casi correcto,14,62,MC sin carga del taller,0.95,70,0
M1 ratio casi correcto,14,62,MC sin carga del taller,0.97,72,0
M1 ratio casi correcto,14,62,MC con rho = 0,0.5,64,0
M1 ratio casi correcto,14,62,MC con rho = 0,0.6,65,0
M1 ratio casi correcto,14,62,MC con rho = 0,0.7,67,0
M1 ratio casi correcto,14,62,MC con rho = 0,0.8,68,0
M1 ratio casi correcto,14,62,MC con rho = 0,0.85,68,0
M1 ratio casi correcto,14,62,MC con rho = 0,0.9,69,0
M1 ratio casi correcto,14,62,MC con rho = 0,0.93,69,0
M1 ratio casi correcto,14,62,MC con rho = 0,0.95,70,0
M1 ratio casi correcto,14,62,MC con rho = 0,0.97,71,0
M1 ratio casi correcto,14,62,MC sin variables (empírico),0.5,64,0
M1 ratio casi correcto,14,62,MC sin variables (empírico),0.6,65,0
M1 ratio casi correcto,14,62,MC sin variables (empírico),0.7,65,0
M1 ratio casi correcto,14,62,MC sin variables (empírico),0.8,68,0
M1 ratio casi correcto,14,62,MC sin variables (empírico),0.85,68,0
M1 ratio casi correcto,14,62,MC sin variables (empírico),0.9,69,0
M1 ratio casi correcto,14,62,MC sin variables (empírico),0.93,70,0
M1 ratio casi correcto,14,62,MC sin variables (empírico),0.95,70,0
M1 ratio casi correcto,14,62,MC sin variables (empírico),0.97,71,0
M1 ratio casi correcto,10,52,A0 criterio del cotizador,0.0,52,0
M1 ratio casi correcto,10,52,B colchón fijo,0.0,49,3
M1 ratio casi correcto,10,52,B colchón fijo,1.0,50,2
M1 ratio casi correcto,10,52,B colchón fijo,2.0,51,1
M1 ratio casi correcto,10,52,B colchón fijo,3.0,53,0
M1 ratio casi correcto,10,52,B colchón fijo,4.0,54,0
M1 ratio casi correcto,10,52,B colchón fijo,6.0,56,0
M1 ratio casi correcto,10,52,B colchón fijo,8.0,58,0
M1 ratio casi correcto,10,52,B colchón fijo,10.0,61,0
M1 ratio casi correcto,10,52,B colchón fijo,12.0,63,0
M1 ratio casi correcto,10,52,B colchón fijo,15.0,67,0
M1 ratio casi correcto,10,52,MC completo,0.5,49,3
M1 ratio casi correcto,10,52,MC completo,0.6,50,2
M1 ratio casi correcto,10,52,MC completo,0.7,50,2
M1 ratio casi correcto,10,52,MC completo,0.8,51,1
M1 ratio casi correcto,10,52,MC completo,0.85,51,1
M1 ratio casi correcto,10,52,MC completo,0.9,53,0
M1 ratio casi correcto,10,52,MC completo,0.93,54,0
M1 ratio casi correcto,10,52,MC completo,0.95,54,0
M1 ratio casi correcto,10,52,MC completo,0.97,55,0
M1 ratio casi correcto,10,52,MC sin conformal,0.5,49,3
M1 ratio casi correcto,10,52,MC sin conformal,0.6,50,2
M1 ratio casi correcto,10,52,MC sin conformal,0.7,50,2
M1 ratio casi correcto,10,52,MC sin conformal,0.8,51,1
M1 ratio casi correcto,10,52,MC sin conformal,0.85,51,1
M1 ratio casi correcto,10,52,MC sin conformal,0.9,53,0
M1 ratio casi correcto,10,52,MC sin conformal,0.93,54,0
M1 ratio casi correcto,10,52,MC sin conformal,0.95,54,0
M1 ratio casi correcto,10,52,MC sin conformal,0.97,55,0
M1 ratio casi correcto,10,52,MC sin disponibilidad,0.5,49,3
M1 ratio casi correcto,10,52,MC sin disponibilidad,0.6,49,3
M1 ratio casi correcto,10,52,MC sin disponibilidad,0.7,50,2
M1 ratio casi correcto,10,52,MC sin disponibilidad,0.8,51,1
M1 ratio casi correcto,10,52,MC sin disponibilidad,0.85,51,1
M1 ratio casi correcto,10,52,MC sin disponibilidad,0.9,53,0
M1 ratio casi correcto,10,52,MC sin disponibilidad,0.93,53,0
M1 ratio casi correcto,10,52,MC sin disponibilidad,0.95,54,0
M1 ratio casi correcto,10,52,MC sin disponibilidad,0.97,54,0
M1 ratio casi correcto,10,52,MC sin carga del taller,0.5,48,4
M1 ratio casi correcto,10,52,MC sin carga del taller,0.6,49,3
M1 ratio casi correcto,10,52,MC sin carga del taller,0.7,49,3
M1 ratio casi correcto,10,52,MC sin carga del taller,0.8,50,2
M1 ratio casi correcto,10,52,MC sin carga del taller,0.85,51,1
M1 ratio casi correcto,10,52,MC sin carga del taller,0.9,51,1
M1 ratio casi correcto,10,52,MC sin carga del taller,0.93,53,0
M1 ratio casi correcto,10,52,MC sin carga del taller,0.95,53,0
M1 ratio casi correcto,10,52,MC sin carga del taller,0.97,54,0
M1 ratio casi correcto,10,52,MC con rho = 0,0.5,49,3
M1 ratio casi correcto,10,52,MC con rho = 0,0.6,50,2
M1 ratio casi correcto,10,52,MC con rho = 0,0.7,50,2
M1 ratio casi correcto,10,52,MC con rho = 0,0.8,51,1
M1 ratio casi correcto,10,52,MC con rho = 0,0.85,51,1
M1 ratio casi correcto,10,52,MC con rho = 0,0.9,53,0
M1 ratio casi correcto,10,52,MC con rho = 0,0.93,53,0
M1 ratio casi correcto,10,52,MC con rho = 0,0.95,54,0
M1 ratio casi correcto,10,52,MC con rho = 0,0.97,55,0
M1 ratio casi correcto,10,52,MC sin variables (empírico),0.5,48,4
M1 ratio casi correcto,10,52,MC sin variables (empírico),0.6,49,3
M1 ratio casi correcto,10,52,MC sin variables (empírico),0.7,49,3
M1 ratio casi correcto,10,52,MC sin variables (empírico),0.8,50,2
M1 ratio casi correcto,10,52,MC sin variables (empírico),0.85,50,2
M1 ratio casi correcto,10,52,MC sin variables (empírico),0.9,51,1
M1 ratio casi correcto,10,52,MC sin variables (empírico),0.93,51,1
M1 ratio casi correcto,10,52,MC sin variables (empírico),0.95,53,0
M1 ratio casi correcto,10,52,MC sin variables (empírico),0.97,54,0
M1 ratio casi correcto,12,66,A0 criterio del cotizador,0.0,66,4
M1 ratio casi correcto,12,66,B colchón fijo,0.0,68,2
M1 ratio casi correcto,12,66,B colchón fijo,1.0,69,1
M1 ratio casi correcto,12,66,B colchón fijo,2.0,70,0
M1 ratio casi correcto,12,66,B colchón fijo,3.0,72,0
M1 ratio casi correcto,12,66,B colchón fijo,4.0,73,0
M1 ratio casi correcto,12,66,B colchón fijo,6.0,75,0
M1 ratio casi correcto,12,66,B colchón fijo,8.0,77,0
M1 ratio casi correcto,12,66,B colchón fijo,10.0,80,0
M1 ratio casi correcto,12,66,B colchón fijo,12.0,82,0
M1 ratio casi correcto,12,66,B colchón fijo,15.0,86,0
M1 ratio casi correcto,12,66,MC completo,0.5,68,2
M1 ratio casi correcto,12,66,MC completo,0.6,69,1
M1 ratio casi correcto,12,66,MC completo,0.7,70,0
M1 ratio casi correcto,12,66,MC completo,0.8,72,0
M1 ratio casi correcto,12,66,MC completo,0.85,72,0
M1 ratio casi correcto,12,66,MC completo,0.9,73,0
M1 ratio casi correcto,12,66,MC completo,0.93,74,0
M1 ratio casi correcto,12,66,MC completo,0.95,74,0
M1 ratio casi correcto,12,66,MC completo,0.97,75,0
M1 ratio casi correcto,12,66,MC sin conformal,0.5,68,2
M1 ratio casi correcto,12,66,MC sin conformal,0.6,69,1
M1 ratio casi correcto,12,66,MC sin conformal,0.7,70,0
M1 ratio casi correcto,12,66,MC sin conformal,0.8,72,0
M1 ratio casi correcto,12,66,MC sin conformal,0.85,72,0
M1 ratio casi correcto,12,66,MC sin conformal,0.9,73,0
M1 ratio casi correcto,12,66,MC sin conformal,0.93,74,0
M1 ratio casi correcto,12,66,MC sin conformal,0.95,74,0
M1 ratio casi correcto,12,66,MC sin conformal,0.97,74,0
M1 ratio casi correcto,12,66,MC sin disponibilidad,0.5,67,3
M1 ratio casi correcto,12,66,MC sin disponibilidad,0.6,68,2
M1 ratio casi correcto,12,66,MC sin disponibilidad,0.7,69,1
M1 ratio casi correcto,12,66,MC sin disponibilidad,0.8,70,0
M1 ratio casi correcto,12,66,MC sin disponibilidad,0.85,70,0
M1 ratio casi correcto,12,66,MC sin disponibilidad,0.9,72,0
M1 ratio casi correcto,12,66,MC sin disponibilidad,0.93,72,0
M1 ratio casi correcto,12,66,MC sin disponibilidad,0.95,73,0
M1 ratio casi correcto,12,66,MC sin disponibilidad,0.97,74,0
M1 ratio casi correcto,12,66,MC sin carga del taller,0.5,65,5
M1 ratio casi correcto,12,66,MC sin carga del taller,0.6,66,4
M1 ratio casi correcto,12,66,MC sin carga del taller,0.7,66,4
M1 ratio casi correcto,12,66,MC sin carga del taller,0.8,67,3
M1 ratio casi correcto,12,66,MC sin carga del taller,0.85,68,2
M1 ratio casi correcto,12,66,MC sin carga del taller,0.9,69,1
M1 ratio casi correcto,12,66,MC sin carga del taller,0.93,69,1
M1 ratio casi correcto,12,66,MC sin carga del taller,0.95,70,0
M1 ratio casi correcto,12,66,MC sin carga del taller,0.97,72,0
M1 ratio casi correcto,12,66,MC con rho = 0,0.5,68,2
M1 ratio casi correcto,12,66,MC con rho = 0,0.6,69,1
M1 ratio casi correcto,12,66,MC con rho = 0,0.7,70,0
M1 ratio casi correcto,12,66,MC con rho = 0,0.8,72,0
M1 ratio casi correcto,12,66,MC con rho = 0,0.85,72,0
M1 ratio casi correcto,12,66,MC con rho = 0,0.9,73,0
M1 ratio casi correcto,12,66,MC con rho = 0,0.93,73,0
M1 ratio casi correcto,12,66,MC con rho = 0,0.95,74,0
M1 ratio casi correcto,12,66,MC con rho = 0,0.97,75,0
M1 ratio casi correcto,12,66,MC sin variables (empírico),0.5,69,1
M1 ratio casi correcto,12,66,MC sin variables (empírico),0.6,69,1
M1 ratio casi correcto,12,66,MC sin variables (empírico),0.7,70,0
M1 ratio casi correcto,12,66,MC sin variables (empírico),0.8,72,0
M1 ratio casi correcto,12,66,MC sin variables (empírico),0.85,73,0
M1 ratio casi correcto,12,66,MC sin variables (empírico),0.9,74,0
M1 ratio casi correcto,12,66,MC sin variables (empírico),0.93,74,0
M1 ratio casi correcto,12,66,MC sin variables (empírico),0.95,75,0
M1 ratio casi correcto,12,66,MC sin variables (empírico),0.97,75,0
M1 ratio casi correcto,15,76,A0 criterio del cotizador,0.0,76,0
M1 ratio casi correcto,15,76,B colchón fijo,0.0,73,1
M1 ratio casi correcto,15,76,B colchón fijo,1.0,74,0
M1 ratio casi correcto,15,76,B colchón fijo,2.0,75,0
M1 ratio casi correcto,15,76,B colchón fijo,3.0,76,0
M1 ratio casi correcto,15,76,B colchón fijo,4.0,77,0
M1 ratio casi correcto,15,76,B colchón fijo,6.0,80,0
M1 ratio casi correcto,15,76,B colchón fijo,8.0,82,0
M1 ratio casi correcto,15,76,B colchón fijo,10.0,84,0
M1 ratio casi correcto,15,76,B colchón fijo,12.0,87,0
M1 ratio casi correcto,15,76,B colchón fijo,15.0,90,0
M1 ratio casi correcto,15,76,MC completo,0.5,74,0
M1 ratio casi correcto,15,76,MC completo,0.6,74,0
M1 ratio casi correcto,15,76,MC completo,0.7,76,0
M1 ratio casi correcto,15,76,MC completo,0.8,77,0
M1 ratio casi correcto,15,76,MC completo,0.85,77,0
M1 ratio casi correcto,15,76,MC completo,0.9,80,0
M1 ratio casi correcto,15,76,MC completo,0.93,80,0
M1 ratio casi correcto,15,76,MC completo,0.95,81,0
M1 ratio casi correcto,15,76,MC completo,0.97,82,0
M1 ratio casi correcto,15,76,MC sin conformal,0.5,74,0
M1 ratio casi correcto,15,76,MC sin conformal,0.6,74,0
M1 ratio casi correcto,15,76,MC sin conformal,0.7,75,0
M1 ratio casi correcto,15,76,MC sin conformal,0.8,77,0
M1 ratio casi correcto,15,76,MC sin conformal,0.85,77,0
M1 ratio casi correcto,15,76,MC sin conformal,0.9,78,0
M1 ratio casi correcto,15,76,MC sin conformal,0.93,80,0
M1 ratio casi correcto,15,76,MC sin conformal,0.95,81,0
M1 ratio casi correcto,15,76,MC sin conformal,0.97,82,0
M1 ratio casi correcto,15,76,MC sin disponibilidad,0.5,73,1
M1 ratio casi correcto,15,76,MC sin disponibilidad,0.6,74,0
M1 ratio casi correcto,15,76,MC sin disponibilidad,0.7,75,0
M1 ratio casi correcto,15,76,MC sin disponibilidad,0.8,76,0
M1 ratio casi correcto,15,76,MC sin disponibilidad,0.85,77,0
M1 ratio casi correcto,15,76,MC sin disponibilidad,0.9,78,0
M1 ratio casi correcto,15,76,MC sin disponibilidad,0.93,78,0
M1 ratio casi correcto,15,76,MC sin disponibilidad,0.95,80,0
M1 ratio casi correcto,15,76,MC sin disponibilidad,0.97,81,0
M1 ratio casi correcto,15,76,MC sin carga del taller,0.5,74,0
M1 ratio casi correcto,15,76,MC sin carga del taller,0.6,74,0
M1 ratio casi correcto,15,76,MC sin carga del taller,0.7,76,0
M1 ratio casi correcto,15,76,MC sin carga del taller,0.8,77,0
M1 ratio casi correcto,15,76,MC sin carga del taller,0.85,77,0
M1 ratio casi correcto,15,76,MC sin carga del taller,0.9,80,0
M1 ratio casi correcto,15,76,MC sin carga del taller,0.93,80,0
M1 ratio casi correcto,15,76,MC sin carga del taller,0.95,81,0
M1 ratio casi correcto,15,76,MC sin carga del taller,0.97,82,0
M1 ratio casi correcto,15,76,MC con rho = 0,0.5,74,0
M1 ratio casi correcto,15,76,MC con rho = 0,0.6,75,0
M1 ratio casi correcto,15,76,MC con rho = 0,0.7,75,0
M1 ratio casi correcto,15,76,MC con rho = 0,0.8,76,0
M1 ratio casi correcto,15,76,MC con rho = 0,0.85,77,0
M1 ratio casi correcto,15,76,MC con rho = 0,0.9,78,0
M1 ratio casi correcto,15,76,MC con rho = 0,0.93,80,0
M1 ratio casi correcto,15,76,MC con rho = 0,0.95,81,0
M1 ratio casi correcto,15,76,MC con rho = 0,0.97,82,0
M1 ratio casi correcto,15,76,MC sin variables (empírico),0.5,71,3
M1 ratio casi correcto,15,76,MC sin variables (empírico),0.6,73,1
M1 ratio casi correcto,15,76,MC sin variables (empírico),0.7,74,0
M1 ratio casi correcto,15,76,MC sin variables (empírico),0.8,75,0
M1 ratio casi correcto,15,76,MC sin variables (empírico),0.85,76,0
M1 ratio casi correcto,15,76,MC sin variables (empírico),0.9,77,0
M1 ratio casi correcto,15,76,MC sin variables (empírico),0.93,78,0
M1 ratio casi correcto,15,76,MC sin variables (empírico),0.95,80,0
M1 ratio casi correcto,15,76,MC sin variables (empírico),0.97,81,0
M1 ratio casi correcto,19,57,A0 criterio del cotizador,0.0,57,8
M1 ratio casi correcto,19,57,B colchón fijo,0.0,58,7
M1 ratio casi correcto,19,57,B colchón fijo,1.0,59,6
M1 ratio casi correcto,19,57,B colchón fijo,2.0,61,4
M1 ratio casi correcto,19,57,B colchón fijo,3.0,62,3
M1 ratio casi correcto,19,57,B colchón fijo,4.0,63,2
M1 ratio casi correcto,19,57,B colchón fijo,6.0,65,0
M1 ratio casi correcto,19,57,B colchón fijo,8.0,68,0
M1 ratio casi correcto,19,57,B colchón fijo,10.0,70,0
M1 ratio casi correcto,19,57,B colchón fijo,12.0,72,0
M1 ratio casi correcto,19,57,B colchón fijo,15.0,76,0
M1 ratio casi correcto,19,57,MC completo,0.5,58,7
M1 ratio casi correcto,19,57,MC completo,0.6,59,6
M1 ratio casi correcto,19,57,MC completo,0.7,59,6
M1 ratio casi correcto,19,57,MC completo,0.8,61,4
M1 ratio casi correcto,19,57,MC completo,0.85,62,3
M1 ratio casi correcto,19,57,MC completo,0.9,63,2
M1 ratio casi correcto,19,57,MC completo,0.93,63,2
M1 ratio casi correcto,19,57,MC completo,0.95,64,1
M1 ratio casi correcto,19,57,MC completo,0.97,64,1
M1 ratio casi correcto,19,57,MC sin conformal,0.5,58,7
M1 ratio casi correcto,19,57,MC sin conformal,0.6,58,7
M1 ratio casi correcto,19,57,MC sin conformal,0.7,59,6
M1 ratio casi correcto,19,57,MC sin conformal,0.8,61,4
M1 ratio casi correcto,19,57,MC sin conformal,0.85,62,3
M1 ratio casi correcto,19,57,MC sin conformal,0.9,62,3
M1 ratio casi correcto,19,57,MC sin conformal,0.93,63,2
M1 ratio casi correcto,19,57,MC sin conformal,0.95,64,1
M1 ratio casi correcto,19,57,MC sin conformal,0.97,64,1
M1 ratio casi correcto,19,57,MC sin disponibilidad,0.5,58,7
M1 ratio casi correcto,19,57,MC sin disponibilidad,0.6,58,7
M1 ratio casi correcto,19,57,MC sin disponibilidad,0.7,59,6
M1 ratio casi correcto,19,57,MC sin disponibilidad,0.8,61,4
M1 ratio casi correcto,19,57,MC sin disponibilidad,0.85,61,4
M1 ratio casi correcto,19,57,MC sin disponibilidad,0.9,62,3
M1 ratio casi correcto,19,57,MC sin disponibilidad,0.93,63,2
M1 ratio casi correcto,19,57,MC sin disponibilidad,0.95,63,2
M1 ratio casi correcto,19,57,MC sin disponibilidad,0.97,64,1
M1 ratio casi correcto,19,57,MC sin carga del taller,0.5,58,7
M1 ratio casi correcto,19,57,MC sin carga del taller,0.6,59,6
M1 ratio casi correcto,19,57,MC sin carga del taller,0.7,59,6
M1 ratio casi correcto,19,57,MC sin carga del taller,0.8,61,4
M1 ratio casi correcto,19,57,MC sin carga del taller,0.85,62,3
M1 ratio casi correcto,19,57,MC sin carga del taller,0.9,63,2
M1 ratio casi correcto,19,57,MC sin carga del taller,0.93,63,2
M1 ratio casi correcto,19,57,MC sin carga del taller,0.95,64,1
M1 ratio casi correcto,19,57,MC sin carga del taller,0.97,64,1
M1 ratio casi correcto,19,57,MC con rho = 0,0.5,58,7
M1 ratio casi correcto,19,57,MC con rho = 0,0.6,58,7
M1 ratio casi correcto,19,57,MC con rho = 0,0.7,59,6
M1 ratio casi correcto,19,57,MC con rho = 0,0.8,61,4
M1 ratio casi correcto,19,57,MC con rho = 0,0.85,61,4
M1 ratio casi correcto,19,57,MC con rho = 0,0.9,62,3
M1 ratio casi correcto,19,57,MC con rho = 0,0.93,62,3
M1 ratio casi correcto,19,57,MC con rho = 0,0.95,63,2
M1 ratio casi correcto,19,57,MC con rho = 0,0.97,64,1
M1 ratio casi correcto,19,57,MC sin variables (empírico),0.5,57,8
M1 ratio casi correcto,19,57,MC sin variables (empírico),0.6,58,7
M1 ratio casi correcto,19,57,MC sin variables (empírico),0.7,59,6
M1 ratio casi correcto,19,57,MC sin variables (empírico),0.8,61,4
M1 ratio casi correcto,19,57,MC sin variables (empírico),0.85,61,4
M1 ratio casi correcto,19,57,MC sin variables (empírico),0.9,62,3
M1 ratio casi correcto,19,57,MC sin variables (empírico),0.93,62,3
M1 ratio casi correcto,19,57,MC sin variables (empírico),0.95,63,2
M1 ratio casi correcto,19,57,MC sin variables (empírico),0.97,64,1
M1 ratio casi correcto,17,58,A0 criterio del cotizador,0.0,58,0
M1 ratio casi correcto,17,58,B colchón fijo,0.0,50,8
M1 ratio casi correcto,17,58,B colchón fijo,1.0,51,7
M1 ratio casi correcto,17,58,B colchón fijo,2.0,52,6
M1 ratio casi correcto,17,58,B colchón fijo,3.0,53,5
M1 ratio casi correcto,17,58,B colchón fijo,4.0,55,3
M1 ratio casi correcto,17,58,B colchón fijo,6.0,57,1
M1 ratio casi correcto,17,58,B colchón fijo,8.0,59,0
M1 ratio casi correcto,17,58,B colchón fijo,10.0,62,0
M1 ratio casi correcto,17,58,B colchón fijo,12.0,64,0
M1 ratio casi correcto,17,58,B colchón fijo,15.0,67,0
M1 ratio casi correcto,17,58,MC completo,0.5,51,7
M1 ratio casi correcto,17,58,MC completo,0.6,51,7
M1 ratio casi correcto,17,58,MC completo,0.7,52,6
M1 ratio casi correcto,17,58,MC completo,0.8,53,5
M1 ratio casi correcto,17,58,MC completo,0.85,53,5
M1 ratio casi correcto,17,58,MC completo,0.9,55,3
M1 ratio casi correcto,17,58,MC completo,0.93,55,3
M1 ratio casi correcto,17,58,MC completo,0.95,56,2
M1 ratio casi correcto,17,58,MC completo,0.97,57,1
M1 ratio casi correcto,17,58,MC sin conformal,0.5,51,7
M1 ratio casi correcto,17,58,MC sin conformal,0.6,51,7
M1 ratio casi correcto,17,58,MC sin conformal,0.7,52,6
M1 ratio casi correcto,17,58,MC sin conformal,0.8,53,5
M1 ratio casi correcto,17,58,MC sin conformal,0.85,53,5
M1 ratio casi correcto,17,58,MC sin conformal,0.9,55,3
M1 ratio casi correcto,17,58,MC sin conformal,0.93,55,3
M1 ratio casi correcto,17,58,MC sin conformal,0.95,56,2
M1 ratio casi correcto,17,58,MC sin conformal,0.97,56,2
M1 ratio casi correcto,17,58,MC sin disponibilidad,0.5,50,8
M1 ratio casi correcto,17,58,MC sin disponibilidad,0.6,51,7
M1 ratio casi correcto,17,58,MC sin disponibilidad,0.7,52,6
M1 ratio casi correcto,17,58,MC sin disponibilidad,0.8,52,6
M1 ratio casi correcto,17,58,MC sin disponibilidad,0.85,53,5
M1 ratio casi correcto,17,58,MC sin disponibilidad,0.9,53,5
M1 ratio casi correcto,17,58,MC sin disponibilidad,0.93,55,3
M1 ratio casi correcto,17,58,MC sin disponibilidad,0.95,55,3
M1 ratio casi correcto,17,58,MC sin disponibilidad,0.97,56,2
M1 ratio casi correcto,17,58,MC sin carga del taller,0.5,51,7
M1 ratio casi correcto,17,58,MC sin carga del taller,0.6,51,7
M1 ratio casi correcto,17,58,MC sin carga del taller,0.7,52,6
M1 ratio casi correcto,17,58,MC sin carga del taller,0.8,53,5
M1 ratio casi correcto,17,58,MC sin carga del taller,0.85,53,5
M1 ratio casi correcto,17,58,MC sin carga del taller,0.9,55,3
M1 ratio casi correcto,17,58,MC sin carga del taller,0.93,55,3
M1 ratio casi correcto,17,58,MC sin carga del taller,0.95,56,2
M1 ratio casi correcto,17,58,MC sin carga del taller,0.97,57,1
M1 ratio casi correcto,17,58,MC con rho = 0,0.5,51,7
M1 ratio casi correcto,17,58,MC con rho = 0,0.6,51,7
M1 ratio casi correcto,17,58,MC con rho = 0,0.7,52,6
M1 ratio casi correcto,17,58,MC con rho = 0,0.8,52,6
M1 ratio casi correcto,17,58,MC con rho = 0,0.85,53,5
M1 ratio casi correcto,17,58,MC con rho = 0,0.9,55,3
M1 ratio casi correcto,17,58,MC con rho = 0,0.93,55,3
M1 ratio casi correcto,17,58,MC con rho = 0,0.95,55,3
M1 ratio casi correcto,17,58,MC con rho = 0,0.97,56,2
M1 ratio casi correcto,17,58,MC sin variables (empírico),0.5,51,7
M1 ratio casi correcto,17,58,MC sin variables (empírico),0.6,51,7
M1 ratio casi correcto,17,58,MC sin variables (empírico),0.7,52,6
M1 ratio casi correcto,17,58,MC sin variables (empírico),0.8,53,5
M1 ratio casi correcto,17,58,MC sin variables (empírico),0.85,53,5
M1 ratio casi correcto,17,58,MC sin variables (empírico),0.9,55,3
M1 ratio casi correcto,17,58,MC sin variables (empírico),0.93,55,3
M1 ratio casi correcto,17,58,MC sin variables (empírico),0.95,55,3
M1 ratio casi correcto,17,58,MC sin variables (empírico),0.97,56,2
M1 ratio casi correcto,16,57,A0 criterio del cotizador,0.0,57,0
M1 ratio casi correcto,16,57,B colchón fijo,0.0,60,0
M1 ratio casi correcto,16,57,B colchón fijo,1.0,61,0
M1 ratio casi correcto,16,57,B colchón fijo,2.0,62,0
M1 ratio casi correcto,16,57,B colchón fijo,3.0,63,0
M1 ratio casi correcto,16,57,B colchón fijo,4.0,65,0
M1 ratio casi correcto,16,57,B colchón fijo,6.0,67,0
M1 ratio casi correcto,16,57,B colchón fijo,8.0,69,0
M1 ratio casi correcto,16,57,B colchón fijo,10.0,72,0
M1 ratio casi correcto,16,57,B colchón fijo,12.0,74,0
M1 ratio casi correcto,16,57,B colchón fijo,15.0,77,0
M1 ratio casi correcto,16,57,MC completo,0.5,60,0
M1 ratio casi correcto,16,57,MC completo,0.6,61,0
M1 ratio casi correcto,16,57,MC completo,0.7,62,0
M1 ratio casi correcto,16,57,MC completo,0.8,63,0
M1 ratio casi correcto,16,57,MC completo,0.85,63,0
M1 ratio casi correcto,16,57,MC completo,0.9,65,0
M1 ratio casi correcto,16,57,MC completo,0.93,66,0
M1 ratio casi correcto,16,57,MC completo,0.95,67,0
M1 ratio casi correcto,16,57,MC completo,0.97,68,0
M1 ratio casi correcto,16,57,MC sin conformal,0.5,60,0
M1 ratio casi correcto,16,57,MC sin conformal,0.6,61,0
M1 ratio casi correcto,16,57,MC sin conformal,0.7,62,0
M1 ratio casi correcto,16,57,MC sin conformal,0.8,63,0
M1 ratio casi correcto,16,57,MC sin conformal,0.85,63,0
M1 ratio casi correcto,16,57,MC sin conformal,0.9,65,0
M1 ratio casi correcto,16,57,MC sin conformal,0.93,66,0
M1 ratio casi correcto,16,57,MC sin conformal,0.95,67,0
M1 ratio casi correcto,16,57,MC sin conformal,0.97,67,0
M1 ratio casi correcto,16,57,MC sin disponibilidad,0.5,60,0
M1 ratio casi correcto,16,57,MC sin disponibilidad,0.6,61,0
M1 ratio casi correcto,16,57,MC sin disponibilidad,0.7,61,0
M1 ratio casi correcto,16,57,MC sin disponibilidad,0.8,62,0
M1 ratio casi correcto,16,57,MC sin disponibilidad,0.85,63,0
M1 ratio casi correcto,16,57,MC sin disponibilidad,0.9,63,0
M1 ratio casi correcto,16,57,MC sin disponibilidad,0.93,65,0
M1 ratio casi correcto,16,57,MC sin disponibilidad,0.95,65,0
M1 ratio casi correcto,16,57,MC sin disponibilidad,0.97,66,0
M1 ratio casi correcto,16,57,MC sin carga del taller,0.5,59,0
M1 ratio casi correcto,16,57,MC sin carga del taller,0.6,60,0
M1 ratio casi correcto,16,57,MC sin carga del taller,0.7,61,0
M1 ratio casi correcto,16,57,MC sin carga del taller,0.8,62,0
M1 ratio casi correcto,16,57,MC sin carga del taller,0.85,62,0
M1 ratio casi correcto,16,57,MC sin carga del taller,0.9,63,0
M1 ratio casi correcto,16,57,MC sin carga del taller,0.93,65,0
M1 ratio casi correcto,16,57,MC sin carga del taller,0.95,65,0
M1 ratio casi correcto,16,57,MC sin carga del taller,0.97,66,0
M1 ratio casi correcto,16,57,MC con rho = 0,0.5,60,0
M1 ratio casi correcto,16,57,MC con rho = 0,0.6,61,0
M1 ratio casi correcto,16,57,MC con rho = 0,0.7,62,0
M1 ratio casi correcto,16,57,MC con rho = 0,0.8,63,0
M1 ratio casi correcto,16,57,MC con rho = 0,0.85,63,0
M1 ratio casi correcto,16,57,MC con rho = 0,0.9,65,0
M1 ratio casi correcto,16,57,MC con rho = 0,0.93,66,0
M1 ratio casi correcto,16,57,MC con rho = 0,0.95,66,0
M1 ratio casi correcto,16,57,MC con rho = 0,0.97,67,0
M1 ratio casi correcto,16,57,MC sin variables (empírico),0.5,59,0
M1 ratio casi correcto,16,57,MC sin variables (empírico),0.6,60,0
M1 ratio casi correcto,16,57,MC sin variables (empírico),0.7,61,0
M1 ratio casi correcto,16,57,MC sin variables (empírico),0.8,62,0
M1 ratio casi correcto,16,57,MC sin variables (empírico),0.85,62,0
M1 ratio casi correcto,16,57,MC sin variables (empírico),0.9,63,0
M1 ratio casi correcto,16,57,MC sin variables (empírico),0.93,65,0
M1 ratio casi correcto,16,57,MC sin variables (empírico),0.95,66,0
M1 ratio casi correcto,16,57,MC sin variables (empírico),0.97,66,0
M1 ratio casi correcto,18,87,A0 criterio del cotizador,0.0,87,0
M1 ratio casi correcto,18,87,B colchón fijo,0.0,91,0
M1 ratio casi correcto,18,87,B colchón fijo,1.0,92,0
M1 ratio casi correcto,18,87,B colchón fijo,2.0,94,0
M1 ratio casi correcto,18,87,B colchón fijo,3.0,95,0
M1 ratio casi correcto,18,87,B colchón fijo,4.0,96,0
M1 ratio casi correcto,18,87,B colchón fijo,6.0,98,0
M1 ratio casi correcto,18,87,B colchón fijo,8.0,101,0
M1 ratio casi correcto,18,87,B colchón fijo,10.0,103,0
M1 ratio casi correcto,18,87,B colchón fijo,12.0,105,0
M1 ratio casi correcto,18,87,B colchón fijo,15.0,109,0
M1 ratio casi correcto,18,87,MC completo,0.5,92,0
M1 ratio casi correcto,18,87,MC completo,0.6,94,0
M1 ratio casi correcto,18,87,MC completo,0.7,95,0
M1 ratio casi correcto,18,87,MC completo,0.8,96,0
M1 ratio casi correcto,18,87,MC completo,0.85,97,0
M1 ratio casi correcto,18,87,MC completo,0.9,98,0
M1 ratio casi correcto,18,87,MC completo,0.93,99,0
M1 ratio casi correcto,18,87,MC completo,0.95,101,0
M1 ratio casi correcto,18,87,MC completo,0.97,102,0
M1 ratio casi correcto,18,87,MC sin conformal,0.5,92,0
M1 ratio casi correcto,18,87,MC sin conformal,0.6,94,0
M1 ratio casi correcto,18,87,MC sin conformal,0.7,95,0
M1 ratio casi correcto,18,87,MC sin conformal,0.8,96,0
M1 ratio casi correcto,18,87,MC sin conformal,0.85,97,0
M1 ratio casi correcto,18,87,MC sin conformal,0.9,98,0
M1 ratio casi correcto,18,87,MC sin conformal,0.93,99,0
M1 ratio casi correcto,18,87,MC sin conformal,0.95,101,0
M1 ratio casi correcto,18,87,MC sin conformal,0.97,102,0
M1 ratio casi correcto,18,87,MC sin disponibilidad,0.5,91,0
M1 ratio casi correcto,18,87,MC sin disponibilidad,0.6,92,0
M1 ratio casi correcto,18,87,MC sin disponibilidad,0.7,94,0
M1 ratio casi correcto,18,87,MC sin disponibilidad,0.8,95,0
M1 ratio casi correcto,18,87,MC sin disponibilidad,0.85,96,0
M1 ratio casi correcto,18,87,MC sin disponibilidad,0.9,97,0
M1 ratio casi correcto,18,87,MC sin disponibilidad,0.93,98,0
M1 ratio casi correcto,18,87,MC sin disponibilidad,0.95,98,0
M1 ratio casi correcto,18,87,MC sin disponibilidad,0.97,99,0
M1 ratio casi correcto,18,87,MC sin carga del taller,0.5,92,0
M1 ratio casi correcto,18,87,MC sin carga del taller,0.6,94,0
M1 ratio casi correcto,18,87,MC sin carga del taller,0.7,95,0
M1 ratio casi correcto,18,87,MC sin carga del taller,0.8,96,0
M1 ratio casi correcto,18,87,MC sin carga del taller,0.85,97,0
M1 ratio casi correcto,18,87,MC sin carga del taller,0.9,98,0
M1 ratio casi correcto,18,87,MC sin carga del taller,0.93,99,0
M1 ratio casi correcto,18,87,MC sin carga del taller,0.95,101,0
M1 ratio casi correcto,18,87,MC sin carga del taller,0.97,102,0
M1 ratio casi correcto,18,87,MC con rho = 0,0.5,92,0
M1 ratio casi correcto,18,87,MC con rho = 0,0.6,94,0
M1 ratio casi correcto,18,87,MC con rho = 0,0.7,94,0
M1 ratio casi correcto,18,87,MC con rho = 0,0.8,95,0
M1 ratio casi correcto,18,87,MC con rho = 0,0.85,96,0
M1 ratio casi correcto,18,87,MC con rho = 0,0.9,97,0
M1 ratio casi correcto,18,87,MC con rho = 0,0.93,98,0
M1 ratio casi correcto,18,87,MC con rho = 0,0.95,99,0
M1 ratio casi correcto,18,87,MC con rho = 0,0.97,101,0
M1 ratio casi correcto,18,87,MC sin variables (empírico),0.5,94,0
M1 ratio casi correcto,18,87,MC sin variables (empírico),0.6,95,0
M1 ratio casi correcto,18,87,MC sin variables (empírico),0.7,96,0
M1 ratio casi correcto,18,87,MC sin variables (empírico),0.8,97,0
M1 ratio casi correcto,18,87,MC sin variables (empírico),0.85,98,0
M1 ratio casi correcto,18,87,MC sin variables (empírico),0.9,99,0
M1 ratio casi correcto,18,87,MC sin variables (empírico),0.93,101,0
M1 ratio casi correcto,18,87,MC sin variables (empírico),0.95,102,0
M1 ratio casi correcto,18,87,MC sin variables (empírico),0.97,103,0
M1 ratio casi correcto,20,67,A0 criterio del cotizador,0.0,67,0
M1 ratio casi correcto,20,67,B colchón fijo,0.0,65,2
M1 ratio casi correcto,20,67,B colchón fijo,1.0,66,1
M1 ratio casi correcto,20,67,B colchón fijo,2.0,68,0
M1 ratio casi correcto,20,67,B colchón fijo,3.0,69,0
M1 ratio casi correcto,20,67,B colchón fijo,4.0,70,0
M1 ratio casi correcto,20,67,B colchón fijo,6.0,72,0
M1 ratio casi correcto,20,67,B colchón fijo,8.0,75,0
M1 ratio casi correcto,20,67,B colchón fijo,10.0,77,0
M1 ratio casi correcto,20,67,B colchón fijo,12.0,79,0
M1 ratio casi correcto,20,67,B colchón fijo,15.0,83,0
M1 ratio casi correcto,20,67,MC completo,0.5,66,1
M1 ratio casi correcto,20,67,MC completo,0.6,68,0
M1 ratio casi correcto,20,67,MC completo,0.7,69,0
M1 ratio casi correcto,20,67,MC completo,0.8,69,0
M1 ratio casi correcto,20,67,MC completo,0.85,70,0
M1 ratio casi correcto,20,67,MC completo,0.9,70,0
M1 ratio casi correcto,20,67,MC completo,0.93,71,0
M1 ratio casi correcto,20,67,MC completo,0.95,71,0
M1 ratio casi correcto,20,67,MC completo,0.97,72,0
M1 ratio casi correcto,20,67,MC sin conformal,0.5,66,1
M1 ratio casi correcto,20,67,MC sin conformal,0.6,68,0
M1 ratio casi correcto,20,67,MC sin conformal,0.7,68,0
M1 ratio casi correcto,20,67,MC sin conformal,0.8,69,0
M1 ratio casi correcto,20,67,MC sin conformal,0.85,70,0
M1 ratio casi correcto,20,67,MC sin conformal,0.9,70,0
M1 ratio casi correcto,20,67,MC sin conformal,0.93,71,0
M1 ratio casi correcto,20,67,MC sin conformal,0.95,71,0
M1 ratio casi correcto,20,67,MC sin conformal,0.97,72,0
M1 ratio casi correcto,20,67,MC sin disponibilidad,0.5,66,1
M1 ratio casi correcto,20,67,MC sin disponibilidad,0.6,66,1
M1 ratio casi correcto,20,67,MC sin disponibilidad,0.7,68,0
M1 ratio casi correcto,20,67,MC sin disponibilidad,0.8,69,0
M1 ratio casi correcto,20,67,MC sin disponibilidad,0.85,69,0
M1 ratio casi correcto,20,67,MC sin disponibilidad,0.9,70,0
M1 ratio casi correcto,20,67,MC sin disponibilidad,0.93,70,0
M1 ratio casi correcto,20,67,MC sin disponibilidad,0.95,71,0
M1 ratio casi correcto,20,67,MC sin disponibilidad,0.97,72,0
M1 ratio casi correcto,20,67,MC sin carga del taller,0.5,66,1
M1 ratio casi correcto,20,67,MC sin carga del taller,0.6,68,0
M1 ratio casi correcto,20,67,MC sin carga del taller,0.7,69,0
M1 ratio casi correcto,20,67,MC sin carga del taller,0.8,69,0
M1 ratio casi correcto,20,67,MC sin carga del taller,0.85,70,0
M1 ratio casi correcto,20,67,MC sin carga del taller,0.9,70,0
M1 ratio casi correcto,20,67,MC sin carga del taller,0.93,71,0
M1 ratio casi correcto,20,67,MC sin carga del taller,0.95,71,0
M1 ratio casi correcto,20,67,MC sin carga del taller,0.97,72,0
M1 ratio casi correcto,20,67,MC con rho = 0,0.5,66,1
M1 ratio casi correcto,20,67,MC con rho = 0,0.6,68,0
M1 ratio casi correcto,20,67,MC con rho = 0,0.7,68,0
M1 ratio casi correcto,20,67,MC con rho = 0,0.8,69,0
M1 ratio casi correcto,20,67,MC con rho = 0,0.85,70,0
M1 ratio casi correcto,20,67,MC con rho = 0,0.9,70,0
M1 ratio casi correcto,20,67,MC con rho = 0,0.93,71,0
M1 ratio casi correcto,20,67,MC con rho = 0,0.95,71,0
M1 ratio casi correcto,20,67,MC con rho = 0,0.97,72,0
M1 ratio casi correcto,20,67,MC sin variables (empírico),0.5,66,1
M1 ratio casi correcto,20,67,MC sin variables (empírico),0.6,68,0
M1 ratio casi correcto,20,67,MC sin variables (empírico),0.7,68,0
M1 ratio casi correcto,20,67,MC sin variables (empírico),0.8,69,0
M1 ratio casi correcto,20,67,MC sin variables (empírico),0.85,70,0
M1 ratio casi correcto,20,67,MC sin variables (empírico),0.9,70,0
M1 ratio casi correcto,20,67,MC sin variables (empírico),0.93,71,0
M1 ratio casi correcto,20,67,MC sin variables (empírico),0.95,71,0
M1 ratio casi correcto,20,67,MC sin variables (empírico),0.97,72,0
M1 ratio casi correcto,22,63,A0 criterio del cotizador,0.0,63,4
M1 ratio casi correcto,22,63,B colchón fijo,0.0,66,1
M1 ratio casi correcto,22,63,B colchón fijo,1.0,68,0
M1 ratio casi correcto,22,63,B colchón fijo,2.0,69,0
M1 ratio casi correcto,22,63,B colchón fijo,3.0,70,0
M1 ratio casi correcto,22,63,B colchón fijo,4.0,71,0
M1 ratio casi correcto,22,63,B colchón fijo,6.0,73,0
M1 ratio casi correcto,22,63,B colchón fijo,8.0,76,0
M1 ratio casi correcto,22,63,B colchón fijo,10.0,78,0
M1 ratio casi correcto,22,63,B colchón fijo,12.0,80,0
M1 ratio casi correcto,22,63,B colchón fijo,15.0,84,0
M1 ratio casi correcto,22,63,MC completo,0.5,68,0
M1 ratio casi correcto,22,63,MC completo,0.6,68,0
M1 ratio casi correcto,22,63,MC completo,0.7,69,0
M1 ratio casi correcto,22,63,MC completo,0.8,70,0
M1 ratio casi correcto,22,63,MC completo,0.85,71,0
M1 ratio casi correcto,22,63,MC completo,0.9,72,0
M1 ratio casi correcto,22,63,MC completo,0.93,72,0
M1 ratio casi correcto,22,63,MC completo,0.95,73,0
M1 ratio casi correcto,22,63,MC completo,0.97,73,0
M1 ratio casi correcto,22,63,MC sin conformal,0.5,68,0
M1 ratio casi correcto,22,63,MC sin conformal,0.6,68,0
M1 ratio casi correcto,22,63,MC sin conformal,0.7,69,0
M1 ratio casi correcto,22,63,MC sin conformal,0.8,70,0
M1 ratio casi correcto,22,63,MC sin conformal,0.85,71,0
M1 ratio casi correcto,22,63,MC sin conformal,0.9,71,0
M1 ratio casi correcto,22,63,MC sin conformal,0.93,72,0
M1 ratio casi correcto,22,63,MC sin conformal,0.95,73,0
M1 ratio casi correcto,22,63,MC sin conformal,0.97,73,0
M1 ratio casi correcto,22,63,MC sin disponibilidad,0.5,66,1
M1 ratio casi correcto,22,63,MC sin disponibilidad,0.6,68,0
M1 ratio casi correcto,22,63,MC sin disponibilidad,0.7,69,0
M1 ratio casi correcto,22,63,MC sin disponibilidad,0.8,70,0
M1 ratio casi correcto,22,63,MC sin disponibilidad,0.85,70,0
M1 ratio casi correcto,22,63,MC sin disponibilidad,0.9,71,0
M1 ratio casi correcto,22,63,MC sin disponibilidad,0.93,72,0
M1 ratio casi correcto,22,63,MC sin disponibilidad,0.95,72,0
M1 ratio casi correcto,22,63,MC sin disponibilidad,0.97,73,0
M1 ratio casi correcto,22,63,MC sin carga del taller,0.5,68,0
M1 ratio casi correcto,22,63,MC sin carga del taller,0.6,68,0
M1 ratio casi correcto,22,63,MC sin carga del taller,0.7,69,0
M1 ratio casi correcto,22,63,MC sin carga del taller,0.8,70,0
M1 ratio casi correcto,22,63,MC sin carga del taller,0.85,71,0
M1 ratio casi correcto,22,63,MC sin carga del taller,0.9,72,0
M1 ratio casi correcto,22,63,MC sin carga del taller,0.93,72,0
M1 ratio casi correcto,22,63,MC sin carga del taller,0.95,73,0
M1 ratio casi correcto,22,63,MC sin carga del taller,0.97,73,0
M1 ratio casi correcto,22,63,MC con rho = 0,0.5,66,1
M1 ratio casi correcto,22,63,MC con rho = 0,0.6,68,0
M1 ratio casi correcto,22,63,MC con rho = 0,0.7,69,0
M1 ratio casi correcto,22,63,MC con rho = 0,0.8,70,0
M1 ratio casi correcto,22,63,MC con rho = 0,0.85,70,0
M1 ratio casi correcto,22,63,MC con rho = 0,0.9,71,0
M1 ratio casi correcto,22,63,MC con rho = 0,0.93,72,0
M1 ratio casi correcto,22,63,MC con rho = 0,0.95,72,0
M1 ratio casi correcto,22,63,MC con rho = 0,0.97,73,0
M1 ratio casi correcto,22,63,MC sin variables (empírico),0.5,64,3
M1 ratio casi correcto,22,63,MC sin variables (empírico),0.6,65,2
M1 ratio casi correcto,22,63,MC sin variables (empírico),0.7,66,1
M1 ratio casi correcto,22,63,MC sin variables (empírico),0.8,68,0
M1 ratio casi correcto,22,63,MC sin variables (empírico),0.85,68,0
M1 ratio casi correcto,22,63,MC sin variables (empírico),0.9,69,0
M1 ratio casi correcto,22,63,MC sin variables (empírico),0.93,70,0
M1 ratio casi correcto,22,63,MC sin variables (empírico),0.95,71,0
M1 ratio casi correcto,22,63,MC sin variables (empírico),0.97,71,0
M1 ratio casi correcto,21,83,A0 criterio del cotizador,0.0,83,4
M1 ratio casi correcto,21,83,B colchón fijo,0.0,82,5
M1 ratio casi correcto,21,83,B colchón fijo,1.0,83,4
M1 ratio casi correcto,21,83,B colchón fijo,2.0,84,3
M1 ratio casi correcto,21,83,B colchón fijo,3.0,85,2
M1 ratio casi correcto,21,83,B colchón fijo,4.0,87,0
M1 ratio casi correcto,21,83,B colchón fijo,6.0,89,0
M1 ratio casi correcto,21,83,B colchón fijo,8.0,91,0
M1 ratio casi correcto,21,83,B colchón fijo,10.0,94,0
M1 ratio casi correcto,21,83,B colchón fijo,12.0,96,0
M1 ratio casi correcto,21,83,B colchón fijo,15.0,99,0
M1 ratio casi correcto,21,83,MC completo,0.5,84,3
M1 ratio casi correcto,21,83,MC completo,0.6,85,2
M1 ratio casi correcto,21,83,MC completo,0.7,87,0
M1 ratio casi correcto,21,83,MC completo,0.8,88,0
M1 ratio casi correcto,21,83,MC completo,0.85,89,0
M1 ratio casi correcto,21,83,MC completo,0.9,90,0
M1 ratio casi correcto,21,83,MC completo,0.93,91,0
M1 ratio casi correcto,21,83,MC completo,0.95,92,0
M1 ratio casi correcto,21,83,MC completo,0.97,94,0
M1 ratio casi correcto,21,83,MC sin conformal,0.5,84,3
M1 ratio casi correcto,21,83,MC sin conformal,0.6,85,2
M1 ratio casi correcto,21,83,MC sin conformal,0.7,87,0
M1 ratio casi correcto,21,83,MC sin conformal,0.8,88,0
M1 ratio casi correcto,21,83,MC sin conformal,0.85,88,0
M1 ratio casi correcto,21,83,MC sin conformal,0.9,90,0
M1 ratio casi correcto,21,83,MC sin conformal,0.93,90,0
M1 ratio casi correcto,21,83,MC sin conformal,0.95,91,0
M1 ratio casi correcto,21,83,MC sin conformal,0.97,92,0
M1 ratio casi correcto,21,83,MC sin disponibilidad,0.5,83,4
M1 ratio casi correcto,21,83,MC sin disponibilidad,0.6,84,3
M1 ratio casi correcto,21,83,MC sin disponibilidad,0.7,85,2
M1 ratio casi correcto,21,83,MC sin disponibilidad,0.8,87,0
M1 ratio casi correcto,21,83,MC sin disponibilidad,0.85,88,0
M1 ratio casi correcto,21,83,MC sin disponibilidad,0.9,89,0
M1 ratio casi correcto,21,83,MC sin disponibilidad,0.93,90,0
M1 ratio casi correcto,21,83,MC sin disponibilidad,0.95,91,0
M1 ratio casi correcto,21,83,MC sin disponibilidad,0.97,91,0
M1 ratio casi correcto,21,83,MC sin carga del taller,0.5,84,3
M1 ratio casi correcto,21,83,MC sin carga del taller,0.6,85,2
M1 ratio casi correcto,21,83,MC sin carga del taller,0.7,87,0
M1 ratio casi correcto,21,83,MC sin carga del taller,0.8,88,0
M1 ratio casi correcto,21,83,MC sin carga del taller,0.85,89,0
M1 ratio casi correcto,21,83,MC sin carga del taller,0.9,90,0
M1 ratio casi correcto,21,83,MC sin carga del taller,0.93,91,0
M1 ratio casi correcto,21,83,MC sin carga del taller,0.95,92,0
M1 ratio casi correcto,21,83,MC sin carga del taller,0.97,94,0
M1 ratio casi correcto,21,83,MC con rho = 0,0.5,84,3
M1 ratio casi correcto,21,83,MC con rho = 0,0.6,85,2
M1 ratio casi correcto,21,83,MC con rho = 0,0.7,87,0
M1 ratio casi correcto,21,83,MC con rho = 0,0.8,88,0
M1 ratio casi correcto,21,83,MC con rho = 0,0.85,88,0
M1 ratio casi correcto,21,83,MC con rho = 0,0.9,89,0
M1 ratio casi correcto,21,83,MC con rho = 0,0.93,90,0
M1 ratio casi correcto,21,83,MC con rho = 0,0.95,91,0
M1 ratio casi correcto,21,83,MC con rho = 0,0.97,91,0
M1 ratio casi correcto,21,83,MC sin variables (empírico),0.5,83,4
M1 ratio casi correcto,21,83,MC sin variables (empírico),0.6,84,3
M1 ratio casi correcto,21,83,MC sin variables (empírico),0.7,85,2
M1 ratio casi correcto,21,83,MC sin variables (empírico),0.8,87,0
M1 ratio casi correcto,21,83,MC sin variables (empírico),0.85,88,0
M1 ratio casi correcto,21,83,MC sin variables (empírico),0.9,89,0
M1 ratio casi correcto,21,83,MC sin variables (empírico),0.93,90,0
M1 ratio casi correcto,21,83,MC sin variables (empírico),0.95,90,0
M1 ratio casi correcto,21,83,MC sin variables (empírico),0.97,91,0
M1 ratio casi correcto,24,88,A0 criterio del cotizador,0.0,88,5
M1 ratio casi correcto,24,88,B colchón fijo,0.0,96,0
M1 ratio casi correcto,24,88,B colchón fijo,1.0,98,0
M1 ratio casi correcto,24,88,B colchón fijo,2.0,99,0
M1 ratio casi correcto,24,88,B colchón fijo,3.0,100,0
M1 ratio casi correcto,24,88,B colchón fijo,4.0,101,0
M1 ratio casi correcto,24,88,B colchón fijo,6.0,103,0
M1 ratio casi correcto,24,88,B colchón fijo,8.0,106,0
M1 ratio casi correcto,24,88,B colchón fijo,10.0,108,0
M1 ratio casi correcto,24,88,B colchón fijo,12.0,110,0
M1 ratio casi correcto,24,88,B colchón fijo,15.0,114,0
M1 ratio casi correcto,24,88,MC completo,0.5,100,0
M1 ratio casi correcto,24,88,MC completo,0.6,101,0
M1 ratio casi correcto,24,88,MC completo,0.7,102,0
M1 ratio casi correcto,24,88,MC completo,0.8,105,0
M1 ratio casi correcto,24,88,MC completo,0.85,106,0
M1 ratio casi correcto,24,88,MC completo,0.9,107,0
M1 ratio casi correcto,24,88,MC completo,0.93,108,0
M1 ratio casi correcto,24,88,MC completo,0.95,109,0
M1 ratio casi correcto,24,88,MC completo,0.97,112,0
M1 ratio casi correcto,24,88,MC sin conformal,0.5,100,0
M1 ratio casi correcto,24,88,MC sin conformal,0.6,101,0
M1 ratio casi correcto,24,88,MC sin conformal,0.7,102,0
M1 ratio casi correcto,24,88,MC sin conformal,0.8,103,0
M1 ratio casi correcto,24,88,MC sin conformal,0.85,105,0
M1 ratio casi correcto,24,88,MC sin conformal,0.9,107,0
M1 ratio casi correcto,24,88,MC sin conformal,0.93,107,0
M1 ratio casi correcto,24,88,MC sin conformal,0.95,109,0
M1 ratio casi correcto,24,88,MC sin conformal,0.97,110,0
M1 ratio casi correcto,24,88,MC sin disponibilidad,0.5,99,0
M1 ratio casi correcto,24,88,MC sin disponibilidad,0.6,100,0
M1 ratio casi correcto,24,88,MC sin disponibilidad,0.7,101,0
M1 ratio casi correcto,24,88,MC sin disponibilidad,0.8,103,0
M1 ratio casi correcto,24,88,MC sin disponibilidad,0.85,103,0
M1 ratio casi correcto,24,88,MC sin disponibilidad,0.9,106,0
M1 ratio casi correcto,24,88,MC sin disponibilidad,0.93,106,0
M1 ratio casi correcto,24,88,MC sin disponibilidad,0.95,107,0
M1 ratio casi correcto,24,88,MC sin disponibilidad,0.97,108,0
M1 ratio casi correcto,24,88,MC sin carga del taller,0.5,100,0
M1 ratio casi correcto,24,88,MC sin carga del taller,0.6,101,0
M1 ratio casi correcto,24,88,MC sin carga del taller,0.7,102,0
M1 ratio casi correcto,24,88,MC sin carga del taller,0.8,105,0
M1 ratio casi correcto,24,88,MC sin carga del taller,0.85,106,0
M1 ratio casi correcto,24,88,MC sin carga del taller,0.9,107,0
M1 ratio casi correcto,24,88,MC sin carga del taller,0.93,108,0
M1 ratio casi correcto,24,88,MC sin carga del taller,0.95,109,0
M1 ratio casi correcto,24,88,MC sin carga del taller,0.97,112,0
M1 ratio casi correcto,24,88,MC con rho = 0,0.5,100,0
M1 ratio casi correcto,24,88,MC con rho = 0,0.6,101,0
M1 ratio casi correcto,24,88,MC con rho = 0,0.7,102,0
M1 ratio casi correcto,24,88,MC con rho = 0,0.8,103,0
M1 ratio casi correcto,24,88,MC con rho = 0,0.85,105,0
M1 ratio casi correcto,24,88,MC con rho = 0,0.9,106,0
M1 ratio casi correcto,24,88,MC con rho = 0,0.93,107,0
M1 ratio casi correcto,24,88,MC con rho = 0,0.95,108,0
M1 ratio casi correcto,24,88,MC con rho = 0,0.97,109,0
M1 ratio casi correcto,24,88,MC sin variables (empírico),0.5,101,0
M1 ratio casi correcto,24,88,MC sin variables (empírico),0.6,102,0
M1 ratio casi correcto,24,88,MC sin variables (empírico),0.7,103,0
M1 ratio casi correcto,24,88,MC sin variables (empírico),0.8,105,0
M1 ratio casi correcto,24,88,MC sin variables (empírico),0.85,106,0
M1 ratio casi correcto,24,88,MC sin variables (empírico),0.9,107,0
M1 ratio casi correcto,24,88,MC sin variables (empírico),0.93,108,0
M1 ratio casi correcto,24,88,MC sin variables (empírico),0.95,109,0
M1 ratio casi correcto,24,88,MC sin variables (empírico),0.97,112,0
M1 ratio casi correcto,25,55,A0 criterio del cotizador,0.0,55,0
M1 ratio casi correcto,25,55,B colchón fijo,0.0,55,0
M1 ratio casi correcto,25,55,B colchón fijo,1.0,56,0
M1 ratio casi correcto,25,55,B colchón fijo,2.0,57,0
M1 ratio casi correcto,25,55,B colchón fijo,3.0,58,0
M1 ratio casi correcto,25,55,B colchón fijo,4.0,59,0
M1 ratio casi correcto,25,55,B colchón fijo,6.0,62,0
M1 ratio casi correcto,25,55,B colchón fijo,8.0,64,0
M1 ratio casi correcto,25,55,B colchón fijo,10.0,66,0
M1 ratio casi correcto,25,55,B colchón fijo,12.0,69,0
M1 ratio casi correcto,25,55,B colchón fijo,15.0,72,0
M1 ratio casi correcto,25,55,MC completo,0.5,56,0
M1 ratio casi correcto,25,55,MC completo,0.6,56,0
M1 ratio casi correcto,25,55,MC completo,0.7,57,0
M1 ratio casi correcto,25,55,MC completo,0.8,58,0
M1 ratio casi correcto,25,55,MC completo,0.85,58,0
M1 ratio casi correcto,25,55,MC completo,0.9,59,0
M1 ratio casi correcto,25,55,MC completo,0.93,60,0
M1 ratio casi correcto,25,55,MC completo,0.95,60,0
M1 ratio casi correcto,25,55,MC completo,0.97,62,0
M1 ratio casi correcto,25,55,MC sin conformal,0.5,56,0
M1 ratio casi correcto,25,55,MC sin conformal,0.6,56,0
M1 ratio casi correcto,25,55,MC sin conformal,0.7,57,0
M1 ratio casi correcto,25,55,MC sin conformal,0.8,58,0
M1 ratio casi correcto,25,55,MC sin conformal,0.85,58,0
M1 ratio casi correcto,25,55,MC sin conformal,0.9,59,0
M1 ratio casi correcto,25,55,MC sin conformal,0.93,59,0
M1 ratio casi correcto,25,55,MC sin conformal,0.95,60,0
M1 ratio casi correcto,25,55,MC sin conformal,0.97,62,0
M1 ratio casi correcto,25,55,MC sin disponibilidad,0.5,55,0
M1 ratio casi correcto,25,55,MC sin disponibilidad,0.6,56,0
M1 ratio casi correcto,25,55,MC sin disponibilidad,0.7,57,0
M1 ratio casi correcto,25,55,MC sin disponibilidad,0.8,58,0
M1 ratio casi correcto,25,55,MC sin disponibilidad,0.85,58,0
M1 ratio casi correcto,25,55,MC sin disponibilidad,0.9,59,0
M1 ratio casi correcto,25,55,MC sin disponibilidad,0.93,59,0
M1 ratio casi correcto,25,55,MC sin disponibilidad,0.95,60,0
M1 ratio casi correcto,25,55,MC sin disponibilidad,0.97,60,0
M1 ratio casi correcto,25,55,MC sin carga del taller,0.5,55,0
M1 ratio casi correcto,25,55,MC sin carga del taller,0.6,55,0
M1 ratio casi correcto,25,55,MC sin carga del taller,0.7,56,0
M1 ratio casi correcto,25,55,MC sin carga del taller,0.8,57,0
M1 ratio casi correcto,25,55,MC sin carga del taller,0.85,57,0
M1 ratio casi correcto,25,55,MC sin carga del taller,0.9,58,0
M1 ratio casi correcto,25,55,MC sin carga del taller,0.93,59,0
M1 ratio casi correcto,25,55,MC sin carga del taller,0.95,59,0
M1 ratio casi correcto,25,55,MC sin carga del taller,0.97,60,0
M1 ratio casi correcto,25,55,MC con rho = 0,0.5,56,0
M1 ratio casi correcto,25,55,MC con rho = 0,0.6,56,0
M1 ratio casi correcto,25,55,MC con rho = 0,0.7,57,0
M1 ratio casi correcto,25,55,MC con rho = 0,0.8,58,0
M1 ratio casi correcto,25,55,MC con rho = 0,0.85,58,0
M1 ratio casi correcto,25,55,MC con rho = 0,0.9,59,0
M1 ratio casi correcto,25,55,MC con rho = 0,0.93,59,0
M1 ratio casi correcto,25,55,MC con rho = 0,0.95,60,0
M1 ratio casi correcto,25,55,MC con rho = 0,0.97,62,0
M1 ratio casi correcto,25,55,MC sin variables (empírico),0.5,56,0
M1 ratio casi correcto,25,55,MC sin variables (empírico),0.6,57,0
M1 ratio casi correcto,25,55,MC sin variables (empírico),0.7,57,0
M1 ratio casi correcto,25,55,MC sin variables (empírico),0.8,58,0
M1 ratio casi correcto,25,55,MC sin variables (empírico),0.85,58,0
M1 ratio casi correcto,25,55,MC sin variables (empírico),0.9,59,0
M1 ratio casi correcto,25,55,MC sin variables (empírico),0.93,60,0
M1 ratio casi correcto,25,55,MC sin variables (empírico),0.95,60,0
M1 ratio casi correcto,25,55,MC sin variables (empírico),0.97,62,0
M1 ratio casi correcto,23,52,A0 criterio del cotizador,0.0,52,0
M1 ratio casi correcto,23,52,B colchón fijo,0.0,50,2
M1 ratio casi correcto,23,52,B colchón fijo,1.0,51,1
M1 ratio casi correcto,23,52,B colchón fijo,2.0,52,0
M1 ratio casi correcto,23,52,B colchón fijo,3.0,53,0
M1 ratio casi correcto,23,52,B colchón fijo,4.0,55,0
M1 ratio casi correcto,23,52,B colchón fijo,6.0,57,0
M1 ratio casi correcto,23,52,B colchón fijo,8.0,59,0
M1 ratio casi correcto,23,52,B colchón fijo,10.0,62,0
M1 ratio casi correcto,23,52,B colchón fijo,12.0,64,0
M1 ratio casi correcto,23,52,B colchón fijo,15.0,67,0
M1 ratio casi correcto,23,52,MC completo,0.5,51,1
M1 ratio casi correcto,23,52,MC completo,0.6,51,1
M1 ratio casi correcto,23,52,MC completo,0.7,52,0
M1 ratio casi correcto,23,52,MC completo,0.8,53,0
M1 ratio casi correcto,23,52,MC completo,0.85,53,0
M1 ratio casi correcto,23,52,MC completo,0.9,55,0
M1 ratio casi correcto,23,52,MC completo,0.93,55,0
M1 ratio casi correcto,23,52,MC completo,0.95,56,0
M1 ratio casi correcto,23,52,MC completo,0.97,57,0
M1 ratio casi correcto,23,52,MC sin conformal,0.5,51,1
M1 ratio casi correcto,23,52,MC sin conformal,0.6,51,1
M1 ratio casi correcto,23,52,MC sin conformal,0.7,52,0
M1 ratio casi correcto,23,52,MC sin conformal,0.8,53,0
M1 ratio casi correcto,23,52,MC sin conformal,0.85,53,0
M1 ratio casi correcto,23,52,MC sin conformal,0.9,55,0
M1 ratio casi correcto,23,52,MC sin conformal,0.93,55,0
M1 ratio casi correcto,23,52,MC sin conformal,0.95,56,0
M1 ratio casi correcto,23,52,MC sin conformal,0.97,57,0
M1 ratio casi correcto,23,52,MC sin disponibilidad,0.5,50,2
M1 ratio casi correcto,23,52,MC sin disponibilidad,0.6,51,1
M1 ratio casi correcto,23,52,MC sin disponibilidad,0.7,52,0
M1 ratio casi correcto,23,52,MC sin disponibilidad,0.8,52,0
M1 ratio casi correcto,23,52,MC sin disponibilidad,0.85,53,0
M1 ratio casi correcto,23,52,MC sin disponibilidad,0.9,53,0
M1 ratio casi correcto,23,52,MC sin disponibilidad,0.93,55,0
M1 ratio casi correcto,23,52,MC sin disponibilidad,0.95,55,0
M1 ratio casi correcto,23,52,MC sin disponibilidad,0.97,56,0
M1 ratio casi correcto,23,52,MC sin carga del taller,0.5,51,1
M1 ratio casi correcto,23,52,MC sin carga del taller,0.6,51,1
M1 ratio casi correcto,23,52,MC sin carga del taller,0.7,52,0
M1 ratio casi correcto,23,52,MC sin carga del taller,0.8,53,0
M1 ratio casi correcto,23,52,MC sin carga del taller,0.85,53,0
M1 ratio casi correcto,23,52,MC sin carga del taller,0.9,55,0
M1 ratio casi correcto,23,52,MC sin carga del taller,0.93,55,0
M1 ratio casi correcto,23,52,MC sin carga del taller,0.95,56,0
M1 ratio casi correcto,23,52,MC sin carga del taller,0.97,57,0
M1 ratio casi correcto,23,52,MC con rho = 0,0.5,51,1
M1 ratio casi correcto,23,52,MC con rho = 0,0.6,51,1
M1 ratio casi correcto,23,52,MC con rho = 0,0.7,52,0
M1 ratio casi correcto,23,52,MC con rho = 0,0.8,53,0
M1 ratio casi correcto,23,52,MC con rho = 0,0.85,53,0
M1 ratio casi correcto,23,52,MC con rho = 0,0.9,55,0
M1 ratio casi correcto,23,52,MC con rho = 0,0.93,55,0
M1 ratio casi correcto,23,52,MC con rho = 0,0.95,56,0
M1 ratio casi correcto,23,52,MC con rho = 0,0.97,57,0
M1 ratio casi correcto,23,52,MC sin variables (empírico),0.5,51,1
M1 ratio casi correcto,23,52,MC sin variables (empírico),0.6,51,1
M1 ratio casi correcto,23,52,MC sin variables (empírico),0.7,52,0
M1 ratio casi correcto,23,52,MC sin variables (empírico),0.8,52,0
M1 ratio casi correcto,23,52,MC sin variables (empírico),0.85,53,0
M1 ratio casi correcto,23,52,MC sin variables (empírico),0.9,55,0
M1 ratio casi correcto,23,52,MC sin variables (empírico),0.93,55,0
M1 ratio casi correcto,23,52,MC sin variables (empírico),0.95,56,0
M1 ratio casi correcto,23,52,MC sin variables (empírico),0.97,56,0
M2 sesgo sistemático,2,81,A0 criterio del cotizador,0.0,81,0
M2 sesgo sistemático,2,81,B colchón fijo,0.0,84,0
M2 sesgo sistemático,2,81,B colchón fijo,1.0,85,0
M2 sesgo sistemático,2,81,B colchón fijo,2.0,86,0
M2 sesgo sistemático,2,81,B colchón fijo,3.0,88,0
M2 sesgo sistemático,2,81,B colchón fijo,4.0,89,0
M2 sesgo sistemático,2,81,B colchón fijo,6.0,91,0
M2 sesgo sistemático,2,81,B colchón fijo,8.0,93,0
M2 sesgo sistemático,2,81,B colchón fijo,10.0,96,0
M2 sesgo sistemático,2,81,B colchón fijo,12.0,98,0
M2 sesgo sistemático,2,81,B colchón fijo,15.0,102,0
M2 sesgo sistemático,2,81,MC completo,0.5,85,0
M2 sesgo sistemático,2,81,MC completo,0.6,86,0
M2 sesgo sistemático,2,81,MC completo,0.7,89,0
M2 sesgo sistemático,2,81,MC completo,0.8,91,0
M2 sesgo sistemático,2,81,MC completo,0.85,92,0
M2 sesgo sistemático,2,81,MC completo,0.9,95,0
M2 sesgo sistemático,2,81,MC completo,0.93,96,0
M2 sesgo sistemático,2,81,MC completo,0.95,97,0
M2 sesgo sistemático,2,81,MC completo,0.97,99,0
M2 sesgo sistemático,2,81,MC sin conformal,0.5,85,0
M2 sesgo sistemático,2,81,MC sin conformal,0.6,86,0
M2 sesgo sistemático,2,81,MC sin conformal,0.7,89,0
M2 sesgo sistemático,2,81,MC sin conformal,0.8,91,0
M2 sesgo sistemático,2,81,MC sin conformal,0.85,92,0
M2 sesgo sistemático,2,81,MC sin conformal,0.9,95,0
M2 sesgo sistemático,2,81,MC sin conformal,0.93,96,0
M2 sesgo sistemático,2,81,MC sin conformal,0.95,97,0
M2 sesgo sistemático,2,81,MC sin conformal,0.97,99,0
M2 sesgo sistemático,2,81,MC sin disponibilidad,0.5,83,0
M2 sesgo sistemático,2,81,MC sin disponibilidad,0.6,84,0
M2 sesgo sistemático,2,81,MC sin disponibilidad,0.7,86,0
M2 sesgo sistemático,2,81,MC sin disponibilidad,0.8,89,0
M2 sesgo sistemático,2,81,MC sin disponibilidad,0.85,91,0
M2 sesgo sistemático,2,81,MC sin disponibilidad,0.9,92,0
M2 sesgo sistemático,2,81,MC sin disponibilidad,0.93,93,0
M2 sesgo sistemático,2,81,MC sin disponibilidad,0.95,95,0
M2 sesgo sistemático,2,81,MC sin disponibilidad,0.97,96,0
M2 sesgo sistemático,2,81,MC sin carga del taller,0.5,83,0
M2 sesgo sistemático,2,81,MC sin carga del taller,0.6,84,0
M2 sesgo sistemático,2,81,MC sin carga del taller,0.7,86,0
M2 sesgo sistemático,2,81,MC sin carga del taller,0.8,89,0
M2 sesgo sistemático,2,81,MC sin carga del taller,0.85,90,0
M2 sesgo sistemático,2,81,MC sin carga del taller,0.9,91,0
M2 sesgo sistemático,2,81,MC sin carga del taller,0.93,92,0
M2 sesgo sistemático,2,81,MC sin carga del taller,0.95,95,0
M2 sesgo sistemático,2,81,MC sin carga del taller,0.97,97,0
M2 sesgo sistemático,2,81,MC con rho = 0,0.5,85,0
M2 sesgo sistemático,2,81,MC con rho = 0,0.6,86,0
M2 sesgo sistemático,2,81,MC con rho = 0,0.7,89,0
M2 sesgo sistemático,2,81,MC con rho = 0,0.8,90,0
M2 sesgo sistemático,2,81,MC con rho = 0,0.85,91,0
M2 sesgo sistemático,2,81,MC con rho = 0,0.9,92,0
M2 sesgo sistemático,2,81,MC con rho = 0,0.93,93,0
M2 sesgo sistemático,2,81,MC con rho = 0,0.95,95,0
M2 sesgo sistemático,2,81,MC con rho = 0,0.97,96,0
M2 sesgo sistemático,2,81,MC sin variables (empírico),0.5,85,0
M2 sesgo sistemático,2,81,MC sin variables (empírico),0.6,86,0
M2 sesgo sistemático,2,81,MC sin variables (empírico),0.7,89,0
M2 sesgo sistemático,2,81,MC sin variables (empírico),0.8,91,0
M2 sesgo sistemático,2,81,MC sin variables (empírico),0.85,92,0
M2 sesgo sistemático,2,81,MC sin variables (empírico),0.9,95,0
M2 sesgo sistemático,2,81,MC sin variables (empírico),0.93,96,0
M2 sesgo sistemático,2,81,MC sin variables (empírico),0.95,97,0
M2 sesgo sistemático,2,81,MC sin variables (empírico),0.97,99,0
M2 sesgo sistemático,1,83,A0 criterio del cotizador,0.0,83,0
M2 sesgo sistemático,1,83,B colchón fijo,0.0,101,0
M2 sesgo sistemático,1,83,B colchón fijo,1.0,102,0
M2 sesgo sistemático,1,83,B colchón fijo,2.0,103,0
M2 sesgo sistemático,1,83,B colchón fijo,3.0,104,0
M2 sesgo sistemático,1,83,B colchón fijo,4.0,105,0
M2 sesgo sistemático,1,83,B colchón fijo,6.0,108,0
M2 sesgo sistemático,1,83,B colchón fijo,8.0,110,0
M2 sesgo sistemático,1,83,B colchón fijo,10.0,112,0
M2 sesgo sistemático,1,83,B colchón fijo,12.0,115,0
M2 sesgo sistemático,1,83,B colchón fijo,15.0,118,0
M2 sesgo sistemático,1,83,MC completo,0.5,102,0
M2 sesgo sistemático,1,83,MC completo,0.6,104,0
M2 sesgo sistemático,1,83,MC completo,0.7,106,0
M2 sesgo sistemático,1,83,MC completo,0.8,110,0
M2 sesgo sistemático,1,83,MC completo,0.85,111,0
M2 sesgo sistemático,1,83,MC completo,0.9,113,0
M2 sesgo sistemático,1,83,MC completo,0.93,115,0
M2 sesgo sistemático,1,83,MC completo,0.95,116,0
M2 sesgo sistemático,1,83,MC completo,0.97,118,0
M2 sesgo sistemático,1,83,MC sin conformal,0.5,102,0
M2 sesgo sistemático,1,83,MC sin conformal,0.6,104,0
M2 sesgo sistemático,1,83,MC sin conformal,0.7,106,0
M2 sesgo sistemático,1,83,MC sin conformal,0.8,110,0
M2 sesgo sistemático,1,83,MC sin conformal,0.85,111,0
M2 sesgo sistemático,1,83,MC sin conformal,0.9,113,0
M2 sesgo sistemático,1,83,MC sin conformal,0.93,115,0
M2 sesgo sistemático,1,83,MC sin conformal,0.95,116,0
M2 sesgo sistemático,1,83,MC sin conformal,0.97,118,0
M2 sesgo sistemático,1,83,MC sin disponibilidad,0.5,99,0
M2 sesgo sistemático,1,83,MC sin disponibilidad,0.6,102,0
M2 sesgo sistemático,1,83,MC sin disponibilidad,0.7,104,0
M2 sesgo sistemático,1,83,MC sin disponibilidad,0.8,108,0
M2 sesgo sistemático,1,83,MC sin disponibilidad,0.85,109,0
M2 sesgo sistemático,1,83,MC sin disponibilidad,0.9,111,0
M2 sesgo sistemático,1,83,MC sin disponibilidad,0.93,112,0
M2 sesgo sistemático,1,83,MC sin disponibilidad,0.95,113,0
M2 sesgo sistemático,1,83,MC sin disponibilidad,0.97,116,0
M2 sesgo sistemático,1,83,MC sin carga del taller,0.5,94,0
M2 sesgo sistemático,1,83,MC sin carga del taller,0.6,96,0
M2 sesgo sistemático,1,83,MC sin carga del taller,0.7,98,0
M2 sesgo sistemático,1,83,MC sin carga del taller,0.8,101,0
M2 sesgo sistemático,1,83,MC sin carga del taller,0.85,103,0
M2 sesgo sistemático,1,83,MC sin carga del taller,0.9,104,0
M2 sesgo sistemático,1,83,MC sin carga del taller,0.93,106,0
M2 sesgo sistemático,1,83,MC sin carga del taller,0.95,108,0
M2 sesgo sistemático,1,83,MC sin carga del taller,0.97,110,0
M2 sesgo sistemático,1,83,MC con rho = 0,0.5,103,0
M2 sesgo sistemático,1,83,MC con rho = 0,0.6,104,0
M2 sesgo sistemático,1,83,MC con rho = 0,0.7,105,0
M2 sesgo sistemático,1,83,MC con rho = 0,0.8,108,0
M2 sesgo sistemático,1,83,MC con rho = 0,0.85,109,0
M2 sesgo sistemático,1,83,MC con rho = 0,0.9,110,0
M2 sesgo sistemático,1,83,MC con rho = 0,0.93,111,0
M2 sesgo sistemático,1,83,MC con rho = 0,0.95,112,0
M2 sesgo sistemático,1,83,MC con rho = 0,0.97,113,0
M2 sesgo sistemático,1,83,MC sin variables (empírico),0.5,102,0
M2 sesgo sistemático,1,83,MC sin variables (empírico),0.6,104,0
M2 sesgo sistemático,1,83,MC sin variables (empírico),0.7,106,0
M2 sesgo sistemático,1,83,MC sin variables (empírico),0.8,110,0
M2 sesgo sistemático,1,83,MC sin variables (empírico),0.85,111,0
M2 sesgo sistemático,1,83,MC sin variables (empírico),0.9,113,0
M2 sesgo sistemático,1,83,MC sin variables (empírico),0.93,115,0
M2 sesgo sistemático,1,83,MC sin variables (empírico),0.95,116,0
M2 sesgo sistemático,1,83,MC sin variables (empírico),0.97,118,0
M2 sesgo sistemático,3,75,A0 criterio del cotizador,0.0,75,0
M2 sesgo sistemático,3,75,B colchón fijo,0.0,71,3
M2 sesgo sistemático,3,75,B colchón fijo,1.0,73,1
M2 sesgo sistemático,3,75,B colchón fijo,2.0,74,0
M2 sesgo sistemático,3,75,B colchón fijo,3.0,75,0
M2 sesgo sistemático,3,75,B colchón fijo,4.0,76,0
M2 sesgo sistemático,3,75,B colchón fijo,6.0,78,0
M2 sesgo sistemático,3,75,B colchón fijo,8.0,81,0
M2 sesgo sistemático,3,75,B colchón fijo,10.0,83,0
M2 sesgo sistemático,3,75,B colchón fijo,12.0,85,0
M2 sesgo sistemático,3,75,B colchón fijo,15.0,89,0
M2 sesgo sistemático,3,75,MC completo,0.5,74,0
M2 sesgo sistemático,3,75,MC completo,0.6,76,0
M2 sesgo sistemático,3,75,MC completo,0.7,78,0
M2 sesgo sistemático,3,75,MC completo,0.8,80,0
M2 sesgo sistemático,3,75,MC completo,0.85,81,0
M2 sesgo sistemático,3,75,MC completo,0.9,83,0
M2 sesgo sistemático,3,75,MC completo,0.93,84,0
M2 sesgo sistemático,3,75,MC completo,0.95,85,0
M2 sesgo sistemático,3,75,MC completo,0.97,87,0
M2 sesgo sistemático,3,75,MC sin conformal,0.5,74,0
M2 sesgo sistemático,3,75,MC sin conformal,0.6,76,0
M2 sesgo sistemático,3,75,MC sin conformal,0.7,78,0
M2 sesgo sistemático,3,75,MC sin conformal,0.8,80,0
M2 sesgo sistemático,3,75,MC sin conformal,0.85,81,0
M2 sesgo sistemático,3,75,MC sin conformal,0.9,83,0
M2 sesgo sistemático,3,75,MC sin conformal,0.93,84,0
M2 sesgo sistemático,3,75,MC sin conformal,0.95,85,0
M2 sesgo sistemático,3,75,MC sin conformal,0.97,87,0
M2 sesgo sistemático,3,75,MC sin disponibilidad,0.5,74,0
M2 sesgo sistemático,3,75,MC sin disponibilidad,0.6,75,0
M2 sesgo sistemático,3,75,MC sin disponibilidad,0.7,77,0
M2 sesgo sistemático,3,75,MC sin disponibilidad,0.8,78,0
M2 sesgo sistemático,3,75,MC sin disponibilidad,0.85,80,0
M2 sesgo sistemático,3,75,MC sin disponibilidad,0.9,81,0
M2 sesgo sistemático,3,75,MC sin disponibilidad,0.93,82,0
M2 sesgo sistemático,3,75,MC sin disponibilidad,0.95,83,0
M2 sesgo sistemático,3,75,MC sin disponibilidad,0.97,84,0
M2 sesgo sistemático,3,75,MC sin carga del taller,0.5,74,0
M2 sesgo sistemático,3,75,MC sin carga del taller,0.6,76,0
M2 sesgo sistemático,3,75,MC sin carga del taller,0.7,78,0
M2 sesgo sistemático,3,75,MC sin carga del taller,0.8,80,0
M2 sesgo sistemático,3,75,MC sin carga del taller,0.85,81,0
M2 sesgo sistemático,3,75,MC sin carga del taller,0.9,83,0
M2 sesgo sistemático,3,75,MC sin carga del taller,0.93,84,0
M2 sesgo sistemático,3,75,MC sin carga del taller,0.95,85,0
M2 sesgo sistemático,3,75,MC sin carga del taller,0.97,87,0
M2 sesgo sistemático,3,75,MC con rho = 0,0.5,75,0
M2 sesgo sistemático,3,75,MC con rho = 0,0.6,75,0
M2 sesgo sistemático,3,75,MC con rho = 0,0.7,77,0
M2 sesgo sistemático,3,75,MC con rho = 0,0.8,78,0
M2 sesgo sistemático,3,75,MC con rho = 0,0.85,80,0
M2 sesgo sistemático,3,75,MC con rho = 0,0.9,81,0
M2 sesgo sistemático,3,75,MC con rho = 0,0.93,82,0
M2 sesgo sistemático,3,75,MC con rho = 0,0.95,83,0
M2 sesgo sistemático,3,75,MC con rho = 0,0.97,83,0
M2 sesgo sistemático,3,75,MC sin variables (empírico),0.5,74,0
M2 sesgo sistemático,3,75,MC sin variables (empírico),0.6,76,0
M2 sesgo sistemático,3,75,MC sin variables (empírico),0.7,78,0
M2 sesgo sistemático,3,75,MC sin variables (empírico),0.8,80,0
M2 sesgo sistemático,3,75,MC sin variables (empírico),0.85,81,0
M2 sesgo sistemático,3,75,MC sin variables (empírico),0.9,83,0
M2 sesgo sistemático,3,75,MC sin variables (empírico),0.93,84,0
M2 sesgo sistemático,3,75,MC sin variables (empírico),0.95,85,0
M2 sesgo sistemático,3,75,MC sin variables (empírico),0.97,87,0
M2 sesgo sistemático,5,72,A0 criterio del cotizador,0.0,72,0
M2 sesgo sistemático,5,72,B colchón fijo,0.0,69,3
M2 sesgo sistemático,5,72,B colchón fijo,1.0,71,1
M2 sesgo sistemático,5,72,B colchón fijo,2.0,72,0
M2 sesgo sistemático,5,72,B colchón fijo,3.0,73,0
M2 sesgo sistemático,5,72,B colchón fijo,4.0,74,0
M2 sesgo sistemático,5,72,B colchón fijo,6.0,76,0
M2 sesgo sistemático,5,72,B colchón fijo,8.0,79,0
M2 sesgo sistemático,5,72,B colchón fijo,10.0,81,0
M2 sesgo sistemático,5,72,B colchón fijo,12.0,83,0
M2 sesgo sistemático,5,72,B colchón fijo,15.0,87,0
M2 sesgo sistemático,5,72,MC completo,0.5,69,3
M2 sesgo sistemático,5,72,MC completo,0.6,71,1
M2 sesgo sistemático,5,72,MC completo,0.7,73,0
M2 sesgo sistemático,5,72,MC completo,0.8,74,0
M2 sesgo sistemático,5,72,MC completo,0.85,75,0
M2 sesgo sistemático,5,72,MC completo,0.9,76,0
M2 sesgo sistemático,5,72,MC completo,0.93,78,0
M2 sesgo sistemático,5,72,MC completo,0.95,78,0
M2 sesgo sistemático,5,72,MC completo,0.97,79,0
M2 sesgo sistemático,5,72,MC sin conformal,0.5,69,3
M2 sesgo sistemático,5,72,MC sin conformal,0.6,71,1
M2 sesgo sistemático,5,72,MC sin conformal,0.7,73,0
M2 sesgo sistemático,5,72,MC sin conformal,0.8,74,0
M2 sesgo sistemático,5,72,MC sin conformal,0.85,75,0
M2 sesgo sistemático,5,72,MC sin conformal,0.9,76,0
M2 sesgo sistemático,5,72,MC sin conformal,0.93,78,0
M2 sesgo sistemático,5,72,MC sin conformal,0.95,78,0
M2 sesgo sistemático,5,72,MC sin conformal,0.97,79,0
M2 sesgo sistemático,5,72,MC sin disponibilidad,0.5,69,3
M2 sesgo sistemático,5,72,MC sin disponibilidad,0.6,69,3
M2 sesgo sistemático,5,72,MC sin disponibilidad,0.7,72,0
M2 sesgo sistemático,5,72,MC sin disponibilidad,0.8,73,0
M2 sesgo sistemático,5,72,MC sin disponibilidad,0.85,74,0
M2 sesgo sistemático,5,72,MC sin disponibilidad,0.9,75,0
M2 sesgo sistemático,5,72,MC sin disponibilidad,0.93,75,0
M2 sesgo sistemático,5,72,MC sin disponibilidad,0.95,76,0
M2 sesgo sistemático,5,72,MC sin disponibilidad,0.97,78,0
M2 sesgo sistemático,5,72,MC sin carga del taller,0.5,69,3
M2 sesgo sistemático,5,72,MC sin carga del taller,0.6,71,1
M2 sesgo sistemático,5,72,MC sin carga del taller,0.7,73,0
M2 sesgo sistemático,5,72,MC sin carga del taller,0.8,74,0
M2 sesgo sistemático,5,72,MC sin carga del taller,0.85,75,0
M2 sesgo sistemático,5,72,MC sin carga del taller,0.9,76,0
M2 sesgo sistemático,5,72,MC sin carga del taller,0.93,78,0
M2 sesgo sistemático,5,72,MC sin carga del taller,0.95,78,0
M2 sesgo sistemático,5,72,MC sin carga del taller,0.97,79,0
M2 sesgo sistemático,5,72,MC con rho = 0,0.5,69,3
M2 sesgo sistemático,5,72,MC con rho = 0,0.6,71,1
M2 sesgo sistemático,5,72,MC con rho = 0,0.7,72,0
M2 sesgo sistemático,5,72,MC con rho = 0,0.8,73,0
M2 sesgo sistemático,5,72,MC con rho = 0,0.85,74,0
M2 sesgo sistemático,5,72,MC con rho = 0,0.9,75,0
M2 sesgo sistemático,5,72,MC con rho = 0,0.93,76,0
M2 sesgo sistemático,5,72,MC con rho = 0,0.95,76,0
M2 sesgo sistemático,5,72,MC con rho = 0,0.97,78,0
M2 sesgo sistemático,5,72,MC sin variables (empírico),0.5,69,3
M2 sesgo sistemático,5,72,MC sin variables (empírico),0.6,71,1
M2 sesgo sistemático,5,72,MC sin variables (empírico),0.7,73,0
M2 sesgo sistemático,5,72,MC sin variables (empírico),0.8,74,0
M2 sesgo sistemático,5,72,MC sin variables (empírico),0.85,75,0
M2 sesgo sistemático,5,72,MC sin variables (empírico),0.9,76,0
M2 sesgo sistemático,5,72,MC sin variables (empírico),0.93,78,0
M2 sesgo sistemático,5,72,MC sin variables (empírico),0.95,78,0
M2 sesgo sistemático,5,72,MC sin variables (empírico),0.97,79,0
M2 sesgo sistemático,6,61,A0 criterio del cotizador,0.0,61,5
M2 sesgo sistemático,6,61,B colchón fijo,0.0,56,10
M2 sesgo sistemático,6,61,B colchón fijo,1.0,57,9
M2 sesgo sistemático,6,61,B colchón fijo,2.0,58,8
M2 sesgo sistemático,6,61,B colchón fijo,3.0,60,6
M2 sesgo sistemático,6,61,B colchón fijo,4.0,61,5
M2 sesgo sistemático,6,61,B colchón fijo,6.0,63,3
M2 sesgo sistemático,6,61,B colchón fijo,8.0,65,1
M2 sesgo sistemático,6,61,B colchón fijo,10.0,68,0
M2 sesgo sistemático,6,61,B colchón fijo,12.0,70,0
M2 sesgo sistemático,6,61,B colchón fijo,15.0,74,0
M2 sesgo sistemático,6,61,MC completo,0.5,57,9
M2 sesgo sistemático,6,61,MC completo,0.6,58,8
M2 sesgo sistemático,6,61,MC completo,0.7,60,6
M2 sesgo sistemático,6,61,MC completo,0.8,61,5
M2 sesgo sistemático,6,61,MC completo,0.85,62,4
M2 sesgo sistemático,6,61,MC completo,0.9,63,3
M2 sesgo sistemático,6,61,MC completo,0.93,63,3
M2 sesgo sistemático,6,61,MC completo,0.95,64,2
M2 sesgo sistemático,6,61,MC completo,0.97,65,1
M2 sesgo sistemático,6,61,MC sin conformal,0.5,57,9
M2 sesgo sistemático,6,61,MC sin conformal,0.6,58,8
M2 sesgo sistemático,6,61,MC sin conformal,0.7,60,6
M2 sesgo sistemático,6,61,MC sin conformal,0.8,61,5
M2 sesgo sistemático,6,61,MC sin conformal,0.85,62,4
M2 sesgo sistemático,6,61,MC sin conformal,0.9,63,3
M2 sesgo sistemático,6,61,MC sin conformal,0.93,63,3
M2 sesgo sistemático,6,61,MC sin conformal,0.95,64,2
M2 sesgo sistemático,6,61,MC sin conformal,0.97,65,1
M2 sesgo sistemático,6,61,MC sin disponibilidad,0.5,57,9
M2 sesgo sistemático,6,61,MC sin disponibilidad,0.6,57,9
M2 sesgo sistemático,6,61,MC sin disponibilidad,0.7,58,8
M2 sesgo sistemático,6,61,MC sin disponibilidad,0.8,60,6
M2 sesgo sistemático,6,61,MC sin disponibilidad,0.85,61,5
M2 sesgo sistemático,6,61,MC sin disponibilidad,0.9,61,5
M2 sesgo sistemático,6,61,MC sin disponibilidad,0.93,62,4
M2 sesgo sistemático,6,61,MC sin disponibilidad,0.95,63,3
M2 sesgo sistemático,6,61,MC sin disponibilidad,0.97,64,2
M2 sesgo sistemático,6,61,MC sin carga del taller,0.5,57,9
M2 sesgo sistemático,6,61,MC sin carga del taller,0.6,58,8
M2 sesgo sistemático,6,61,MC sin carga del taller,0.7,60,6
M2 sesgo sistemático,6,61,MC sin carga del taller,0.8,60,6
M2 sesgo sistemático,6,61,MC sin carga del taller,0.85,61,5
M2 sesgo sistemático,6,61,MC sin carga del taller,0.9,62,4
M2 sesgo sistemático,6,61,MC sin carga del taller,0.93,63,3
M2 sesgo sistemático,6,61,MC sin carga del taller,0.95,63,3
M2 sesgo sistemático,6,61,MC sin carga del taller,0.97,64,2
M2 sesgo sistemático,6,61,MC con rho = 0,0.5,57,9
M2 sesgo sistemático,6,61,MC con rho = 0,0.6,58,8
M2 sesgo sistemático,6,61,MC con rho = 0,0.7,60,6
M2 sesgo sistemático,6,61,MC con rho = 0,0.8,61,5
M2 sesgo sistemático,6,61,MC con rho = 0,0.85,61,5
M2 sesgo sistemático,6,61,MC con rho = 0,0.9,62,4
M2 sesgo sistemático,6,61,MC con rho = 0,0.93,63,3
M2 sesgo sistemático,6,61,MC con rho = 0,0.95,63,3
M2 sesgo sistemático,6,61,MC con rho = 0,0.97,64,2
M2 sesgo sistemático,6,61,MC sin variables (empírico),0.5,57,9
M2 sesgo sistemático,6,61,MC sin variables (empírico),0.6,58,8
M2 sesgo sistemático,6,61,MC sin variables (empírico),0.7,60,6
M2 sesgo sistemático,6,61,MC sin variables (empírico),0.8,61,5
M2 sesgo sistemático,6,61,MC sin variables (empírico),0.85,62,4
M2 sesgo sistemático,6,61,MC sin variables (empírico),0.9,63,3
M2 sesgo sistemático,6,61,MC sin variables (empírico),0.93,63,3
M2 sesgo sistemático,6,61,MC sin variables (empírico),0.95,64,2
M2 sesgo sistemático,6,61,MC sin variables (empírico),0.97,65,1
M2 sesgo sistemático,4,64,A0 criterio del cotizador,0.0,64,0
M2 sesgo sistemático,4,64,B colchón fijo,0.0,58,6
M2 sesgo sistemático,4,64,B colchón fijo,1.0,59,5
M2 sesgo sistemático,4,64,B colchón fijo,2.0,60,4
M2 sesgo sistemático,4,64,B colchón fijo,3.0,62,2
M2 sesgo sistemático,4,64,B colchón fijo,4.0,63,1
M2 sesgo sistemático,4,64,B colchón fijo,6.0,65,0
M2 sesgo sistemático,4,64,B colchón fijo,8.0,67,0
M2 sesgo sistemático,4,64,B colchón fijo,10.0,70,0
M2 sesgo sistemático,4,64,B colchón fijo,12.0,72,0
M2 sesgo sistemático,4,64,B colchón fijo,15.0,76,0
M2 sesgo sistemático,4,64,MC completo,0.5,60,4
M2 sesgo sistemático,4,64,MC completo,0.6,62,2
M2 sesgo sistemático,4,64,MC completo,0.7,63,1
M2 sesgo sistemático,4,64,MC completo,0.8,64,0
M2 sesgo sistemático,4,64,MC completo,0.85,65,0
M2 sesgo sistemático,4,64,MC completo,0.9,66,0
M2 sesgo sistemático,4,64,MC completo,0.93,67,0
M2 sesgo sistemático,4,64,MC completo,0.95,69,0
M2 sesgo sistemático,4,64,MC completo,0.97,69,0
M2 sesgo sistemático,4,64,MC sin conformal,0.5,60,4
M2 sesgo sistemático,4,64,MC sin conformal,0.6,62,2
M2 sesgo sistemático,4,64,MC sin conformal,0.7,63,1
M2 sesgo sistemático,4,64,MC sin conformal,0.8,64,0
M2 sesgo sistemático,4,64,MC sin conformal,0.85,65,0
M2 sesgo sistemático,4,64,MC sin conformal,0.9,66,0
M2 sesgo sistemático,4,64,MC sin conformal,0.93,67,0
M2 sesgo sistemático,4,64,MC sin conformal,0.95,69,0
M2 sesgo sistemático,4,64,MC sin conformal,0.97,69,0
M2 sesgo sistemático,4,64,MC sin disponibilidad,0.5,60,4
M2 sesgo sistemático,4,64,MC sin disponibilidad,0.6,62,2
M2 sesgo sistemático,4,64,MC sin disponibilidad,0.7,63,1
M2 sesgo sistemático,4,64,MC sin disponibilidad,0.8,63,1
M2 sesgo sistemático,4,64,MC sin disponibilidad,0.85,64,0
M2 sesgo sistemático,4,64,MC sin disponibilidad,0.9,65,0
M2 sesgo sistemático,4,64,MC sin disponibilidad,0.93,66,0
M2 sesgo sistemático,4,64,MC sin disponibilidad,0.95,66,0
M2 sesgo sistemático,4,64,MC sin disponibilidad,0.97,67,0
M2 sesgo sistemático,4,64,MC sin carga del taller,0.5,60,4
M2 sesgo sistemático,4,64,MC sin carga del taller,0.6,62,2
M2 sesgo sistemático,4,64,MC sin carga del taller,0.7,63,1
M2 sesgo sistemático,4,64,MC sin carga del taller,0.8,64,0
M2 sesgo sistemático,4,64,MC sin carga del taller,0.85,65,0
M2 sesgo sistemático,4,64,MC sin carga del taller,0.9,66,0
M2 sesgo sistemático,4,64,MC sin carga del taller,0.93,67,0
M2 sesgo sistemático,4,64,MC sin carga del taller,0.95,69,0
M2 sesgo sistemático,4,64,MC sin carga del taller,0.97,69,0
M2 sesgo sistemático,4,64,MC con rho = 0,0.5,60,4
M2 sesgo sistemático,4,64,MC con rho = 0,0.6,62,2
M2 sesgo sistemático,4,64,MC con rho = 0,0.7,63,1
M2 sesgo sistemático,4,64,MC con rho = 0,0.8,64,0
M2 sesgo sistemático,4,64,MC con rho = 0,0.85,65,0
M2 sesgo sistemático,4,64,MC con rho = 0,0.9,65,0
M2 sesgo sistemático,4,64,MC con rho = 0,0.93,66,0
M2 sesgo sistemático,4,64,MC con rho = 0,0.95,67,0
M2 sesgo sistemático,4,64,MC con rho = 0,0.97,69,0
M2 sesgo sistemático,4,64,MC sin variables (empírico),0.5,60,4
M2 sesgo sistemático,4,64,MC sin variables (empírico),0.6,62,2
M2 sesgo sistemático,4,64,MC sin variables (empírico),0.7,63,1
M2 sesgo sistemático,4,64,MC sin variables (empírico),0.8,64,0
M2 sesgo sistemático,4,64,MC sin variables (empírico),0.85,65,0
M2 sesgo sistemático,4,64,MC sin variables (empírico),0.9,66,0
M2 sesgo sistemático,4,64,MC sin variables (empírico),0.93,67,0
M2 sesgo sistemático,4,64,MC sin variables (empírico),0.95,69,0
M2 sesgo sistemático,4,64,MC sin variables (empírico),0.97,69,0
M2 sesgo sistemático,7,61,A0 criterio del cotizador,0.0,61,0
M2 sesgo sistemático,7,61,B colchón fijo,0.0,59,2
M2 sesgo sistemático,7,61,B colchón fijo,1.0,60,1
M2 sesgo sistemático,7,61,B colchón fijo,2.0,61,0
M2 sesgo sistemático,7,61,B colchón fijo,3.0,63,0
M2 sesgo sistemático,7,61,B colchón fijo,4.0,64,0
M2 sesgo sistemático,7,61,B colchón fijo,6.0,66,0
M2 sesgo sistemático,7,61,B colchón fijo,8.0,68,0
M2 sesgo sistemático,7,61,B colchón fijo,10.0,71,0
M2 sesgo sistemático,7,61,B colchón fijo,12.0,73,0
M2 sesgo sistemático,7,61,B colchón fijo,15.0,77,0
M2 sesgo sistemático,7,61,MC completo,0.5,61,0
M2 sesgo sistemático,7,61,MC completo,0.6,63,0
M2 sesgo sistemático,7,61,MC completo,0.7,64,0
M2 sesgo sistemático,7,61,MC completo,0.8,65,0
M2 sesgo sistemático,7,61,MC completo,0.85,65,0
M2 sesgo sistemático,7,61,MC completo,0.9,66,0
M2 sesgo sistemático,7,61,MC completo,0.93,67,0
M2 sesgo sistemático,7,61,MC completo,0.95,68,0
M2 sesgo sistemático,7,61,MC completo,0.97,70,0
M2 sesgo sistemático,7,61,MC sin conformal,0.5,61,0
M2 sesgo sistemático,7,61,MC sin conformal,0.6,63,0
M2 sesgo sistemático,7,61,MC sin conformal,0.7,64,0
M2 sesgo sistemático,7,61,MC sin conformal,0.8,65,0
M2 sesgo sistemático,7,61,MC sin conformal,0.85,65,0
M2 sesgo sistemático,7,61,MC sin conformal,0.9,66,0
M2 sesgo sistemático,7,61,MC sin conformal,0.93,67,0
M2 sesgo sistemático,7,61,MC sin conformal,0.95,68,0
M2 sesgo sistemático,7,61,MC sin conformal,0.97,70,0
M2 sesgo sistemático,7,61,MC sin disponibilidad,0.5,61,0
M2 sesgo sistemático,7,61,MC sin disponibilidad,0.6,63,0
M2 sesgo sistemático,7,61,MC sin disponibilidad,0.7,63,0
M2 sesgo sistemático,7,61,MC sin disponibilidad,0.8,64,0
M2 sesgo sistemático,7,61,MC sin disponibilidad,0.85,65,0
M2 sesgo sistemático,7,61,MC sin disponibilidad,0.9,66,0
M2 sesgo sistemático,7,61,MC sin disponibilidad,0.93,66,0
M2 sesgo sistemático,7,61,MC sin disponibilidad,0.95,67,0
M2 sesgo sistemático,7,61,MC sin disponibilidad,0.97,68,0
M2 sesgo sistemático,7,61,MC sin carga del taller,0.5,61,0
M2 sesgo sistemático,7,61,MC sin carga del taller,0.6,63,0
M2 sesgo sistemático,7,61,MC sin carga del taller,0.7,64,0
M2 sesgo sistemático,7,61,MC sin carga del taller,0.8,65,0
M2 sesgo sistemático,7,61,MC sin carga del taller,0.85,65,0
M2 sesgo sistemático,7,61,MC sin carga del taller,0.9,66,0
M2 sesgo sistemático,7,61,MC sin carga del taller,0.93,67,0
M2 sesgo sistemático,7,61,MC sin carga del taller,0.95,68,0
M2 sesgo sistemático,7,61,MC sin carga del taller,0.97,70,0
M2 sesgo sistemático,7,61,MC con rho = 0,0.5,61,0
M2 sesgo sistemático,7,61,MC con rho = 0,0.6,63,0
M2 sesgo sistemático,7,61,MC con rho = 0,0.7,64,0
M2 sesgo sistemático,7,61,MC con rho = 0,0.8,65,0
M2 sesgo sistemático,7,61,MC con rho = 0,0.85,65,0
M2 sesgo sistemático,7,61,MC con rho = 0,0.9,66,0
M2 sesgo sistemático,7,61,MC con rho = 0,0.93,67,0
M2 sesgo sistemático,7,61,MC con rho = 0,0.95,67,0
M2 sesgo sistemático,7,61,MC con rho = 0,0.97,68,0
M2 sesgo sistemático,7,61,MC sin variables (empírico),0.5,61,0
M2 sesgo sistemático,7,61,MC sin variables (empírico),0.6,63,0
M2 sesgo sistemático,7,61,MC sin variables (empírico),0.7,64,0
M2 sesgo sistemático,7,61,MC sin variables (empírico),0.8,65,0
M2 sesgo sistemático,7,61,MC sin variables (empírico),0.85,65,0
M2 sesgo sistemático,7,61,MC sin variables (empírico),0.9,66,0
M2 sesgo sistemático,7,61,MC sin variables (empírico),0.93,67,0
M2 sesgo sistemático,7,61,MC sin variables (empírico),0.95,68,0
M2 sesgo sistemático,7,61,MC sin variables (empírico),0.97,70,0
M2 sesgo sistemático,13,66,A0 criterio del cotizador,0.0,66,0
M2 sesgo sistemático,13,66,B colchón fijo,0.0,63,1
M2 sesgo sistemático,13,66,B colchón fijo,1.0,64,0
M2 sesgo sistemático,13,66,B colchón fijo,2.0,65,0
M2 sesgo sistemático,13,66,B colchón fijo,3.0,67,0
M2 sesgo sistemático,13,66,B colchón fijo,4.0,68,0
M2 sesgo sistemático,13,66,B colchón fijo,6.0,70,0
M2 sesgo sistemático,13,66,B colchón fijo,8.0,72,0
M2 sesgo sistemático,13,66,B colchón fijo,10.0,75,0
M2 sesgo sistemático,13,66,B colchón fijo,12.0,77,0
M2 sesgo sistemático,13,66,B colchón fijo,15.0,81,0
M2 sesgo sistemático,13,66,MC completo,0.5,65,0
M2 sesgo sistemático,13,66,MC completo,0.6,67,0
M2 sesgo sistemático,13,66,MC completo,0.7,68,0
M2 sesgo sistemático,13,66,MC completo,0.8,69,0
M2 sesgo sistemático,13,66,MC completo,0.85,70,0
M2 sesgo sistemático,13,66,MC completo,0.9,71,0
M2 sesgo sistemático,13,66,MC completo,0.93,72,0
M2 sesgo sistemático,13,66,MC completo,0.95,72,0
M2 sesgo sistemático,13,66,MC completo,0.97,74,0
M2 sesgo sistemático,13,66,MC sin conformal,0.5,65,0
M2 sesgo sistemático,13,66,MC sin conformal,0.6,67,0
M2 sesgo sistemático,13,66,MC sin conformal,0.7,68,0
M2 sesgo sistemático,13,66,MC sin conformal,0.8,69,0
M2 sesgo sistemático,13,66,MC sin conformal,0.85,70,0
M2 sesgo sistemático,13,66,MC sin conformal,0.9,71,0
M2 sesgo sistemático,13,66,MC sin conformal,0.93,71,0
M2 sesgo sistemático,13,66,MC sin conformal,0.95,72,0
M2 sesgo sistemático,13,66,MC sin conformal,0.97,74,0
M2 sesgo sistemático,13,66,MC sin disponibilidad,0.5,65,0
M2 sesgo sistemático,13,66,MC sin disponibilidad,0.6,67,0
M2 sesgo sistemático,13,66,MC sin disponibilidad,0.7,68,0
M2 sesgo sistemático,13,66,MC sin disponibilidad,0.8,69,0
M2 sesgo sistemático,13,66,MC sin disponibilidad,0.85,69,0
M2 sesgo sistemático,13,66,MC sin disponibilidad,0.9,70,0
M2 sesgo sistemático,13,66,MC sin disponibilidad,0.93,71,0
M2 sesgo sistemático,13,66,MC sin disponibilidad,0.95,71,0
M2 sesgo sistemático,13,66,MC sin disponibilidad,0.97,72,0
M2 sesgo sistemático,13,66,MC sin carga del taller,0.5,65,0
M2 sesgo sistemático,13,66,MC sin carga del taller,0.6,67,0
M2 sesgo sistemático,13,66,MC sin carga del taller,0.7,68,0
M2 sesgo sistemático,13,66,MC sin carga del taller,0.8,69,0
M2 sesgo sistemático,13,66,MC sin carga del taller,0.85,70,0
M2 sesgo sistemático,13,66,MC sin carga del taller,0.9,71,0
M2 sesgo sistemático,13,66,MC sin carga del taller,0.93,72,0
M2 sesgo sistemático,13,66,MC sin carga del taller,0.95,72,0
M2 sesgo sistemático,13,66,MC sin carga del taller,0.97,74,0
M2 sesgo sistemático,13,66,MC con rho = 0,0.5,65,0
M2 sesgo sistemático,13,66,MC con rho = 0,0.6,67,0
M2 sesgo sistemático,13,66,MC con rho = 0,0.7,68,0
M2 sesgo sistemático,13,66,MC con rho = 0,0.8,69,0
M2 sesgo sistemático,13,66,MC con rho = 0,0.85,70,0
M2 sesgo sistemático,13,66,MC con rho = 0,0.9,71,0
M2 sesgo sistemático,13,66,MC con rho = 0,0.93,71,0
M2 sesgo sistemático,13,66,MC con rho = 0,0.95,71,0
M2 sesgo sistemático,13,66,MC con rho = 0,0.97,72,0
M2 sesgo sistemático,13,66,MC sin variables (empírico),0.5,65,0
M2 sesgo sistemático,13,66,MC sin variables (empírico),0.6,67,0
M2 sesgo sistemático,13,66,MC sin variables (empírico),0.7,68,0
M2 sesgo sistemático,13,66,MC sin variables (empírico),0.8,69,0
M2 sesgo sistemático,13,66,MC sin variables (empírico),0.85,69,0
M2 sesgo sistemático,13,66,MC sin variables (empírico),0.9,70,0
M2 sesgo sistemático,13,66,MC sin variables (empírico),0.93,70,0
M2 sesgo sistemático,13,66,MC sin variables (empírico),0.95,71,0
M2 sesgo sistemático,13,66,MC sin variables (empírico),0.97,72,0
M2 sesgo sistemático,8,70,A0 criterio del cotizador,0.0,70,0
M2 sesgo sistemático,8,70,B colchón fijo,0.0,70,0
M2 sesgo sistemático,8,70,B colchón fijo,1.0,71,0
M2 sesgo sistemático,8,70,B colchón fijo,2.0,72,0
M2 sesgo sistemático,8,70,B colchón fijo,3.0,73,0
M2 sesgo sistemático,8,70,B colchón fijo,4.0,74,0
M2 sesgo sistemático,8,70,B colchón fijo,6.0,77,0
M2 sesgo sistemático,8,70,B colchón fijo,8.0,79,0
M2 sesgo sistemático,8,70,B colchón fijo,10.0,81,0
M2 sesgo sistemático,8,70,B colchón fijo,12.0,84,0
M2 sesgo sistemático,8,70,B colchón fijo,15.0,87,0
M2 sesgo sistemático,8,70,MC completo,0.5,73,0
M2 sesgo sistemático,8,70,MC completo,0.6,74,0
M2 sesgo sistemático,8,70,MC completo,0.7,75,0
M2 sesgo sistemático,8,70,MC completo,0.8,78,0
M2 sesgo sistemático,8,70,MC completo,0.85,78,0
M2 sesgo sistemático,8,70,MC completo,0.9,79,0
M2 sesgo sistemático,8,70,MC completo,0.93,80,0
M2 sesgo sistemático,8,70,MC completo,0.95,81,0
M2 sesgo sistemático,8,70,MC completo,0.97,82,0
M2 sesgo sistemático,8,70,MC sin conformal,0.5,73,0
M2 sesgo sistemático,8,70,MC sin conformal,0.6,74,0
M2 sesgo sistemático,8,70,MC sin conformal,0.7,75,0
M2 sesgo sistemático,8,70,MC sin conformal,0.8,77,0
M2 sesgo sistemático,8,70,MC sin conformal,0.85,78,0
M2 sesgo sistemático,8,70,MC sin conformal,0.9,79,0
M2 sesgo sistemático,8,70,MC sin conformal,0.93,80,0
M2 sesgo sistemático,8,70,MC sin conformal,0.95,80,0
M2 sesgo sistemático,8,70,MC sin conformal,0.97,81,0
M2 sesgo sistemático,8,70,MC sin disponibilidad,0.5,72,0
M2 sesgo sistemático,8,70,MC sin disponibilidad,0.6,73,0
M2 sesgo sistemático,8,70,MC sin disponibilidad,0.7,74,0
M2 sesgo sistemático,8,70,MC sin disponibilidad,0.8,75,0
M2 sesgo sistemático,8,70,MC sin disponibilidad,0.85,77,0
M2 sesgo sistemático,8,70,MC sin disponibilidad,0.9,78,0
M2 sesgo sistemático,8,70,MC sin disponibilidad,0.93,79,0
M2 sesgo sistemático,8,70,MC sin disponibilidad,0.95,80,0
M2 sesgo sistemático,8,70,MC sin disponibilidad,0.97,81,0
M2 sesgo sistemático,8,70,MC sin carga del taller,0.5,71,0
M2 sesgo sistemático,8,70,MC sin carga del taller,0.6,72,0
M2 sesgo sistemático,8,70,MC sin carga del taller,0.7,73,0
M2 sesgo sistemático,8,70,MC sin carga del taller,0.8,74,0
M2 sesgo sistemático,8,70,MC sin carga del taller,0.85,75,0
M2 sesgo sistemático,8,70,MC sin carga del taller,0.9,78,0
M2 sesgo sistemático,8,70,MC sin carga del taller,0.93,78,0
M2 sesgo sistemático,8,70,MC sin carga del taller,0.95,79,0
M2 sesgo sistemático,8,70,MC sin carga del taller,0.97,80,0
M2 sesgo sistemático,8,70,MC con rho = 0,0.5,73,0
M2 sesgo sistemático,8,70,MC con rho = 0,0.6,74,0
M2 sesgo sistemático,8,70,MC con rho = 0,0.7,75,0
M2 sesgo sistemático,8,70,MC con rho = 0,0.8,77,0
M2 sesgo sistemático,8,70,MC con rho = 0,0.85,78,0
M2 sesgo sistemático,8,70,MC con rho = 0,0.9,79,0
M2 sesgo sistemático,8,70,MC con rho = 0,0.93,79,0
M2 sesgo sistemático,8,70,MC con rho = 0,0.95,80,0
M2 sesgo sistemático,8,70,MC con rho = 0,0.97,81,0
M2 sesgo sistemático,8,70,MC sin variables (empírico),0.5,72,0
M2 sesgo sistemático,8,70,MC sin variables (empírico),0.6,72,0
M2 sesgo sistemático,8,70,MC sin variables (empírico),0.7,73,0
M2 sesgo sistemático,8,70,MC sin variables (empírico),0.8,74,0
M2 sesgo sistemático,8,70,MC sin variables (empírico),0.85,75,0
M2 sesgo sistemático,8,70,MC sin variables (empírico),0.9,77,0
M2 sesgo sistemático,8,70,MC sin variables (empírico),0.93,77,0
M2 sesgo sistemático,8,70,MC sin variables (empírico),0.95,78,0
M2 sesgo sistemático,8,70,MC sin variables (empírico),0.97,79,0
M2 sesgo sistemático,9,62,A0 criterio del cotizador,0.0,62,0
M2 sesgo sistemático,9,62,B colchón fijo,0.0,63,0
M2 sesgo sistemático,9,62,B colchón fijo,1.0,64,0
M2 sesgo sistemático,9,62,B colchón fijo,2.0,65,0
M2 sesgo sistemático,9,62,B colchón fijo,3.0,66,0
M2 sesgo sistemático,9,62,B colchón fijo,4.0,68,0
M2 sesgo sistemático,9,62,B colchón fijo,6.0,70,0
M2 sesgo sistemático,9,62,B colchón fijo,8.0,72,0
M2 sesgo sistemático,9,62,B colchón fijo,10.0,75,0
M2 sesgo sistemático,9,62,B colchón fijo,12.0,77,0
M2 sesgo sistemático,9,62,B colchón fijo,15.0,80,0
M2 sesgo sistemático,9,62,MC completo,0.5,65,0
M2 sesgo sistemático,9,62,MC completo,0.6,66,0
M2 sesgo sistemático,9,62,MC completo,0.7,68,0
M2 sesgo sistemático,9,62,MC completo,0.8,69,0
M2 sesgo sistemático,9,62,MC completo,0.85,70,0
M2 sesgo sistemático,9,62,MC completo,0.9,70,0
M2 sesgo sistemático,9,62,MC completo,0.93,71,0
M2 sesgo sistemático,9,62,MC completo,0.95,71,0
M2 sesgo sistemático,9,62,MC completo,0.97,72,0
M2 sesgo sistemático,9,62,MC sin conformal,0.5,65,0
M2 sesgo sistemático,9,62,MC sin conformal,0.6,66,0
M2 sesgo sistemático,9,62,MC sin conformal,0.7,68,0
M2 sesgo sistemático,9,62,MC sin conformal,0.8,69,0
M2 sesgo sistemático,9,62,MC sin conformal,0.85,69,0
M2 sesgo sistemático,9,62,MC sin conformal,0.9,70,0
M2 sesgo sistemático,9,62,MC sin conformal,0.93,71,0
M2 sesgo sistemático,9,62,MC sin conformal,0.95,71,0
M2 sesgo sistemático,9,62,MC sin conformal,0.97,72,0
M2 sesgo sistemático,9,62,MC sin disponibilidad,0.5,64,0
M2 sesgo sistemático,9,62,MC sin disponibilidad,0.6,65,0
M2 sesgo sistemático,9,62,MC sin disponibilidad,0.7,66,0
M2 sesgo sistemático,9,62,MC sin disponibilidad,0.8,68,0
M2 sesgo sistemático,9,62,MC sin disponibilidad,0.85,68,0
M2 sesgo sistemático,9,62,MC sin disponibilidad,0.9,70,0
M2 sesgo sistemático,9,62,MC sin disponibilidad,0.93,70,0
M2 sesgo sistemático,9,62,MC sin disponibilidad,0.95,71,0
M2 sesgo sistemático,9,62,MC sin disponibilidad,0.97,71,0
M2 sesgo sistemático,9,62,MC sin carga del taller,0.5,65,0
M2 sesgo sistemático,9,62,MC sin carga del taller,0.6,66,0
M2 sesgo sistemático,9,62,MC sin carga del taller,0.7,68,0
M2 sesgo sistemático,9,62,MC sin carga del taller,0.8,69,0
M2 sesgo sistemático,9,62,MC sin carga del taller,0.85,70,0
M2 sesgo sistemático,9,62,MC sin carga del taller,0.9,70,0
M2 sesgo sistemático,9,62,MC sin carga del taller,0.93,71,0
M2 sesgo sistemático,9,62,MC sin carga del taller,0.95,71,0
M2 sesgo sistemático,9,62,MC sin carga del taller,0.97,72,0
M2 sesgo sistemático,9,62,MC con rho = 0,0.5,65,0
M2 sesgo sistemático,9,62,MC con rho = 0,0.6,65,0
M2 sesgo sistemático,9,62,MC con rho = 0,0.7,66,0
M2 sesgo sistemático,9,62,MC con rho = 0,0.8,68,0
M2 sesgo sistemático,9,62,MC con rho = 0,0.85,69,0
M2 sesgo sistemático,9,62,MC con rho = 0,0.9,70,0
M2 sesgo sistemático,9,62,MC con rho = 0,0.93,71,0
M2 sesgo sistemático,9,62,MC con rho = 0,0.95,71,0
M2 sesgo sistemático,9,62,MC con rho = 0,0.97,72,0
M2 sesgo sistemático,9,62,MC sin variables (empírico),0.5,63,0
M2 sesgo sistemático,9,62,MC sin variables (empírico),0.6,64,0
M2 sesgo sistemático,9,62,MC sin variables (empírico),0.7,64,0
M2 sesgo sistemático,9,62,MC sin variables (empírico),0.8,66,0
M2 sesgo sistemático,9,62,MC sin variables (empírico),0.85,66,0
M2 sesgo sistemático,9,62,MC sin variables (empírico),0.9,68,0
M2 sesgo sistemático,9,62,MC sin variables (empírico),0.93,68,0
M2 sesgo sistemático,9,62,MC sin variables (empírico),0.95,69,0
M2 sesgo sistemático,9,62,MC sin variables (empírico),0.97,70,0
M2 sesgo sistemático,11,47,A0 criterio del cotizador,0.0,47,0
M2 sesgo sistemático,11,47,B colchón fijo,0.0,44,3
M2 sesgo sistemático,11,47,B colchón fijo,1.0,46,1
M2 sesgo sistemático,11,47,B colchón fijo,2.0,47,0
M2 sesgo sistemático,11,47,B colchón fijo,3.0,48,0
M2 sesgo sistemático,11,47,B colchón fijo,4.0,49,0
M2 sesgo sistemático,11,47,B colchón fijo,6.0,51,0
M2 sesgo sistemático,11,47,B colchón fijo,8.0,54,0
M2 sesgo sistemático,11,47,B colchón fijo,10.0,56,0
M2 sesgo sistemático,11,47,B colchón fijo,12.0,58,0
M2 sesgo sistemático,11,47,B colchón fijo,15.0,62,0
M2 sesgo sistemático,11,47,MC completo,0.5,44,3
M2 sesgo sistemático,11,47,MC completo,0.6,44,3
M2 sesgo sistemático,11,47,MC completo,0.7,46,1
M2 sesgo sistemático,11,47,MC completo,0.8,46,1
M2 sesgo sistemático,11,47,MC completo,0.85,47,0
M2 sesgo sistemático,11,47,MC completo,0.9,48,0
M2 sesgo sistemático,11,47,MC completo,0.93,48,0
M2 sesgo sistemático,11,47,MC completo,0.95,49,0
M2 sesgo sistemático,11,47,MC completo,0.97,49,0
M2 sesgo sistemático,11,47,MC sin conformal,0.5,43,4
M2 sesgo sistemático,11,47,MC sin conformal,0.6,44,3
M2 sesgo sistemático,11,47,MC sin conformal,0.7,46,1
M2 sesgo sistemático,11,47,MC sin conformal,0.8,46,1
M2 sesgo sistemático,11,47,MC sin conformal,0.85,47,0
M2 sesgo sistemático,11,47,MC sin conformal,0.9,47,0
M2 sesgo sistemático,11,47,MC sin conformal,0.93,48,0
M2 sesgo sistemático,11,47,MC sin conformal,0.95,49,0
M2 sesgo sistemático,11,47,MC sin conformal,0.97,49,0
M2 sesgo sistemático,11,47,MC sin disponibilidad,0.5,43,4
M2 sesgo sistemático,11,47,MC sin disponibilidad,0.6,44,3
M2 sesgo sistemático,11,47,MC sin disponibilidad,0.7,44,3
M2 sesgo sistemático,11,47,MC sin disponibilidad,0.8,46,1
M2 sesgo sistemático,11,47,MC sin disponibilidad,0.85,46,1
M2 sesgo sistemático,11,47,MC sin disponibilidad,0.9,47,0
M2 sesgo sistemático,11,47,MC sin disponibilidad,0.93,47,0
M2 sesgo sistemático,11,47,MC sin disponibilidad,0.95,48,0
M2 sesgo sistemático,11,47,MC sin disponibilidad,0.97,48,0
M2 sesgo sistemático,11,47,MC sin carga del taller,0.5,42,5
M2 sesgo sistemático,11,47,MC sin carga del taller,0.6,43,4
M2 sesgo sistemático,11,47,MC sin carga del taller,0.7,43,4
M2 sesgo sistemático,11,47,MC sin carga del taller,0.8,44,3
M2 sesgo sistemático,11,47,MC sin carga del taller,0.85,46,1
M2 sesgo sistemático,11,47,MC sin carga del taller,0.9,46,1
M2 sesgo sistemático,11,47,MC sin carga del taller,0.93,47,0
M2 sesgo sistemático,11,47,MC sin carga del taller,0.95,47,0
M2 sesgo sistemático,11,47,MC sin carga del taller,0.97,48,0
M2 sesgo sistemático,11,47,MC con rho = 0,0.5,44,3
M2 sesgo sistemático,11,47,MC con rho = 0,0.6,44,3
M2 sesgo sistemático,11,47,MC con rho = 0,0.7,46,1
M2 sesgo sistemático,11,47,MC con rho = 0,0.8,46,1
M2 sesgo sistemático,11,47,MC con rho = 0,0.85,47,0
M2 sesgo sistemático,11,47,MC con rho = 0,0.9,47,0
M2 sesgo sistemático,11,47,MC con rho = 0,0.93,48,0
M2 sesgo sistemático,11,47,MC con rho = 0,0.95,49,0
M2 sesgo sistemático,11,47,MC con rho = 0,0.97,49,0
M2 sesgo sistemático,11,47,MC sin variables (empírico),0.5,43,4
M2 sesgo sistemático,11,47,MC sin variables (empírico),0.6,44,3
M2 sesgo sistemático,11,47,MC sin variables (empírico),0.7,46,1
M2 sesgo sistemático,11,47,MC sin variables (empírico),0.8,46,1
M2 sesgo sistemático,11,47,MC sin variables (empírico),0.85,47,0
M2 sesgo sistemático,11,47,MC sin variables (empírico),0.9,47,0
M2 sesgo sistemático,11,47,MC sin variables (empírico),0.93,48,0
M2 sesgo sistemático,11,47,MC sin variables (empírico),0.95,49,0
M2 sesgo sistemático,11,47,MC sin variables (empírico),0.97,49,0
M2 sesgo sistemático,14,62,A0 criterio del cotizador,0.0,62,0
M2 sesgo sistemático,14,62,B colchón fijo,0.0,63,0
M2 sesgo sistemático,14,62,B colchón fijo,1.0,64,0
M2 sesgo sistemático,14,62,B colchón fijo,2.0,65,0
M2 sesgo sistemático,14,62,B colchón fijo,3.0,67,0
M2 sesgo sistemático,14,62,B colchón fijo,4.0,68,0
M2 sesgo sistemático,14,62,B colchón fijo,6.0,70,0
M2 sesgo sistemático,14,62,B colchón fijo,8.0,72,0
M2 sesgo sistemático,14,62,B colchón fijo,10.0,75,0
M2 sesgo sistemático,14,62,B colchón fijo,12.0,77,0
M2 sesgo sistemático,14,62,B colchón fijo,15.0,81,0
M2 sesgo sistemático,14,62,MC completo,0.5,65,0
M2 sesgo sistemático,14,62,MC completo,0.6,67,0
M2 sesgo sistemático,14,62,MC completo,0.7,68,0
M2 sesgo sistemático,14,62,MC completo,0.8,70,0
M2 sesgo sistemático,14,62,MC completo,0.85,70,0
M2 sesgo sistemático,14,62,MC completo,0.9,71,0
M2 sesgo sistemático,14,62,MC completo,0.93,72,0
M2 sesgo sistemático,14,62,MC completo,0.95,74,0
M2 sesgo sistemático,14,62,MC completo,0.97,75,0
M2 sesgo sistemático,14,62,MC sin conformal,0.5,65,0
M2 sesgo sistemático,14,62,MC sin conformal,0.6,67,0
M2 sesgo sistemático,14,62,MC sin conformal,0.7,68,0
M2 sesgo sistemático,14,62,MC sin conformal,0.8,69,0
M2 sesgo sistemático,14,62,MC sin conformal,0.85,70,0
M2 sesgo sistemático,14,62,MC sin conformal,0.9,71,0
M2 sesgo sistemático,14,62,MC sin conformal,0.93,71,0
M2 sesgo sistemático,14,62,MC sin conformal,0.95,72,0
M2 sesgo sistemático,14,62,MC sin conformal,0.97,74,0
M2 sesgo sistemático,14,62,MC sin disponibilidad,0.5,65,0
M2 sesgo sistemático,14,62,MC sin disponibilidad,0.6,67,0
M2 sesgo sistemático,14,62,MC sin disponibilidad,0.7,68,0
M2 sesgo sistemático,14,62,MC sin disponibilidad,0.8,69,0
M2 sesgo sistemático,14,62,MC sin disponibilidad,0.85,70,0
M2 sesgo sistemático,14,62,MC sin disponibilidad,0.9,70,0
M2 sesgo sistemático,14,62,MC sin disponibilidad,0.93,71,0
M2 sesgo sistemático,14,62,MC sin disponibilidad,0.95,72,0
M2 sesgo sistemático,14,62,MC sin disponibilidad,0.97,74,0
M2 sesgo sistemático,14,62,MC sin carga del taller,0.5,65,0
M2 sesgo sistemático,14,62,MC sin carga del taller,0.6,67,0
M2 sesgo sistemático,14,62,MC sin carga del taller,0.7,68,0
M2 sesgo sistemático,14,62,MC sin carga del taller,0.8,70,0
M2 sesgo sistemático,14,62,MC sin carga del taller,0.85,70,0
M2 sesgo sistemático,14,62,MC sin carga del taller,0.9,71,0
M2 sesgo sistemático,14,62,MC sin carga del taller,0.93,72,0
M2 sesgo sistemático,14,62,MC sin carga del taller,0.95,74,0
M2 sesgo sistemático,14,62,MC sin carga del taller,0.97,75,0
M2 sesgo sistemático,14,62,MC con rho = 0,0.5,65,0
M2 sesgo sistemático,14,62,MC con rho = 0,0.6,67,0
M2 sesgo sistemático,14,62,MC con rho = 0,0.7,68,0
M2 sesgo sistemático,14,62,MC con rho = 0,0.8,69,0
M2 sesgo sistemático,14,62,MC con rho = 0,0.85,70,0
M2 sesgo sistemático,14,62,MC con rho = 0,0.9,70,0
M2 sesgo sistemático,14,62,MC con rho = 0,0.93,71,0
M2 sesgo sistemático,14,62,MC con rho = 0,0.95,72,0
M2 sesgo sistemático,14,62,MC con rho = 0,0.97,74,0
M2 sesgo sistemático,14,62,MC sin variables (empírico),0.5,63,0
M2 sesgo sistemático,14,62,MC sin variables (empírico),0.6,64,0
M2 sesgo sistemático,14,62,MC sin variables (empírico),0.7,65,0
M2 sesgo sistemático,14,62,MC sin variables (empírico),0.8,67,0
M2 sesgo sistemático,14,62,MC sin variables (empírico),0.85,68,0
M2 sesgo sistemático,14,62,MC sin variables (empírico),0.9,69,0
M2 sesgo sistemático,14,62,MC sin variables (empírico),0.93,69,0
M2 sesgo sistemático,14,62,MC sin variables (empírico),0.95,70,0
M2 sesgo sistemático,14,62,MC sin variables (empírico),0.97,71,0
M2 sesgo sistemático,10,52,A0 criterio del cotizador,0.0,52,0
M2 sesgo sistemático,10,52,B colchón fijo,0.0,49,3
M2 sesgo sistemático,10,52,B colchón fijo,1.0,50,2
M2 sesgo sistemático,10,52,B colchón fijo,2.0,51,1
M2 sesgo sistemático,10,52,B colchón fijo,3.0,53,0
M2 sesgo sistemático,10,52,B colchón fijo,4.0,54,0
M2 sesgo sistemático,10,52,B colchón fijo,6.0,56,0
M2 sesgo sistemático,10,52,B colchón fijo,8.0,58,0
M2 sesgo sistemático,10,52,B colchón fijo,10.0,61,0
M2 sesgo sistemático,10,52,B colchón fijo,12.0,63,0
M2 sesgo sistemático,10,52,B colchón fijo,15.0,67,0
M2 sesgo sistemático,10,52,MC completo,0.5,49,3
M2 sesgo sistemático,10,52,MC completo,0.6,50,2
M2 sesgo sistemático,10,52,MC completo,0.7,51,1
M2 sesgo sistemático,10,52,MC completo,0.8,53,0
M2 sesgo sistemático,10,52,MC completo,0.85,53,0
M2 sesgo sistemático,10,52,MC completo,0.9,54,0
M2 sesgo sistemático,10,52,MC completo,0.93,54,0
M2 sesgo sistemático,10,52,MC completo,0.95,55,0
M2 sesgo sistemático,10,52,MC completo,0.97,56,0
M2 sesgo sistemático,10,52,MC sin conformal,0.5,49,3
M2 sesgo sistemático,10,52,MC sin conformal,0.6,50,2
M2 sesgo sistemático,10,52,MC sin conformal,0.7,51,1
M2 sesgo sistemático,10,52,MC sin conformal,0.8,51,1
M2 sesgo sistemático,10,52,MC sin conformal,0.85,53,0
M2 sesgo sistemático,10,52,MC sin conformal,0.9,54,0
M2 sesgo sistemático,10,52,MC sin conformal,0.93,54,0
M2 sesgo sistemático,10,52,MC sin conformal,0.95,55,0
M2 sesgo sistemático,10,52,MC sin conformal,0.97,55,0
M2 sesgo sistemático,10,52,MC sin disponibilidad,0.5,49,3
M2 sesgo sistemático,10,52,MC sin disponibilidad,0.6,50,2
M2 sesgo sistemático,10,52,MC sin disponibilidad,0.7,50,2
M2 sesgo sistemático,10,52,MC sin disponibilidad,0.8,51,1
M2 sesgo sistemático,10,52,MC sin disponibilidad,0.85,53,0
M2 sesgo sistemático,10,52,MC sin disponibilidad,0.9,53,0
M2 sesgo sistemático,10,52,MC sin disponibilidad,0.93,54,0
M2 sesgo sistemático,10,52,MC sin disponibilidad,0.95,54,0
M2 sesgo sistemático,10,52,MC sin disponibilidad,0.97,55,0
M2 sesgo sistemático,10,52,MC sin carga del taller,0.5,49,3
M2 sesgo sistemático,10,52,MC sin carga del taller,0.6,49,3
M2 sesgo sistemático,10,52,MC sin carga del taller,0.7,50,2
M2 sesgo sistemático,10,52,MC sin carga del taller,0.8,51,1
M2 sesgo sistemático,10,52,MC sin carga del taller,0.85,51,1
M2 sesgo sistemático,10,52,MC sin carga del taller,0.9,53,0
M2 sesgo sistemático,10,52,MC sin carga del taller,0.93,54,0
M2 sesgo sistemático,10,52,MC sin carga del taller,0.95,54,0
M2 sesgo sistemático,10,52,MC sin carga del taller,0.97,55,0
M2 sesgo sistemático,10,52,MC con rho = 0,0.5,49,3
M2 sesgo sistemático,10,52,MC con rho = 0,0.6,50,2
M2 sesgo sistemático,10,52,MC con rho = 0,0.7,51,1
M2 sesgo sistemático,10,52,MC con rho = 0,0.8,51,1
M2 sesgo sistemático,10,52,MC con rho = 0,0.85,53,0
M2 sesgo sistemático,10,52,MC con rho = 0,0.9,54,0
M2 sesgo sistemático,10,52,MC con rho = 0,0.93,54,0
M2 sesgo sistemático,10,52,MC con rho = 0,0.95,55,0
M2 sesgo sistemático,10,52,MC con rho = 0,0.97,56,0
M2 sesgo sistemático,10,52,MC sin variables (empírico),0.5,48,4
M2 sesgo sistemático,10,52,MC sin variables (empírico),0.6,48,4
M2 sesgo sistemático,10,52,MC sin variables (empírico),0.7,49,3
M2 sesgo sistemático,10,52,MC sin variables (empírico),0.8,50,2
M2 sesgo sistemático,10,52,MC sin variables (empírico),0.85,50,2
M2 sesgo sistemático,10,52,MC sin variables (empírico),0.9,51,1
M2 sesgo sistemático,10,52,MC sin variables (empírico),0.93,53,0
M2 sesgo sistemático,10,52,MC sin variables (empírico),0.95,53,0
M2 sesgo sistemático,10,52,MC sin variables (empírico),0.97,54,0
M2 sesgo sistemático,12,66,A0 criterio del cotizador,0.0,66,4
M2 sesgo sistemático,12,66,B colchón fijo,0.0,69,1
M2 sesgo sistemático,12,66,B colchón fijo,1.0,70,0
M2 sesgo sistemático,12,66,B colchón fijo,2.0,72,0
M2 sesgo sistemático,12,66,B colchón fijo,3.0,73,0
M2 sesgo sistemático,12,66,B colchón fijo,4.0,74,0
M2 sesgo sistemático,12,66,B colchón fijo,6.0,76,0
M2 sesgo sistemático,12,66,B colchón fijo,8.0,79,0
M2 sesgo sistemático,12,66,B colchón fijo,10.0,81,0
M2 sesgo sistemático,12,66,B colchón fijo,12.0,83,0
M2 sesgo sistemático,12,66,B colchón fijo,15.0,87,0
M2 sesgo sistemático,12,66,MC completo,0.5,72,0
M2 sesgo sistemático,12,66,MC completo,0.6,72,0
M2 sesgo sistemático,12,66,MC completo,0.7,74,0
M2 sesgo sistemático,12,66,MC completo,0.8,75,0
M2 sesgo sistemático,12,66,MC completo,0.85,76,0
M2 sesgo sistemático,12,66,MC completo,0.9,76,0
M2 sesgo sistemático,12,66,MC completo,0.93,77,0
M2 sesgo sistemático,12,66,MC completo,0.95,79,0
M2 sesgo sistemático,12,66,MC completo,0.97,80,0
M2 sesgo sistemático,12,66,MC sin conformal,0.5,70,0
M2 sesgo sistemático,12,66,MC sin conformal,0.6,72,0
M2 sesgo sistemático,12,66,MC sin conformal,0.7,73,0
M2 sesgo sistemático,12,66,MC sin conformal,0.8,75,0
M2 sesgo sistemático,12,66,MC sin conformal,0.85,75,0
M2 sesgo sistemático,12,66,MC sin conformal,0.9,76,0
M2 sesgo sistemático,12,66,MC sin conformal,0.93,77,0
M2 sesgo sistemático,12,66,MC sin conformal,0.95,77,0
M2 sesgo sistemático,12,66,MC sin conformal,0.97,79,0
M2 sesgo sistemático,12,66,MC sin disponibilidad,0.5,69,1
M2 sesgo sistemático,12,66,MC sin disponibilidad,0.6,70,0
M2 sesgo sistemático,12,66,MC sin disponibilidad,0.7,73,0
M2 sesgo sistemático,12,66,MC sin disponibilidad,0.8,74,0
M2 sesgo sistemático,12,66,MC sin disponibilidad,0.85,74,0
M2 sesgo sistemático,12,66,MC sin disponibilidad,0.9,75,0
M2 sesgo sistemático,12,66,MC sin disponibilidad,0.93,76,0
M2 sesgo sistemático,12,66,MC sin disponibilidad,0.95,77,0
M2 sesgo sistemático,12,66,MC sin disponibilidad,0.97,79,0
M2 sesgo sistemático,12,66,MC sin carga del taller,0.5,67,3
M2 sesgo sistemático,12,66,MC sin carga del taller,0.6,68,2
M2 sesgo sistemático,12,66,MC sin carga del taller,0.7,69,1
M2 sesgo sistemático,12,66,MC sin carga del taller,0.8,70,0
M2 sesgo sistemático,12,66,MC sin carga del taller,0.85,72,0
M2 sesgo sistemático,12,66,MC sin carga del taller,0.9,73,0
M2 sesgo sistemático,12,66,MC sin carga del taller,0.93,74,0
M2 sesgo sistemático,12,66,MC sin carga del taller,0.95,75,0
M2 sesgo sistemático,12,66,MC sin carga del taller,0.97,76,0
M2 sesgo sistemático,12,66,MC con rho = 0,0.5,72,0
M2 sesgo sistemático,12,66,MC con rho = 0,0.6,73,0
M2 sesgo sistemático,12,66,MC con rho = 0,0.7,73,0
M2 sesgo sistemático,12,66,MC con rho = 0,0.8,74,0
M2 sesgo sistemático,12,66,MC con rho = 0,0.85,75,0
M2 sesgo sistemático,12,66,MC con rho = 0,0.9,76,0
M2 sesgo sistemático,12,66,MC con rho = 0,0.93,77,0
M2 sesgo sistemático,12,66,MC con rho = 0,0.95,77,0
M2 sesgo sistemático,12,66,MC con rho = 0,0.97,80,0
M2 sesgo sistemático,12,66,MC sin variables (empírico),0.5,68,2
M2 sesgo sistemático,12,66,MC sin variables (empírico),0.6,69,1
M2 sesgo sistemático,12,66,MC sin variables (empírico),0.7,70,0
M2 sesgo sistemático,12,66,MC sin variables (empírico),0.8,72,0
M2 sesgo sistemático,12,66,MC sin variables (empírico),0.85,73,0
M2 sesgo sistemático,12,66,MC sin variables (empírico),0.9,74,0
M2 sesgo sistemático,12,66,MC sin variables (empírico),0.93,74,0
M2 sesgo sistemático,12,66,MC sin variables (empírico),0.95,75,0
M2 sesgo sistemático,12,66,MC sin variables (empírico),0.97,76,0
M2 sesgo sistemático,15,76,A0 criterio del cotizador,0.0,76,0
M2 sesgo sistemático,15,76,B colchón fijo,0.0,70,4
M2 sesgo sistemático,15,76,B colchón fijo,1.0,71,3
M2 sesgo sistemático,15,76,B colchón fijo,2.0,73,1
M2 sesgo sistemático,15,76,B colchón fijo,3.0,74,0
M2 sesgo sistemático,15,76,B colchón fijo,4.0,75,0
M2 sesgo sistemático,15,76,B colchón fijo,6.0,77,0
M2 sesgo sistemático,15,76,B colchón fijo,8.0,80,0
M2 sesgo sistemático,15,76,B colchón fijo,10.0,82,0
M2 sesgo sistemático,15,76,B colchón fijo,12.0,84,0
M2 sesgo sistemático,15,76,B colchón fijo,15.0,88,0
M2 sesgo sistemático,15,76,MC completo,0.5,73,1
M2 sesgo sistemático,15,76,MC completo,0.6,74,0
M2 sesgo sistemático,15,76,MC completo,0.7,76,0
M2 sesgo sistemático,15,76,MC completo,0.8,77,0
M2 sesgo sistemático,15,76,MC completo,0.85,78,0
M2 sesgo sistemático,15,76,MC completo,0.9,80,0
M2 sesgo sistemático,15,76,MC completo,0.93,81,0
M2 sesgo sistemático,15,76,MC completo,0.95,82,0
M2 sesgo sistemático,15,76,MC completo,0.97,83,0
M2 sesgo sistemático,15,76,MC sin conformal,0.5,73,1
M2 sesgo sistemático,15,76,MC sin conformal,0.6,74,0
M2 sesgo sistemático,15,76,MC sin conformal,0.7,75,0
M2 sesgo sistemático,15,76,MC sin conformal,0.8,76,0
M2 sesgo sistemático,15,76,MC sin conformal,0.85,77,0
M2 sesgo sistemático,15,76,MC sin conformal,0.9,80,0
M2 sesgo sistemático,15,76,MC sin conformal,0.93,80,0
M2 sesgo sistemático,15,76,MC sin conformal,0.95,81,0
M2 sesgo sistemático,15,76,MC sin conformal,0.97,82,0
M2 sesgo sistemático,15,76,MC sin disponibilidad,0.5,73,1
M2 sesgo sistemático,15,76,MC sin disponibilidad,0.6,74,0
M2 sesgo sistemático,15,76,MC sin disponibilidad,0.7,75,0
M2 sesgo sistemático,15,76,MC sin disponibilidad,0.8,76,0
M2 sesgo sistemático,15,76,MC sin disponibilidad,0.85,77,0
M2 sesgo sistemático,15,76,MC sin disponibilidad,0.9,78,0
M2 sesgo sistemático,15,76,MC sin disponibilidad,0.93,80,0
M2 sesgo sistemático,15,76,MC sin disponibilidad,0.95,80,0
M2 sesgo sistemático,15,76,MC sin disponibilidad,0.97,82,0
M2 sesgo sistemático,15,76,MC sin carga del taller,0.5,73,1
M2 sesgo sistemático,15,76,MC sin carga del taller,0.6,74,0
M2 sesgo sistemático,15,76,MC sin carga del taller,0.7,76,0
M2 sesgo sistemático,15,76,MC sin carga del taller,0.8,77,0
M2 sesgo sistemático,15,76,MC sin carga del taller,0.85,78,0
M2 sesgo sistemático,15,76,MC sin carga del taller,0.9,80,0
M2 sesgo sistemático,15,76,MC sin carga del taller,0.93,81,0
M2 sesgo sistemático,15,76,MC sin carga del taller,0.95,82,0
M2 sesgo sistemático,15,76,MC sin carga del taller,0.97,83,0
M2 sesgo sistemático,15,76,MC con rho = 0,0.5,73,1
M2 sesgo sistemático,15,76,MC con rho = 0,0.6,74,0
M2 sesgo sistemático,15,76,MC con rho = 0,0.7,75,0
M2 sesgo sistemático,15,76,MC con rho = 0,0.8,76,0
M2 sesgo sistemático,15,76,MC con rho = 0,0.85,77,0
M2 sesgo sistemático,15,76,MC con rho = 0,0.9,78,0
M2 sesgo sistemático,15,76,MC con rho = 0,0.93,80,0
M2 sesgo sistemático,15,76,MC con rho = 0,0.95,81,0
M2 sesgo sistemático,15,76,MC con rho = 0,0.97,82,0
M2 sesgo sistemático,15,76,MC sin variables (empírico),0.5,71,3
M2 sesgo sistemático,15,76,MC sin variables (empírico),0.6,73,1
M2 sesgo sistemático,15,76,MC sin variables (empírico),0.7,74,0
M2 sesgo sistemático,15,76,MC sin variables (empírico),0.8,75,0
M2 sesgo sistemático,15,76,MC sin variables (empírico),0.85,76,0
M2 sesgo sistemático,15,76,MC sin variables (empírico),0.9,77,0
M2 sesgo sistemático,15,76,MC sin variables (empírico),0.93,77,0
M2 sesgo sistemático,15,76,MC sin variables (empírico),0.95,78,0
M2 sesgo sistemático,15,76,MC sin variables (empírico),0.97,81,0
M2 sesgo sistemático,19,57,A0 criterio del cotizador,0.0,57,8
M2 sesgo sistemático,19,57,B colchón fijo,0.0,55,10
M2 sesgo sistemático,19,57,B colchón fijo,1.0,56,9
M2 sesgo sistemático,19,57,B colchón fijo,2.0,57,8
M2 sesgo sistemático,19,57,B colchón fijo,3.0,58,7
M2 sesgo sistemático,19,57,B colchón fijo,4.0,59,6
M2 sesgo sistemático,19,57,B colchón fijo,6.0,62,3
M2 sesgo sistemático,19,57,B colchón fijo,8.0,64,1
M2 sesgo sistemático,19,57,B colchón fijo,10.0,66,0
M2 sesgo sistemático,19,57,B colchón fijo,12.0,69,0
M2 sesgo sistemático,19,57,B colchón fijo,15.0,72,0
M2 sesgo sistemático,19,57,MC completo,0.5,56,9
M2 sesgo sistemático,19,57,MC completo,0.6,57,8
M2 sesgo sistemático,19,57,MC completo,0.7,57,8
M2 sesgo sistemático,19,57,MC completo,0.8,58,7
M2 sesgo sistemático,19,57,MC completo,0.85,59,6
M2 sesgo sistemático,19,57,MC completo,0.9,61,4
M2 sesgo sistemático,19,57,MC completo,0.93,62,3
M2 sesgo sistemático,19,57,MC completo,0.95,62,3
M2 sesgo sistemático,19,57,MC completo,0.97,63,2
M2 sesgo sistemático,19,57,MC sin conformal,0.5,56,9
M2 sesgo sistemático,19,57,MC sin conformal,0.6,57,8
M2 sesgo sistemático,19,57,MC sin conformal,0.7,57,8
M2 sesgo sistemático,19,57,MC sin conformal,0.8,58,7
M2 sesgo sistemático,19,57,MC sin conformal,0.85,59,6
M2 sesgo sistemático,19,57,MC sin conformal,0.9,61,4
M2 sesgo sistemático,19,57,MC sin conformal,0.93,61,4
M2 sesgo sistemático,19,57,MC sin conformal,0.95,62,3
M2 sesgo sistemático,19,57,MC sin conformal,0.97,63,2
M2 sesgo sistemático,19,57,MC sin disponibilidad,0.5,55,10
M2 sesgo sistemático,19,57,MC sin disponibilidad,0.6,56,9
M2 sesgo sistemático,19,57,MC sin disponibilidad,0.7,57,8
M2 sesgo sistemático,19,57,MC sin disponibilidad,0.8,58,7
M2 sesgo sistemático,19,57,MC sin disponibilidad,0.85,58,7
M2 sesgo sistemático,19,57,MC sin disponibilidad,0.9,59,6
M2 sesgo sistemático,19,57,MC sin disponibilidad,0.93,61,4
M2 sesgo sistemático,19,57,MC sin disponibilidad,0.95,61,4
M2 sesgo sistemático,19,57,MC sin disponibilidad,0.97,62,3
M2 sesgo sistemático,19,57,MC sin carga del taller,0.5,56,9
M2 sesgo sistemático,19,57,MC sin carga del taller,0.6,57,8
M2 sesgo sistemático,19,57,MC sin carga del taller,0.7,57,8
M2 sesgo sistemático,19,57,MC sin carga del taller,0.8,58,7
M2 sesgo sistemático,19,57,MC sin carga del taller,0.85,59,6
M2 sesgo sistemático,19,57,MC sin carga del taller,0.9,61,4
M2 sesgo sistemático,19,57,MC sin carga del taller,0.93,62,3
M2 sesgo sistemático,19,57,MC sin carga del taller,0.95,62,3
M2 sesgo sistemático,19,57,MC sin carga del taller,0.97,63,2
M2 sesgo sistemático,19,57,MC con rho = 0,0.5,56,9
M2 sesgo sistemático,19,57,MC con rho = 0,0.6,57,8
M2 sesgo sistemático,19,57,MC con rho = 0,0.7,57,8
M2 sesgo sistemático,19,57,MC con rho = 0,0.8,58,7
M2 sesgo sistemático,19,57,MC con rho = 0,0.85,59,6
M2 sesgo sistemático,19,57,MC con rho = 0,0.9,59,6
M2 sesgo sistemático,19,57,MC con rho = 0,0.93,61,4
M2 sesgo sistemático,19,57,MC con rho = 0,0.95,62,3
M2 sesgo sistemático,19,57,MC con rho = 0,0.97,62,3
M2 sesgo sistemático,19,57,MC sin variables (empírico),0.5,56,9
M2 sesgo sistemático,19,57,MC sin variables (empírico),0.6,57,8
M2 sesgo sistemático,19,57,MC sin variables (empírico),0.7,58,7
M2 sesgo sistemático,19,57,MC sin variables (empírico),0.8,58,7
M2 sesgo sistemático,19,57,MC sin variables (empírico),0.85,59,6
M2 sesgo sistemático,19,57,MC sin variables (empírico),0.9,61,4
M2 sesgo sistemático,19,57,MC sin variables (empírico),0.93,62,3
M2 sesgo sistemático,19,57,MC sin variables (empírico),0.95,62,3
M2 sesgo sistemático,19,57,MC sin variables (empírico),0.97,63,2
M2 sesgo sistemático,17,58,A0 criterio del cotizador,0.0,58,0
M2 sesgo sistemático,17,58,B colchón fijo,0.0,50,8
M2 sesgo sistemático,17,58,B colchón fijo,1.0,51,7
M2 sesgo sistemático,17,58,B colchón fijo,2.0,52,6
M2 sesgo sistemático,17,58,B colchón fijo,3.0,53,5
M2 sesgo sistemático,17,58,B colchón fijo,4.0,55,3
M2 sesgo sistemático,17,58,B colchón fijo,6.0,57,1
M2 sesgo sistemático,17,58,B colchón fijo,8.0,59,0
M2 sesgo sistemático,17,58,B colchón fijo,10.0,62,0
M2 sesgo sistemático,17,58,B colchón fijo,12.0,64,0
M2 sesgo sistemático,17,58,B colchón fijo,15.0,67,0
M2 sesgo sistemático,17,58,MC completo,0.5,51,7
M2 sesgo sistemático,17,58,MC completo,0.6,52,6
M2 sesgo sistemático,17,58,MC completo,0.7,52,6
M2 sesgo sistemático,17,58,MC completo,0.8,53,5
M2 sesgo sistemático,17,58,MC completo,0.85,53,5
M2 sesgo sistemático,17,58,MC completo,0.9,55,3
M2 sesgo sistemático,17,58,MC completo,0.93,56,2
M2 sesgo sistemático,17,58,MC completo,0.95,56,2
M2 sesgo sistemático,17,58,MC completo,0.97,57,1
M2 sesgo sistemático,17,58,MC sin conformal,0.5,51,7
M2 sesgo sistemático,17,58,MC sin conformal,0.6,51,7
M2 sesgo sistemático,17,58,MC sin conformal,0.7,52,6
M2 sesgo sistemático,17,58,MC sin conformal,0.8,53,5
M2 sesgo sistemático,17,58,MC sin conformal,0.85,53,5
M2 sesgo sistemático,17,58,MC sin conformal,0.9,55,3
M2 sesgo sistemático,17,58,MC sin conformal,0.93,56,2
M2 sesgo sistemático,17,58,MC sin conformal,0.95,56,2
M2 sesgo sistemático,17,58,MC sin conformal,0.97,57,1
M2 sesgo sistemático,17,58,MC sin disponibilidad,0.5,50,8
M2 sesgo sistemático,17,58,MC sin disponibilidad,0.6,51,7
M2 sesgo sistemático,17,58,MC sin disponibilidad,0.7,52,6
M2 sesgo sistemático,17,58,MC sin disponibilidad,0.8,53,5
M2 sesgo sistemático,17,58,MC sin disponibilidad,0.85,53,5
M2 sesgo sistemático,17,58,MC sin disponibilidad,0.9,55,3
M2 sesgo sistemático,17,58,MC sin disponibilidad,0.93,55,3
M2 sesgo sistemático,17,58,MC sin disponibilidad,0.95,55,3
M2 sesgo sistemático,17,58,MC sin disponibilidad,0.97,56,2
M2 sesgo sistemático,17,58,MC sin carga del taller,0.5,51,7
M2 sesgo sistemático,17,58,MC sin carga del taller,0.6,52,6
M2 sesgo sistemático,17,58,MC sin carga del taller,0.7,52,6
M2 sesgo sistemático,17,58,MC sin carga del taller,0.8,53,5
M2 sesgo sistemático,17,58,MC sin carga del taller,0.85,53,5
M2 sesgo sistemático,17,58,MC sin carga del taller,0.9,55,3
M2 sesgo sistemático,17,58,MC sin carga del taller,0.93,56,2
M2 sesgo sistemático,17,58,MC sin carga del taller,0.95,56,2
M2 sesgo sistemático,17,58,MC sin carga del taller,0.97,57,1
M2 sesgo sistemático,17,58,MC con rho = 0,0.5,51,7
M2 sesgo sistemático,17,58,MC con rho = 0,0.6,51,7
M2 sesgo sistemático,17,58,MC con rho = 0,0.7,52,6
M2 sesgo sistemático,17,58,MC con rho = 0,0.8,53,5
M2 sesgo sistemático,17,58,MC con rho = 0,0.85,53,5
M2 sesgo sistemático,17,58,MC con rho = 0,0.9,55,3
M2 sesgo sistemático,17,58,MC con rho = 0,0.93,55,3
M2 sesgo sistemático,17,58,MC con rho = 0,0.95,56,2
M2 sesgo sistemático,17,58,MC con rho = 0,0.97,57,1
M2 sesgo sistemático,17,58,MC sin variables (empírico),0.5,50,8
M2 sesgo sistemático,17,58,MC sin variables (empírico),0.6,51,7
M2 sesgo sistemático,17,58,MC sin variables (empírico),0.7,51,7
M2 sesgo sistemático,17,58,MC sin variables (empírico),0.8,52,6
M2 sesgo sistemático,17,58,MC sin variables (empírico),0.85,53,5
M2 sesgo sistemático,17,58,MC sin variables (empírico),0.9,53,5
M2 sesgo sistemático,17,58,MC sin variables (empírico),0.93,55,3
M2 sesgo sistemático,17,58,MC sin variables (empírico),0.95,56,2
M2 sesgo sistemático,17,58,MC sin variables (empírico),0.97,57,1
M2 sesgo sistemático,16,57,A0 criterio del cotizador,0.0,57,0
M2 sesgo sistemático,16,57,B colchón fijo,0.0,60,0
M2 sesgo sistemático,16,57,B colchón fijo,1.0,61,0
M2 sesgo sistemático,16,57,B colchón fijo,2.0,62,0
M2 sesgo sistemático,16,57,B colchón fijo,3.0,63,0
M2 sesgo sistemático,16,57,B colchón fijo,4.0,65,0
M2 sesgo sistemático,16,57,B colchón fijo,6.0,67,0
M2 sesgo sistemático,16,57,B colchón fijo,8.0,69,0
M2 sesgo sistemático,16,57,B colchón fijo,10.0,72,0
M2 sesgo sistemático,16,57,B colchón fijo,12.0,74,0
M2 sesgo sistemático,16,57,B colchón fijo,15.0,77,0
M2 sesgo sistemático,16,57,MC completo,0.5,63,0
M2 sesgo sistemático,16,57,MC completo,0.6,66,0
M2 sesgo sistemático,16,57,MC completo,0.7,68,0
M2 sesgo sistemático,16,57,MC completo,0.8,70,0
M2 sesgo sistemático,16,57,MC completo,0.85,73,0
M2 sesgo sistemático,16,57,MC completo,0.9,74,0
M2 sesgo sistemático,16,57,MC completo,0.93,75,0
M2 sesgo sistemático,16,57,MC completo,0.95,77,0
M2 sesgo sistemático,16,57,MC completo,0.97,77,0
M2 sesgo sistemático,16,57,MC sin conformal,0.5,63,0
M2 sesgo sistemático,16,57,MC sin conformal,0.6,66,0
M2 sesgo sistemático,16,57,MC sin conformal,0.7,68,0
M2 sesgo sistemático,16,57,MC sin conformal,0.8,70,0
M2 sesgo sistemático,16,57,MC sin conformal,0.85,72,0
M2 sesgo sistemático,16,57,MC sin conformal,0.9,73,0
M2 sesgo sistemático,16,57,MC sin conformal,0.93,75,0
M2 sesgo sistemático,16,57,MC sin conformal,0.95,76,0
M2 sesgo sistemático,16,57,MC sin conformal,0.97,77,0
M2 sesgo sistemático,16,57,MC sin disponibilidad,0.5,63,0
M2 sesgo sistemático,16,57,MC sin disponibilidad,0.6,65,0
M2 sesgo sistemático,16,57,MC sin disponibilidad,0.7,67,0
M2 sesgo sistemático,16,57,MC sin disponibilidad,0.8,69,0
M2 sesgo sistemático,16,57,MC sin disponibilidad,0.85,70,0
M2 sesgo sistemático,16,57,MC sin disponibilidad,0.9,73,0
M2 sesgo sistemático,16,57,MC sin disponibilidad,0.93,74,0
M2 sesgo sistemático,16,57,MC sin disponibilidad,0.95,75,0
M2 sesgo sistemático,16,57,MC sin disponibilidad,0.97,76,0
M2 sesgo sistemático,16,57,MC sin carga del taller,0.5,62,0
M2 sesgo sistemático,16,57,MC sin carga del taller,0.6,63,0
M2 sesgo sistemático,16,57,MC sin carga del taller,0.7,66,0
M2 sesgo sistemático,16,57,MC sin carga del taller,0.8,68,0
M2 sesgo sistemático,16,57,MC sin carga del taller,0.85,69,0
M2 sesgo sistemático,16,57,MC sin carga del taller,0.9,70,0
M2 sesgo sistemático,16,57,MC sin carga del taller,0.93,72,0
M2 sesgo sistemático,16,57,MC sin carga del taller,0.95,73,0
M2 sesgo sistemático,16,57,MC sin carga del taller,0.97,74,0
M2 sesgo sistemático,16,57,MC con rho = 0,0.5,65,0
M2 sesgo sistemático,16,57,MC con rho = 0,0.6,66,0
M2 sesgo sistemático,16,57,MC con rho = 0,0.7,67,0
M2 sesgo sistemático,16,57,MC con rho = 0,0.8,69,0
M2 sesgo sistemático,16,57,MC con rho = 0,0.85,70,0
M2 sesgo sistemático,16,57,MC con rho = 0,0.9,70,0
M2 sesgo sistemático,16,57,MC con rho = 0,0.93,72,0
M2 sesgo sistemático,16,57,MC con rho = 0,0.95,73,0
M2 sesgo sistemático,16,57,MC con rho = 0,0.97,74,0
M2 sesgo sistemático,16,57,MC sin variables (empírico),0.5,59,0
M2 sesgo sistemático,16,57,MC sin variables (empírico),0.6,60,0
M2 sesgo sistemático,16,57,MC sin variables (empírico),0.7,61,0
M2 sesgo sistemático,16,57,MC sin variables (empírico),0.8,62,0
M2 sesgo sistemático,16,57,MC sin variables (empírico),0.85,63,0
M2 sesgo sistemático,16,57,MC sin variables (empírico),0.9,65,0
M2 sesgo sistemático,16,57,MC sin variables (empírico),0.93,66,0
M2 sesgo sistemático,16,57,MC sin variables (empírico),0.95,66,0
M2 sesgo sistemático,16,57,MC sin variables (empírico),0.97,67,0
M2 sesgo sistemático,18,87,A0 criterio del cotizador,0.0,87,0
M2 sesgo sistemático,18,87,B colchón fijo,0.0,88,0
M2 sesgo sistemático,18,87,B colchón fijo,1.0,89,0
M2 sesgo sistemático,18,87,B colchón fijo,2.0,90,0
M2 sesgo sistemático,18,87,B colchón fijo,3.0,91,0
M2 sesgo sistemático,18,87,B colchón fijo,4.0,92,0
M2 sesgo sistemático,18,87,B colchón fijo,6.0,95,0
M2 sesgo sistemático,18,87,B colchón fijo,8.0,97,0
M2 sesgo sistemático,18,87,B colchón fijo,10.0,99,0
M2 sesgo sistemático,18,87,B colchón fijo,12.0,102,0
M2 sesgo sistemático,18,87,B colchón fijo,15.0,105,0
M2 sesgo sistemático,18,87,MC completo,0.5,90,0
M2 sesgo sistemático,18,87,MC completo,0.6,92,0
M2 sesgo sistemático,18,87,MC completo,0.7,94,0
M2 sesgo sistemático,18,87,MC completo,0.8,97,0
M2 sesgo sistemático,18,87,MC completo,0.85,98,0
M2 sesgo sistemático,18,87,MC completo,0.9,101,0
M2 sesgo sistemático,18,87,MC completo,0.93,102,0
M2 sesgo sistemático,18,87,MC completo,0.95,103,0
M2 sesgo sistemático,18,87,MC completo,0.97,105,0
M2 sesgo sistemático,18,87,MC sin conformal,0.5,90,0
M2 sesgo sistemático,18,87,MC sin conformal,0.6,91,0
M2 sesgo sistemático,18,87,MC sin conformal,0.7,94,0
M2 sesgo sistemático,18,87,MC sin conformal,0.8,96,0
M2 sesgo sistemático,18,87,MC sin conformal,0.85,98,0
M2 sesgo sistemático,18,87,MC sin conformal,0.9,99,0
M2 sesgo sistemático,18,87,MC sin conformal,0.93,101,0
M2 sesgo sistemático,18,87,MC sin conformal,0.95,102,0
M2 sesgo sistemático,18,87,MC sin conformal,0.97,104,0
M2 sesgo sistemático,18,87,MC sin disponibilidad,0.5,89,0
M2 sesgo sistemático,18,87,MC sin disponibilidad,0.6,90,0
M2 sesgo sistemático,18,87,MC sin disponibilidad,0.7,92,0
M2 sesgo sistemático,18,87,MC sin disponibilidad,0.8,95,0
M2 sesgo sistemático,18,87,MC sin disponibilidad,0.85,96,0
M2 sesgo sistemático,18,87,MC sin disponibilidad,0.9,98,0
M2 sesgo sistemático,18,87,MC sin disponibilidad,0.93,99,0
M2 sesgo sistemático,18,87,MC sin disponibilidad,0.95,102,0
M2 sesgo sistemático,18,87,MC sin disponibilidad,0.97,103,0
M2 sesgo sistemático,18,87,MC sin carga del taller,0.5,90,0
M2 sesgo sistemático,18,87,MC sin carga del taller,0.6,92,0
M2 sesgo sistemático,18,87,MC sin carga del taller,0.7,94,0
M2 sesgo sistemático,18,87,MC sin carga del taller,0.8,97,0
M2 sesgo sistemático,18,87,MC sin carga del taller,0.85,98,0
M2 sesgo sistemático,18,87,MC sin carga del taller,0.9,101,0
M2 sesgo sistemático,18,87,MC sin carga del taller,0.93,102,0
M2 sesgo sistemático,18,87,MC sin carga del taller,0.95,103,0
M2 sesgo sistemático,18,87,MC sin carga del taller,0.97,105,0
M2 sesgo sistemático,18,87,MC con rho = 0,0.5,90,0
M2 sesgo sistemático,18,87,MC con rho = 0,0.6,91,0
M2 sesgo sistemático,18,87,MC con rho = 0,0.7,92,0
M2 sesgo sistemático,18,87,MC con rho = 0,0.8,95,0
M2 sesgo sistemático,18,87,MC con rho = 0,0.85,96,0
M2 sesgo sistemático,18,87,MC con rho = 0,0.9,97,0
M2 sesgo sistemático,18,87,MC con rho = 0,0.93,98,0
M2 sesgo sistemático,18,87,MC con rho = 0,0.95,99,0
M2 sesgo sistemático,18,87,MC con rho = 0,0.97,101,0
M2 sesgo sistemático,18,87,MC sin variables (empírico),0.5,94,0
M2 sesgo sistemático,18,87,MC sin variables (empírico),0.6,95,0
M2 sesgo sistemático,18,87,MC sin variables (empírico),0.7,97,0
M2 sesgo sistemático,18,87,MC sin variables (empírico),0.8,99,0
M2 sesgo sistemático,18,87,MC sin variables (empírico),0.85,101,0
M2 sesgo sistemático,18,87,MC sin variables (empírico),0.9,102,0
M2 sesgo sistemático,18,87,MC sin variables (empírico),0.93,103,0
M2 sesgo sistemático,18,87,MC sin variables (empírico),0.95,104,0
M2 sesgo sistemático,18,87,MC sin variables (empírico),0.97,106,0
M2 sesgo sistemático,20,67,A0 criterio del cotizador,0.0,67,0
M2 sesgo sistemático,20,67,B colchón fijo,0.0,66,1
M2 sesgo sistemático,20,67,B colchón fijo,1.0,68,0
M2 sesgo sistemático,20,67,B colchón fijo,2.0,69,0
M2 sesgo sistemático,20,67,B colchón fijo,3.0,70,0
M2 sesgo sistemático,20,67,B colchón fijo,4.0,71,0
M2 sesgo sistemático,20,67,B colchón fijo,6.0,73,0
M2 sesgo sistemático,20,67,B colchón fijo,8.0,76,0
M2 sesgo sistemático,20,67,B colchón fijo,10.0,78,0
M2 sesgo sistemático,20,67,B colchón fijo,12.0,80,0
M2 sesgo sistemático,20,67,B colchón fijo,15.0,84,0
M2 sesgo sistemático,20,67,MC completo,0.5,68,0
M2 sesgo sistemático,20,67,MC completo,0.6,70,0
M2 sesgo sistemático,20,67,MC completo,0.7,72,0
M2 sesgo sistemático,20,67,MC completo,0.8,75,0
M2 sesgo sistemático,20,67,MC completo,0.85,76,0
M2 sesgo sistemático,20,67,MC completo,0.9,77,0
M2 sesgo sistemático,20,67,MC completo,0.93,79,0
M2 sesgo sistemático,20,67,MC completo,0.95,80,0
M2 sesgo sistemático,20,67,MC completo,0.97,82,0
M2 sesgo sistemático,20,67,MC sin conformal,0.5,68,0
M2 sesgo sistemático,20,67,MC sin conformal,0.6,70,0
M2 sesgo sistemático,20,67,MC sin conformal,0.7,72,0
M2 sesgo sistemático,20,67,MC sin conformal,0.8,75,0
M2 sesgo sistemático,20,67,MC sin conformal,0.85,76,0
M2 sesgo sistemático,20,67,MC sin conformal,0.9,77,0
M2 sesgo sistemático,20,67,MC sin conformal,0.93,79,0
M2 sesgo sistemático,20,67,MC sin conformal,0.95,80,0
M2 sesgo sistemático,20,67,MC sin conformal,0.97,82,0
M2 sesgo sistemático,20,67,MC sin disponibilidad,0.5,68,0
M2 sesgo sistemático,20,67,MC sin disponibilidad,0.6,69,0
M2 sesgo sistemático,20,67,MC sin disponibilidad,0.7,71,0
M2 sesgo sistemático,20,67,MC sin disponibilidad,0.8,73,0
M2 sesgo sistemático,20,67,MC sin disponibilidad,0.85,75,0
M2 sesgo sistemático,20,67,MC sin disponibilidad,0.9,76,0
M2 sesgo sistemático,20,67,MC sin disponibilidad,0.93,78,0
M2 sesgo sistemático,20,67,MC sin disponibilidad,0.95,79,0
M2 sesgo sistemático,20,67,MC sin disponibilidad,0.97,80,0
M2 sesgo sistemático,20,67,MC sin carga del taller,0.5,68,0
M2 sesgo sistemático,20,67,MC sin carga del taller,0.6,70,0
M2 sesgo sistemático,20,67,MC sin carga del taller,0.7,72,0
M2 sesgo sistemático,20,67,MC sin carga del taller,0.8,75,0
M2 sesgo sistemático,20,67,MC sin carga del taller,0.85,76,0
M2 sesgo sistemático,20,67,MC sin carga del taller,0.9,77,0
M2 sesgo sistemático,20,67,MC sin carga del taller,0.93,79,0
M2 sesgo sistemático,20,67,MC sin carga del taller,0.95,80,0
M2 sesgo sistemático,20,67,MC sin carga del taller,0.97,82,0
M2 sesgo sistemático,20,67,MC con rho = 0,0.5,69,0
M2 sesgo sistemático,20,67,MC con rho = 0,0.6,70,0
M2 sesgo sistemático,20,67,MC con rho = 0,0.7,71,0
M2 sesgo sistemático,20,67,MC con rho = 0,0.8,72,0
M2 sesgo sistemático,20,67,MC con rho = 0,0.85,73,0
M2 sesgo sistemático,20,67,MC con rho = 0,0.9,76,0
M2 sesgo sistemático,20,67,MC con rho = 0,0.93,76,0
M2 sesgo sistemático,20,67,MC con rho = 0,0.95,77,0
M2 sesgo sistemático,20,67,MC con rho = 0,0.97,78,0
M2 sesgo sistemático,20,67,MC sin variables (empírico),0.5,66,1
M2 sesgo sistemático,20,67,MC sin variables (empírico),0.6,68,0
M2 sesgo sistemático,20,67,MC sin variables (empírico),0.7,69,0
M2 sesgo sistemático,20,67,MC sin variables (empírico),0.8,70,0
M2 sesgo sistemático,20,67,MC sin variables (empírico),0.85,71,0
M2 sesgo sistemático,20,67,MC sin variables (empírico),0.9,71,0
M2 sesgo sistemático,20,67,MC sin variables (empírico),0.93,72,0
M2 sesgo sistemático,20,67,MC sin variables (empírico),0.95,73,0
M2 sesgo sistemático,20,67,MC sin variables (empírico),0.97,75,0
M2 sesgo sistemático,22,63,A0 criterio del cotizador,0.0,63,4
M2 sesgo sistemático,22,63,B colchón fijo,0.0,59,8
M2 sesgo sistemático,22,63,B colchón fijo,1.0,61,6
M2 sesgo sistemático,22,63,B colchón fijo,2.0,62,5
M2 sesgo sistemático,22,63,B colchón fijo,3.0,63,4
M2 sesgo sistemático,22,63,B colchón fijo,4.0,64,3
M2 sesgo sistemático,22,63,B colchón fijo,6.0,66,1
M2 sesgo sistemático,22,63,B colchón fijo,8.0,69,0
M2 sesgo sistemático,22,63,B colchón fijo,10.0,71,0
M2 sesgo sistemático,22,63,B colchón fijo,12.0,73,0
M2 sesgo sistemático,22,63,B colchón fijo,15.0,77,0
M2 sesgo sistemático,22,63,MC completo,0.5,62,5
M2 sesgo sistemático,22,63,MC completo,0.6,63,4
M2 sesgo sistemático,22,63,MC completo,0.7,64,3
M2 sesgo sistemático,22,63,MC completo,0.8,65,2
M2 sesgo sistemático,22,63,MC completo,0.85,66,1
M2 sesgo sistemático,22,63,MC completo,0.9,68,0
M2 sesgo sistemático,22,63,MC completo,0.93,69,0
M2 sesgo sistemático,22,63,MC completo,0.95,70,0
M2 sesgo sistemático,22,63,MC completo,0.97,71,0
M2 sesgo sistemático,22,63,MC sin conformal,0.5,62,5
M2 sesgo sistemático,22,63,MC sin conformal,0.6,63,4
M2 sesgo sistemático,22,63,MC sin conformal,0.7,64,3
M2 sesgo sistemático,22,63,MC sin conformal,0.8,66,1
M2 sesgo sistemático,22,63,MC sin conformal,0.85,66,1
M2 sesgo sistemático,22,63,MC sin conformal,0.9,68,0
M2 sesgo sistemático,22,63,MC sin conformal,0.93,69,0
M2 sesgo sistemático,22,63,MC sin conformal,0.95,70,0
M2 sesgo sistemático,22,63,MC sin conformal,0.97,71,0
M2 sesgo sistemático,22,63,MC sin disponibilidad,0.5,61,6
M2 sesgo sistemático,22,63,MC sin disponibilidad,0.6,62,5
M2 sesgo sistemático,22,63,MC sin disponibilidad,0.7,64,3
M2 sesgo sistemático,22,63,MC sin disponibilidad,0.8,65,2
M2 sesgo sistemático,22,63,MC sin disponibilidad,0.85,66,1
M2 sesgo sistemático,22,63,MC sin disponibilidad,0.9,68,0
M2 sesgo sistemático,22,63,MC sin disponibilidad,0.93,68,0
M2 sesgo sistemático,22,63,MC sin disponibilidad,0.95,69,0
M2 sesgo sistemático,22,63,MC sin disponibilidad,0.97,70,0
M2 sesgo sistemático,22,63,MC sin carga del taller,0.5,62,5
M2 sesgo sistemático,22,63,MC sin carga del taller,0.6,63,4
M2 sesgo sistemático,22,63,MC sin carga del taller,0.7,64,3
M2 sesgo sistemático,22,63,MC sin carga del taller,0.8,65,2
M2 sesgo sistemático,22,63,MC sin carga del taller,0.85,66,1
M2 sesgo sistemático,22,63,MC sin carga del taller,0.9,68,0
M2 sesgo sistemático,22,63,MC sin carga del taller,0.93,69,0
M2 sesgo sistemático,22,63,MC sin carga del taller,0.95,70,0
M2 sesgo sistemático,22,63,MC sin carga del taller,0.97,71,0
M2 sesgo sistemático,22,63,MC con rho = 0,0.5,62,5
M2 sesgo sistemático,22,63,MC con rho = 0,0.6,63,4
M2 sesgo sistemático,22,63,MC con rho = 0,0.7,64,3
M2 sesgo sistemático,22,63,MC con rho = 0,0.8,65,2
M2 sesgo sistemático,22,63,MC con rho = 0,0.85,65,2
M2 sesgo sistemático,22,63,MC con rho = 0,0.9,66,1
M2 sesgo sistemático,22,63,MC con rho = 0,0.93,68,0
M2 sesgo sistemático,22,63,MC con rho = 0,0.95,68,0
M2 sesgo sistemático,22,63,MC con rho = 0,0.97,69,0
M2 sesgo sistemático,22,63,MC sin variables (empírico),0.5,64,3
M2 sesgo sistemático,22,63,MC sin variables (empírico),0.6,65,2
M2 sesgo sistemático,22,63,MC sin variables (empírico),0.7,66,1
M2 sesgo sistemático,22,63,MC sin variables (empírico),0.8,68,0
M2 sesgo sistemático,22,63,MC sin variables (empírico),0.85,69,0
M2 sesgo sistemático,22,63,MC sin variables (empírico),0.9,70,0
M2 sesgo sistemático,22,63,MC sin variables (empírico),0.93,71,0
M2 sesgo sistemático,22,63,MC sin variables (empírico),0.95,71,0
M2 sesgo sistemático,22,63,MC sin variables (empírico),0.97,72,0
M2 sesgo sistemático,21,83,A0 criterio del cotizador,0.0,83,4
M2 sesgo sistemático,21,83,B colchón fijo,0.0,87,0
M2 sesgo sistemático,21,83,B colchón fijo,1.0,88,0
M2 sesgo sistemático,21,83,B colchón fijo,2.0,89,0
M2 sesgo sistemático,21,83,B colchón fijo,3.0,90,0
M2 sesgo sistemático,21,83,B colchón fijo,4.0,91,0
M2 sesgo sistemático,21,83,B colchón fijo,6.0,94,0
M2 sesgo sistemático,21,83,B colchón fijo,8.0,96,0
M2 sesgo sistemático,21,83,B colchón fijo,10.0,98,0
M2 sesgo sistemático,21,83,B colchón fijo,12.0,101,0
M2 sesgo sistemático,21,83,B colchón fijo,15.0,104,0
M2 sesgo sistemático,21,83,MC completo,0.5,92,0
M2 sesgo sistemático,21,83,MC completo,0.6,95,0
M2 sesgo sistemático,21,83,MC completo,0.7,97,0
M2 sesgo sistemático,21,83,MC completo,0.8,101,0
M2 sesgo sistemático,21,83,MC completo,0.85,102,0
M2 sesgo sistemático,21,83,MC completo,0.9,104,0
M2 sesgo sistemático,21,83,MC completo,0.93,106,0
M2 sesgo sistemático,21,83,MC completo,0.95,108,0
M2 sesgo sistemático,21,83,MC completo,0.97,110,0
M2 sesgo sistemático,21,83,MC sin conformal,0.5,92,0
M2 sesgo sistemático,21,83,MC sin conformal,0.6,95,0
M2 sesgo sistemático,21,83,MC sin conformal,0.7,97,0
M2 sesgo sistemático,21,83,MC sin conformal,0.8,101,0
M2 sesgo sistemático,21,83,MC sin conformal,0.85,102,0
M2 sesgo sistemático,21,83,MC sin conformal,0.9,104,0
M2 sesgo sistemático,21,83,MC sin conformal,0.93,105,0
M2 sesgo sistemático,21,83,MC sin conformal,0.95,108,0
M2 sesgo sistemático,21,83,MC sin conformal,0.97,110,0
M2 sesgo sistemático,21,83,MC sin disponibilidad,0.5,91,0
M2 sesgo sistemático,21,83,MC sin disponibilidad,0.6,94,0
M2 sesgo sistemático,21,83,MC sin disponibilidad,0.7,96,0
M2 sesgo sistemático,21,83,MC sin disponibilidad,0.8,98,0
M2 sesgo sistemático,21,83,MC sin disponibilidad,0.85,101,0
M2 sesgo sistemático,21,83,MC sin disponibilidad,0.9,103,0
M2 sesgo sistemático,21,83,MC sin disponibilidad,0.93,104,0
M2 sesgo sistemático,21,83,MC sin disponibilidad,0.95,106,0
M2 sesgo sistemático,21,83,MC sin disponibilidad,0.97,109,0
M2 sesgo sistemático,21,83,MC sin carga del taller,0.5,92,0
M2 sesgo sistemático,21,83,MC sin carga del taller,0.6,95,0
M2 sesgo sistemático,21,83,MC sin carga del taller,0.7,97,0
M2 sesgo sistemático,21,83,MC sin carga del taller,0.8,101,0
M2 sesgo sistemático,21,83,MC sin carga del taller,0.85,102,0
M2 sesgo sistemático,21,83,MC sin carga del taller,0.9,104,0
M2 sesgo sistemático,21,83,MC sin carga del taller,0.93,106,0
M2 sesgo sistemático,21,83,MC sin carga del taller,0.95,108,0
M2 sesgo sistemático,21,83,MC sin carga del taller,0.97,110,0
M2 sesgo sistemático,21,83,MC con rho = 0,0.5,92,0
M2 sesgo sistemático,21,83,MC con rho = 0,0.6,95,0
M2 sesgo sistemático,21,83,MC con rho = 0,0.7,97,0
M2 sesgo sistemático,21,83,MC con rho = 0,0.8,98,0
M2 sesgo sistemático,21,83,MC con rho = 0,0.85,101,0
M2 sesgo sistemático,21,83,MC con rho = 0,0.9,102,0
M2 sesgo sistemático,21,83,MC con rho = 0,0.93,103,0
M2 sesgo sistemático,21,83,MC con rho = 0,0.95,103,0
M2 sesgo sistemático,21,83,MC con rho = 0,0.97,105,0
M2 sesgo sistemático,21,83,MC sin variables (empírico),0.5,84,3
M2 sesgo sistemático,21,83,MC sin variables (empírico),0.6,85,2
M2 sesgo sistemático,21,83,MC sin variables (empírico),0.7,87,0
M2 sesgo sistemático,21,83,MC sin variables (empírico),0.8,89,0
M2 sesgo sistemático,21,83,MC sin variables (empírico),0.85,90,0
M2 sesgo sistemático,21,83,MC sin variables (empírico),0.9,91,0
M2 sesgo sistemático,21,83,MC sin variables (empírico),0.93,92,0
M2 sesgo sistemático,21,83,MC sin variables (empírico),0.95,94,0
M2 sesgo sistemático,21,83,MC sin variables (empírico),0.97,94,0
M2 sesgo sistemático,24,88,A0 criterio del cotizador,0.0,88,5
M2 sesgo sistemático,24,88,B colchón fijo,0.0,91,2
M2 sesgo sistemático,24,88,B colchón fijo,1.0,92,1
M2 sesgo sistemático,24,88,B colchón fijo,2.0,93,0
M2 sesgo sistemático,24,88,B colchón fijo,3.0,94,0
M2 sesgo sistemático,24,88,B colchón fijo,4.0,95,0
M2 sesgo sistemático,24,88,B colchón fijo,6.0,98,0
M2 sesgo sistemático,24,88,B colchón fijo,8.0,100,0
M2 sesgo sistemático,24,88,B colchón fijo,10.0,102,0
M2 sesgo sistemático,24,88,B colchón fijo,12.0,105,0
M2 sesgo sistemático,24,88,B colchón fijo,15.0,108,0
M2 sesgo sistemático,24,88,MC completo,0.5,92,1
M2 sesgo sistemático,24,88,MC completo,0.6,93,0
M2 sesgo sistemático,24,88,MC completo,0.7,94,0
M2 sesgo sistemático,24,88,MC completo,0.8,96,0
M2 sesgo sistemático,24,88,MC completo,0.85,98,0
M2 sesgo sistemático,24,88,MC completo,0.9,99,0
M2 sesgo sistemático,24,88,MC completo,0.93,100,0
M2 sesgo sistemático,24,88,MC completo,0.95,101,0
M2 sesgo sistemático,24,88,MC completo,0.97,103,0
M2 sesgo sistemático,24,88,MC sin conformal,0.5,92,1
M2 sesgo sistemático,24,88,MC sin conformal,0.6,93,0
M2 sesgo sistemático,24,88,MC sin conformal,0.7,94,0
M2 sesgo sistemático,24,88,MC sin conformal,0.8,96,0
M2 sesgo sistemático,24,88,MC sin conformal,0.85,98,0
M2 sesgo sistemático,24,88,MC sin conformal,0.9,99,0
M2 sesgo sistemático,24,88,MC sin conformal,0.93,100,0
M2 sesgo sistemático,24,88,MC sin conformal,0.95,101,0
M2 sesgo sistemático,24,88,MC sin conformal,0.97,103,0
M2 sesgo sistemático,24,88,MC sin disponibilidad,0.5,89,4
M2 sesgo sistemático,24,88,MC sin disponibilidad,0.6,92,1
M2 sesgo sistemático,24,88,MC sin disponibilidad,0.7,93,0
M2 sesgo sistemático,24,88,MC sin disponibilidad,0.8,94,0
M2 sesgo sistemático,24,88,MC sin disponibilidad,0.85,95,0
M2 sesgo sistemático,24,88,MC sin disponibilidad,0.9,96,0
M2 sesgo sistemático,24,88,MC sin disponibilidad,0.93,98,0
M2 sesgo sistemático,24,88,MC sin disponibilidad,0.95,99,0
M2 sesgo sistemático,24,88,MC sin disponibilidad,0.97,101,0
M2 sesgo sistemático,24,88,MC sin carga del taller,0.5,92,1
M2 sesgo sistemático,24,88,MC sin carga del taller,0.6,93,0
M2 sesgo sistemático,24,88,MC sin carga del taller,0.7,94,0
M2 sesgo sistemático,24,88,MC sin carga del taller,0.8,96,0
M2 sesgo sistemático,24,88,MC sin carga del taller,0.85,98,0
M2 sesgo sistemático,24,88,MC sin carga del taller,0.9,99,0
M2 sesgo sistemático,24,88,MC sin carga del taller,0.93,100,0
M2 sesgo sistemático,24,88,MC sin carga del taller,0.95,101,0
M2 sesgo sistemático,24,88,MC sin carga del taller,0.97,103,0
M2 sesgo sistemático,24,88,MC con rho = 0,0.5,92,1
M2 sesgo sistemático,24,88,MC con rho = 0,0.6,93,0
M2 sesgo sistemático,24,88,MC con rho = 0,0.7,94,0
M2 sesgo sistemático,24,88,MC con rho = 0,0.8,95,0
M2 sesgo sistemático,24,88,MC con rho = 0,0.85,96,0
M2 sesgo sistemático,24,88,MC con rho = 0,0.9,98,0
M2 sesgo sistemático,24,88,MC con rho = 0,0.93,99,0
M2 sesgo sistemático,24,88,MC con rho = 0,0.95,100,0
M2 sesgo sistemático,24,88,MC con rho = 0,0.97,101,0
M2 sesgo sistemático,24,88,MC sin variables (empírico),0.5,102,0
M2 sesgo sistemático,24,88,MC sin variables (empírico),0.6,103,0
M2 sesgo sistemático,24,88,MC sin variables (empírico),0.7,106,0
M2 sesgo sistemático,24,88,MC sin variables (empírico),0.8,108,0
M2 sesgo sistemático,24,88,MC sin variables (empírico),0.85,109,0
M2 sesgo sistemático,24,88,MC sin variables (empírico),0.9,110,0
M2 sesgo sistemático,24,88,MC sin variables (empírico),0.93,112,0
M2 sesgo sistemático,24,88,MC sin variables (empírico),0.95,114,0
M2 sesgo sistemático,24,88,MC sin variables (empírico),0.97,116,0
M2 sesgo sistemático,25,55,A0 criterio del cotizador,0.0,55,0
M2 sesgo sistemático,25,55,B colchón fijo,0.0,53,1
M2 sesgo sistemático,25,55,B colchón fijo,1.0,55,0
M2 sesgo sistemático,25,55,B colchón fijo,2.0,56,0
M2 sesgo sistemático,25,55,B colchón fijo,3.0,57,0
M2 sesgo sistemático,25,55,B colchón fijo,4.0,58,0
M2 sesgo sistemático,25,55,B colchón fijo,6.0,60,0
M2 sesgo sistemático,25,55,B colchón fijo,8.0,63,0
M2 sesgo sistemático,25,55,B colchón fijo,10.0,65,0
M2 sesgo sistemático,25,55,B colchón fijo,12.0,67,0
M2 sesgo sistemático,25,55,B colchón fijo,15.0,71,0
M2 sesgo sistemático,25,55,MC completo,0.5,55,0
M2 sesgo sistemático,25,55,MC completo,0.6,56,0
M2 sesgo sistemático,25,55,MC completo,0.7,57,0
M2 sesgo sistemático,25,55,MC completo,0.8,58,0
M2 sesgo sistemático,25,55,MC completo,0.85,58,0
M2 sesgo sistemático,25,55,MC completo,0.9,59,0
M2 sesgo sistemático,25,55,MC completo,0.93,60,0
M2 sesgo sistemático,25,55,MC completo,0.95,60,0
M2 sesgo sistemático,25,55,MC completo,0.97,62,0
M2 sesgo sistemático,25,55,MC sin conformal,0.5,55,0
M2 sesgo sistemático,25,55,MC sin conformal,0.6,56,0
M2 sesgo sistemático,25,55,MC sin conformal,0.7,57,0
M2 sesgo sistemático,25,55,MC sin conformal,0.8,58,0
M2 sesgo sistemático,25,55,MC sin conformal,0.85,58,0
M2 sesgo sistemático,25,55,MC sin conformal,0.9,59,0
M2 sesgo sistemático,25,55,MC sin conformal,0.93,60,0
M2 sesgo sistemático,25,55,MC sin conformal,0.95,60,0
M2 sesgo sistemático,25,55,MC sin conformal,0.97,62,0
M2 sesgo sistemático,25,55,MC sin disponibilidad,0.5,55,0
M2 sesgo sistemático,25,55,MC sin disponibilidad,0.6,56,0
M2 sesgo sistemático,25,55,MC sin disponibilidad,0.7,56,0
M2 sesgo sistemático,25,55,MC sin disponibilidad,0.8,57,0
M2 sesgo sistemático,25,55,MC sin disponibilidad,0.85,58,0
M2 sesgo sistemático,25,55,MC sin disponibilidad,0.9,59,0
M2 sesgo sistemático,25,55,MC sin disponibilidad,0.93,59,0
M2 sesgo sistemático,25,55,MC sin disponibilidad,0.95,60,0
M2 sesgo sistemático,25,55,MC sin disponibilidad,0.97,62,0
M2 sesgo sistemático,25,55,MC sin carga del taller,0.5,53,1
M2 sesgo sistemático,25,55,MC sin carga del taller,0.6,55,0
M2 sesgo sistemático,25,55,MC sin carga del taller,0.7,56,0
M2 sesgo sistemático,25,55,MC sin carga del taller,0.8,57,0
M2 sesgo sistemático,25,55,MC sin carga del taller,0.85,57,0
M2 sesgo sistemático,25,55,MC sin carga del taller,0.9,58,0
M2 sesgo sistemático,25,55,MC sin carga del taller,0.93,59,0
M2 sesgo sistemático,25,55,MC sin carga del taller,0.95,60,0
M2 sesgo sistemático,25,55,MC sin carga del taller,0.97,60,0
M2 sesgo sistemático,25,55,MC con rho = 0,0.5,55,0
M2 sesgo sistemático,25,55,MC con rho = 0,0.6,56,0
M2 sesgo sistemático,25,55,MC con rho = 0,0.7,57,0
M2 sesgo sistemático,25,55,MC con rho = 0,0.8,58,0
M2 sesgo sistemático,25,55,MC con rho = 0,0.85,58,0
M2 sesgo sistemático,25,55,MC con rho = 0,0.9,59,0
M2 sesgo sistemático,25,55,MC con rho = 0,0.93,59,0
M2 sesgo sistemático,25,55,MC con rho = 0,0.95,60,0
M2 sesgo sistemático,25,55,MC con rho = 0,0.97,62,0
M2 sesgo sistemático,25,55,MC sin variables (empírico),0.5,56,0
M2 sesgo sistemático,25,55,MC sin variables (empírico),0.6,56,0
M2 sesgo sistemático,25,55,MC sin variables (empírico),0.7,57,0
M2 sesgo sistemático,25,55,MC sin variables (empírico),0.8,58,0
M2 sesgo sistemático,25,55,MC sin variables (empírico),0.85,59,0
M2 sesgo sistemático,25,55,MC sin variables (empírico),0.9,60,0
M2 sesgo sistemático,25,55,MC sin variables (empírico),0.93,60,0
M2 sesgo sistemático,25,55,MC sin variables (empírico),0.95,62,0
M2 sesgo sistemático,25,55,MC sin variables (empírico),0.97,63,0
M2 sesgo sistemático,23,52,A0 criterio del cotizador,0.0,52,0
M2 sesgo sistemático,23,52,B colchón fijo,0.0,50,2
M2 sesgo sistemático,23,52,B colchón fijo,1.0,51,1
M2 sesgo sistemático,23,52,B colchón fijo,2.0,52,0
M2 sesgo sistemático,23,52,B colchón fijo,3.0,53,0
M2 sesgo sistemático,23,52,B colchón fijo,4.0,55,0
M2 sesgo sistemático,23,52,B colchón fijo,6.0,57,0
M2 sesgo sistemático,23,52,B colchón fijo,8.0,59,0
M2 sesgo sistemático,23,52,B colchón fijo,10.0,62,0
M2 sesgo sistemático,23,52,B colchón fijo,12.0,64,0
M2 sesgo sistemático,23,52,B colchón fijo,15.0,67,0
M2 sesgo sistemático,23,52,MC completo,0.5,50,2
M2 sesgo sistemático,23,52,MC completo,0.6,51,1
M2 sesgo sistemático,23,52,MC completo,0.7,52,0
M2 sesgo sistemático,23,52,MC completo,0.8,53,0
M2 sesgo sistemático,23,52,MC completo,0.85,55,0
M2 sesgo sistemático,23,52,MC completo,0.9,55,0
M2 sesgo sistemático,23,52,MC completo,0.93,56,0
M2 sesgo sistemático,23,52,MC completo,0.95,57,0
M2 sesgo sistemático,23,52,MC completo,0.97,58,0
M2 sesgo sistemático,23,52,MC sin conformal,0.5,50,2
M2 sesgo sistemático,23,52,MC sin conformal,0.6,51,1
M2 sesgo sistemático,23,52,MC sin conformal,0.7,52,0
M2 sesgo sistemático,23,52,MC sin conformal,0.8,53,0
M2 sesgo sistemático,23,52,MC sin conformal,0.85,55,0
M2 sesgo sistemático,23,52,MC sin conformal,0.9,55,0
M2 sesgo sistemático,23,52,MC sin conformal,0.93,56,0
M2 sesgo sistemático,23,52,MC sin conformal,0.95,57,0
M2 sesgo sistemático,23,52,MC sin conformal,0.97,58,0
M2 sesgo sistemático,23,52,MC sin disponibilidad,0.5,50,2
M2 sesgo sistemático,23,52,MC sin disponibilidad,0.6,51,1
M2 sesgo sistemático,23,52,MC sin disponibilidad,0.7,51,1
M2 sesgo sistemático,23,52,MC sin disponibilidad,0.8,52,0
M2 sesgo sistemático,23,52,MC sin disponibilidad,0.85,53,0
M2 sesgo sistemático,23,52,MC sin disponibilidad,0.9,55,0
M2 sesgo sistemático,23,52,MC sin disponibilidad,0.93,55,0
M2 sesgo sistemático,23,52,MC sin disponibilidad,0.95,56,0
M2 sesgo sistemático,23,52,MC sin disponibilidad,0.97,57,0
M2 sesgo sistemático,23,52,MC sin carga del taller,0.5,50,2
M2 sesgo sistemático,23,52,MC sin carga del taller,0.6,51,1
M2 sesgo sistemático,23,52,MC sin carga del taller,0.7,52,0
M2 sesgo sistemático,23,52,MC sin carga del taller,0.8,53,0
M2 sesgo sistemático,23,52,MC sin carga del taller,0.85,55,0
M2 sesgo sistemático,23,52,MC sin carga del taller,0.9,55,0
M2 sesgo sistemático,23,52,MC sin carga del taller,0.93,56,0
M2 sesgo sistemático,23,52,MC sin carga del taller,0.95,57,0
M2 sesgo sistemático,23,52,MC sin carga del taller,0.97,58,0
M2 sesgo sistemático,23,52,MC con rho = 0,0.5,50,2
M2 sesgo sistemático,23,52,MC con rho = 0,0.6,51,1
M2 sesgo sistemático,23,52,MC con rho = 0,0.7,52,0
M2 sesgo sistemático,23,52,MC con rho = 0,0.8,53,0
M2 sesgo sistemático,23,52,MC con rho = 0,0.85,53,0
M2 sesgo sistemático,23,52,MC con rho = 0,0.9,55,0
M2 sesgo sistemático,23,52,MC con rho = 0,0.93,56,0
M2 sesgo sistemático,23,52,MC con rho = 0,0.95,56,0
M2 sesgo sistemático,23,52,MC con rho = 0,0.97,57,0
M2 sesgo sistemático,23,52,MC sin variables (empírico),0.5,50,2
M2 sesgo sistemático,23,52,MC sin variables (empírico),0.6,51,1
M2 sesgo sistemático,23,52,MC sin variables (empírico),0.7,52,0
M2 sesgo sistemático,23,52,MC sin variables (empírico),0.8,52,0
M2 sesgo sistemático,23,52,MC sin variables (empírico),0.85,53,0
M2 sesgo sistemático,23,52,MC sin variables (empírico),0.9,55,0
M2 sesgo sistemático,23,52,MC sin variables (empírico),0.93,56,0
M2 sesgo sistemático,23,52,MC sin variables (empírico),0.95,57,0
M2 sesgo sistemático,23,52,MC sin variables (empírico),0.97,57,0
M3 no lineal y colas pesadas,2,81,A0 criterio del cotizador,0.0,81,0
M3 no lineal y colas pesadas,2,81,B colchón fijo,0.0,84,0
M3 no lineal y colas pesadas,2,81,B colchón fijo,1.0,85,0
M3 no lineal y colas pesadas,2,81,B colchón fijo,2.0,86,0
M3 no lineal y colas pesadas,2,81,B colchón fijo,3.0,88,0
M3 no lineal y colas pesadas,2,81,B colchón fijo,4.0,89,0
M3 no lineal y colas pesadas,2,81,B colchón fijo,6.0,91,0
M3 no lineal y colas pesadas,2,81,B colchón fijo,8.0,93,0
M3 no lineal y colas pesadas,2,81,B colchón fijo,10.0,96,0
M3 no lineal y colas pesadas,2,81,B colchón fijo,12.0,98,0
M3 no lineal y colas pesadas,2,81,B colchón fijo,15.0,102,0
M3 no lineal y colas pesadas,2,81,MC completo,0.5,85,0
M3 no lineal y colas pesadas,2,81,MC completo,0.6,86,0
M3 no lineal y colas pesadas,2,81,MC completo,0.7,89,0
M3 no lineal y colas pesadas,2,81,MC completo,0.8,91,0
M3 no lineal y colas pesadas,2,81,MC completo,0.85,92,0
M3 no lineal y colas pesadas,2,81,MC completo,0.9,95,0
M3 no lineal y colas pesadas,2,81,MC completo,0.93,97,0
M3 no lineal y colas pesadas,2,81,MC completo,0.95,98,0
M3 no lineal y colas pesadas,2,81,MC completo,0.97,99,0
M3 no lineal y colas pesadas,2,81,MC sin conformal,0.5,85,0
M3 no lineal y colas pesadas,2,81,MC sin conformal,0.6,86,0
M3 no lineal y colas pesadas,2,81,MC sin conformal,0.7,89,0
M3 no lineal y colas pesadas,2,81,MC sin conformal,0.8,91,0
M3 no lineal y colas pesadas,2,81,MC sin conformal,0.85,92,0
M3 no lineal y colas pesadas,2,81,MC sin conformal,0.9,95,0
M3 no lineal y colas pesadas,2,81,MC sin conformal,0.93,97,0
M3 no lineal y colas pesadas,2,81,MC sin conformal,0.95,98,0
M3 no lineal y colas pesadas,2,81,MC sin conformal,0.97,99,0
M3 no lineal y colas pesadas,2,81,MC sin disponibilidad,0.5,83,0
M3 no lineal y colas pesadas,2,81,MC sin disponibilidad,0.6,84,0
M3 no lineal y colas pesadas,2,81,MC sin disponibilidad,0.7,86,0
M3 no lineal y colas pesadas,2,81,MC sin disponibilidad,0.8,89,0
M3 no lineal y colas pesadas,2,81,MC sin disponibilidad,0.85,91,0
M3 no lineal y colas pesadas,2,81,MC sin disponibilidad,0.9,92,0
M3 no lineal y colas pesadas,2,81,MC sin disponibilidad,0.93,93,0
M3 no lineal y colas pesadas,2,81,MC sin disponibilidad,0.95,95,0
M3 no lineal y colas pesadas,2,81,MC sin disponibilidad,0.97,96,0
M3 no lineal y colas pesadas,2,81,MC sin carga del taller,0.5,83,0
M3 no lineal y colas pesadas,2,81,MC sin carga del taller,0.6,84,0
M3 no lineal y colas pesadas,2,81,MC sin carga del taller,0.7,86,0
M3 no lineal y colas pesadas,2,81,MC sin carga del taller,0.8,89,0
M3 no lineal y colas pesadas,2,81,MC sin carga del taller,0.85,90,0
M3 no lineal y colas pesadas,2,81,MC sin carga del taller,0.9,92,0
M3 no lineal y colas pesadas,2,81,MC sin carga del taller,0.93,93,0
M3 no lineal y colas pesadas,2,81,MC sin carga del taller,0.95,95,0
M3 no lineal y colas pesadas,2,81,MC sin carga del taller,0.97,96,0
M3 no lineal y colas pesadas,2,81,MC con rho = 0,0.5,85,0
M3 no lineal y colas pesadas,2,81,MC con rho = 0,0.6,88,0
M3 no lineal y colas pesadas,2,81,MC con rho = 0,0.7,89,0
M3 no lineal y colas pesadas,2,81,MC con rho = 0,0.8,91,0
M3 no lineal y colas pesadas,2,81,MC con rho = 0,0.85,91,0
M3 no lineal y colas pesadas,2,81,MC con rho = 0,0.9,92,0
M3 no lineal y colas pesadas,2,81,MC con rho = 0,0.93,93,0
M3 no lineal y colas pesadas,2,81,MC con rho = 0,0.95,95,0
M3 no lineal y colas pesadas,2,81,MC con rho = 0,0.97,96,0
M3 no lineal y colas pesadas,2,81,MC sin variables (empírico),0.5,85,0
M3 no lineal y colas pesadas,2,81,MC sin variables (empírico),0.6,86,0
M3 no lineal y colas pesadas,2,81,MC sin variables (empírico),0.7,89,0
M3 no lineal y colas pesadas,2,81,MC sin variables (empírico),0.8,91,0
M3 no lineal y colas pesadas,2,81,MC sin variables (empírico),0.85,92,0
M3 no lineal y colas pesadas,2,81,MC sin variables (empírico),0.9,95,0
M3 no lineal y colas pesadas,2,81,MC sin variables (empírico),0.93,97,0
M3 no lineal y colas pesadas,2,81,MC sin variables (empírico),0.95,98,0
M3 no lineal y colas pesadas,2,81,MC sin variables (empírico),0.97,99,0
M3 no lineal y colas pesadas,1,83,A0 criterio del cotizador,0.0,83,0
M3 no lineal y colas pesadas,1,83,B colchón fijo,0.0,101,0
M3 no lineal y colas pesadas,1,83,B colchón fijo,1.0,102,0
M3 no lineal y colas pesadas,1,83,B colchón fijo,2.0,103,0
M3 no lineal y colas pesadas,1,83,B colchón fijo,3.0,104,0
M3 no lineal y colas pesadas,1,83,B colchón fijo,4.0,105,0
M3 no lineal y colas pesadas,1,83,B colchón fijo,6.0,108,0
M3 no lineal y colas pesadas,1,83,B colchón fijo,8.0,110,0
M3 no lineal y colas pesadas,1,83,B colchón fijo,10.0,112,0
M3 no lineal y colas pesadas,1,83,B colchón fijo,12.0,115,0
M3 no lineal y colas pesadas,1,83,B colchón fijo,15.0,118,0
M3 no lineal y colas pesadas,1,83,MC completo,0.5,102,0
M3 no lineal y colas pesadas,1,83,MC completo,0.6,104,0
M3 no lineal y colas pesadas,1,83,MC completo,0.7,106,0
M3 no lineal y colas pesadas,1,83,MC completo,0.8,110,0
M3 no lineal y colas pesadas,1,83,MC completo,0.85,111,0
M3 no lineal y colas pesadas,1,83,MC completo,0.9,113,0
M3 no lineal y colas pesadas,1,83,MC completo,0.93,115,0
M3 no lineal y colas pesadas,1,83,MC completo,0.95,117,0
M3 no lineal y colas pesadas,1,83,MC completo,0.97,119,0
M3 no lineal y colas pesadas,1,83,MC sin conformal,0.5,102,0
M3 no lineal y colas pesadas,1,83,MC sin conformal,0.6,104,0
M3 no lineal y colas pesadas,1,83,MC sin conformal,0.7,106,0
M3 no lineal y colas pesadas,1,83,MC sin conformal,0.8,110,0
M3 no lineal y colas pesadas,1,83,MC sin conformal,0.85,111,0
M3 no lineal y colas pesadas,1,83,MC sin conformal,0.9,113,0
M3 no lineal y colas pesadas,1,83,MC sin conformal,0.93,115,0
M3 no lineal y colas pesadas,1,83,MC sin conformal,0.95,117,0
M3 no lineal y colas pesadas,1,83,MC sin conformal,0.97,119,0
M3 no lineal y colas pesadas,1,83,MC sin disponibilidad,0.5,99,0
M3 no lineal y colas pesadas,1,83,MC sin disponibilidad,0.6,102,0
M3 no lineal y colas pesadas,1,83,MC sin disponibilidad,0.7,104,0
M3 no lineal y colas pesadas,1,83,MC sin disponibilidad,0.8,108,0
M3 no lineal y colas pesadas,1,83,MC sin disponibilidad,0.85,109,0
M3 no lineal y colas pesadas,1,83,MC sin disponibilidad,0.9,111,0
M3 no lineal y colas pesadas,1,83,MC sin disponibilidad,0.93,112,0
M3 no lineal y colas pesadas,1,83,MC sin disponibilidad,0.95,113,0
M3 no lineal y colas pesadas,1,83,MC sin disponibilidad,0.97,116,0
M3 no lineal y colas pesadas,1,83,MC sin carga del taller,0.5,94,0
M3 no lineal y colas pesadas,1,83,MC sin carga del taller,0.6,96,0
M3 no lineal y colas pesadas,1,83,MC sin carga del taller,0.7,98,0
M3 no lineal y colas pesadas,1,83,MC sin carga del taller,0.8,101,0
M3 no lineal y colas pesadas,1,83,MC sin carga del taller,0.85,103,0
M3 no lineal y colas pesadas,1,83,MC sin carga del taller,0.9,104,0
M3 no lineal y colas pesadas,1,83,MC sin carga del taller,0.93,106,0
M3 no lineal y colas pesadas,1,83,MC sin carga del taller,0.95,108,0
M3 no lineal y colas pesadas,1,83,MC sin carga del taller,0.97,109,0
M3 no lineal y colas pesadas,1,83,MC con rho = 0,0.5,103,0
M3 no lineal y colas pesadas,1,83,MC con rho = 0,0.6,104,0
M3 no lineal y colas pesadas,1,83,MC con rho = 0,0.7,106,0
M3 no lineal y colas pesadas,1,83,MC con rho = 0,0.8,108,0
M3 no lineal y colas pesadas,1,83,MC con rho = 0,0.85,109,0
M3 no lineal y colas pesadas,1,83,MC con rho = 0,0.9,110,0
M3 no lineal y colas pesadas,1,83,MC con rho = 0,0.93,111,0
M3 no lineal y colas pesadas,1,83,MC con rho = 0,0.95,112,0
M3 no lineal y colas pesadas,1,83,MC con rho = 0,0.97,113,0
M3 no lineal y colas pesadas,1,83,MC sin variables (empírico),0.5,102,0
M3 no lineal y colas pesadas,1,83,MC sin variables (empírico),0.6,104,0
M3 no lineal y colas pesadas,1,83,MC sin variables (empírico),0.7,106,0
M3 no lineal y colas pesadas,1,83,MC sin variables (empírico),0.8,110,0
M3 no lineal y colas pesadas,1,83,MC sin variables (empírico),0.85,111,0
M3 no lineal y colas pesadas,1,83,MC sin variables (empírico),0.9,113,0
M3 no lineal y colas pesadas,1,83,MC sin variables (empírico),0.93,115,0
M3 no lineal y colas pesadas,1,83,MC sin variables (empírico),0.95,117,0
M3 no lineal y colas pesadas,1,83,MC sin variables (empírico),0.97,119,0
M3 no lineal y colas pesadas,3,75,A0 criterio del cotizador,0.0,75,0
M3 no lineal y colas pesadas,3,75,B colchón fijo,0.0,73,1
M3 no lineal y colas pesadas,3,75,B colchón fijo,1.0,74,0
M3 no lineal y colas pesadas,3,75,B colchón fijo,2.0,75,0
M3 no lineal y colas pesadas,3,75,B colchón fijo,3.0,76,0
M3 no lineal y colas pesadas,3,75,B colchón fijo,4.0,77,0
M3 no lineal y colas pesadas,3,75,B colchón fijo,6.0,80,0
M3 no lineal y colas pesadas,3,75,B colchón fijo,8.0,82,0
M3 no lineal y colas pesadas,3,75,B colchón fijo,10.0,84,0
M3 no lineal y colas pesadas,3,75,B colchón fijo,12.0,87,0
M3 no lineal y colas pesadas,3,75,B colchón fijo,15.0,90,0
M3 no lineal y colas pesadas,3,75,MC completo,0.5,74,0
M3 no lineal y colas pesadas,3,75,MC completo,0.6,76,0
M3 no lineal y colas pesadas,3,75,MC completo,0.7,77,0
M3 no lineal y colas pesadas,3,75,MC completo,0.8,80,0
M3 no lineal y colas pesadas,3,75,MC completo,0.85,81,0
M3 no lineal y colas pesadas,3,75,MC completo,0.9,82,0
M3 no lineal y colas pesadas,3,75,MC completo,0.93,83,0
M3 no lineal y colas pesadas,3,75,MC completo,0.95,84,0
M3 no lineal y colas pesadas,3,75,MC completo,0.97,87,0
M3 no lineal y colas pesadas,3,75,MC sin conformal,0.5,74,0
M3 no lineal y colas pesadas,3,75,MC sin conformal,0.6,76,0
M3 no lineal y colas pesadas,3,75,MC sin conformal,0.7,77,0
M3 no lineal y colas pesadas,3,75,MC sin conformal,0.8,80,0
M3 no lineal y colas pesadas,3,75,MC sin conformal,0.85,81,0
M3 no lineal y colas pesadas,3,75,MC sin conformal,0.9,82,0
M3 no lineal y colas pesadas,3,75,MC sin conformal,0.93,83,0
M3 no lineal y colas pesadas,3,75,MC sin conformal,0.95,84,0
M3 no lineal y colas pesadas,3,75,MC sin conformal,0.97,87,0
M3 no lineal y colas pesadas,3,75,MC sin disponibilidad,0.5,74,0
M3 no lineal y colas pesadas,3,75,MC sin disponibilidad,0.6,75,0
M3 no lineal y colas pesadas,3,75,MC sin disponibilidad,0.7,77,0
M3 no lineal y colas pesadas,3,75,MC sin disponibilidad,0.8,78,0
M3 no lineal y colas pesadas,3,75,MC sin disponibilidad,0.85,80,0
M3 no lineal y colas pesadas,3,75,MC sin disponibilidad,0.9,81,0
M3 no lineal y colas pesadas,3,75,MC sin disponibilidad,0.93,82,0
M3 no lineal y colas pesadas,3,75,MC sin disponibilidad,0.95,83,0
M3 no lineal y colas pesadas,3,75,MC sin disponibilidad,0.97,84,0
M3 no lineal y colas pesadas,3,75,MC sin carga del taller,0.5,74,0
M3 no lineal y colas pesadas,3,75,MC sin carga del taller,0.6,76,0
M3 no lineal y colas pesadas,3,75,MC sin carga del taller,0.7,77,0
M3 no lineal y colas pesadas,3,75,MC sin carga del taller,0.8,80,0
M3 no lineal y colas pesadas,3,75,MC sin carga del taller,0.85,81,0
M3 no lineal y colas pesadas,3,75,MC sin carga del taller,0.9,82,0
M3 no lineal y colas pesadas,3,75,MC sin carga del taller,0.93,83,0
M3 no lineal y colas pesadas,3,75,MC sin carga del taller,0.95,84,0
M3 no lineal y colas pesadas,3,75,MC sin carga del taller,0.97,87,0
M3 no lineal y colas pesadas,3,75,MC con rho = 0,0.5,74,0
M3 no lineal y colas pesadas,3,75,MC con rho = 0,0.6,75,0
M3 no lineal y colas pesadas,3,75,MC con rho = 0,0.7,77,0
M3 no lineal y colas pesadas,3,75,MC con rho = 0,0.8,78,0
M3 no lineal y colas pesadas,3,75,MC con rho = 0,0.85,80,0
M3 no lineal y colas pesadas,3,75,MC con rho = 0,0.9,81,0
M3 no lineal y colas pesadas,3,75,MC con rho = 0,0.93,82,0
M3 no lineal y colas pesadas,3,75,MC con rho = 0,0.95,82,0
M3 no lineal y colas pesadas,3,75,MC con rho = 0,0.97,83,0
M3 no lineal y colas pesadas,3,75,MC sin variables (empírico),0.5,74,0
M3 no lineal y colas pesadas,3,75,MC sin variables (empírico),0.6,76,0
M3 no lineal y colas pesadas,3,75,MC sin variables (empírico),0.7,77,0
M3 no lineal y colas pesadas,3,75,MC sin variables (empírico),0.8,80,0
M3 no lineal y colas pesadas,3,75,MC sin variables (empírico),0.85,81,0
M3 no lineal y colas pesadas,3,75,MC sin variables (empírico),0.9,82,0
M3 no lineal y colas pesadas,3,75,MC sin variables (empírico),0.93,83,0
M3 no lineal y colas pesadas,3,75,MC sin variables (empírico),0.95,84,0
M3 no lineal y colas pesadas,3,75,MC sin variables (empírico),0.97,87,0
M3 no lineal y colas pesadas,5,72,A0 criterio del cotizador,0.0,72,0
M3 no lineal y colas pesadas,5,72,B colchón fijo,0.0,68,4
M3 no lineal y colas pesadas,5,72,B colchón fijo,1.0,69,3
M3 no lineal y colas pesadas,5,72,B colchón fijo,2.0,71,1
M3 no lineal y colas pesadas,5,72,B colchón fijo,3.0,72,0
M3 no lineal y colas pesadas,5,72,B colchón fijo,4.0,73,0
M3 no lineal y colas pesadas,5,72,B colchón fijo,6.0,75,0
M3 no lineal y colas pesadas,5,72,B colchón fijo,8.0,78,0
M3 no lineal y colas pesadas,5,72,B colchón fijo,10.0,80,0
M3 no lineal y colas pesadas,5,72,B colchón fijo,12.0,82,0
M3 no lineal y colas pesadas,5,72,B colchón fijo,15.0,86,0
M3 no lineal y colas pesadas,5,72,MC completo,0.5,71,1
M3 no lineal y colas pesadas,5,72,MC completo,0.6,72,0
M3 no lineal y colas pesadas,5,72,MC completo,0.7,74,0
M3 no lineal y colas pesadas,5,72,MC completo,0.8,76,0
M3 no lineal y colas pesadas,5,72,MC completo,0.85,78,0
M3 no lineal y colas pesadas,5,72,MC completo,0.9,79,0
M3 no lineal y colas pesadas,5,72,MC completo,0.93,80,0
M3 no lineal y colas pesadas,5,72,MC completo,0.95,81,0
M3 no lineal y colas pesadas,5,72,MC completo,0.97,82,0
M3 no lineal y colas pesadas,5,72,MC sin conformal,0.5,71,1
M3 no lineal y colas pesadas,5,72,MC sin conformal,0.6,72,0
M3 no lineal y colas pesadas,5,72,MC sin conformal,0.7,74,0
M3 no lineal y colas pesadas,5,72,MC sin conformal,0.8,76,0
M3 no lineal y colas pesadas,5,72,MC sin conformal,0.85,78,0
M3 no lineal y colas pesadas,5,72,MC sin conformal,0.9,79,0
M3 no lineal y colas pesadas,5,72,MC sin conformal,0.93,80,0
M3 no lineal y colas pesadas,5,72,MC sin conformal,0.95,81,0
M3 no lineal y colas pesadas,5,72,MC sin conformal,0.97,82,0
M3 no lineal y colas pesadas,5,72,MC sin disponibilidad,0.5,69,3
M3 no lineal y colas pesadas,5,72,MC sin disponibilidad,0.6,71,1
M3 no lineal y colas pesadas,5,72,MC sin disponibilidad,0.7,73,0
M3 no lineal y colas pesadas,5,72,MC sin disponibilidad,0.8,75,0
M3 no lineal y colas pesadas,5,72,MC sin disponibilidad,0.85,76,0
M3 no lineal y colas pesadas,5,72,MC sin disponibilidad,0.9,78,0
M3 no lineal y colas pesadas,5,72,MC sin disponibilidad,0.93,79,0
M3 no lineal y colas pesadas,5,72,MC sin disponibilidad,0.95,80,0
M3 no lineal y colas pesadas,5,72,MC sin disponibilidad,0.97,81,0
M3 no lineal y colas pesadas,5,72,MC sin carga del taller,0.5,71,1
M3 no lineal y colas pesadas,5,72,MC sin carga del taller,0.6,72,0
M3 no lineal y colas pesadas,5,72,MC sin carga del taller,0.7,74,0
M3 no lineal y colas pesadas,5,72,MC sin carga del taller,0.8,76,0
M3 no lineal y colas pesadas,5,72,MC sin carga del taller,0.85,78,0
M3 no lineal y colas pesadas,5,72,MC sin carga del taller,0.9,79,0
M3 no lineal y colas pesadas,5,72,MC sin carga del taller,0.93,80,0
M3 no lineal y colas pesadas,5,72,MC sin carga del taller,0.95,81,0
M3 no lineal y colas pesadas,5,72,MC sin carga del taller,0.97,82,0
M3 no lineal y colas pesadas,5,72,MC con rho = 0,0.5,71,1
M3 no lineal y colas pesadas,5,72,MC con rho = 0,0.6,72,0
M3 no lineal y colas pesadas,5,72,MC con rho = 0,0.7,73,0
M3 no lineal y colas pesadas,5,72,MC con rho = 0,0.8,74,0
M3 no lineal y colas pesadas,5,72,MC con rho = 0,0.85,75,0
M3 no lineal y colas pesadas,5,72,MC con rho = 0,0.9,76,0
M3 no lineal y colas pesadas,5,72,MC con rho = 0,0.93,76,0
M3 no lineal y colas pesadas,5,72,MC con rho = 0,0.95,78,0
M3 no lineal y colas pesadas,5,72,MC con rho = 0,0.97,79,0
M3 no lineal y colas pesadas,5,72,MC sin variables (empírico),0.5,71,1
M3 no lineal y colas pesadas,5,72,MC sin variables (empírico),0.6,72,0
M3 no lineal y colas pesadas,5,72,MC sin variables (empírico),0.7,74,0
M3 no lineal y colas pesadas,5,72,MC sin variables (empírico),0.8,76,0
M3 no lineal y colas pesadas,5,72,MC sin variables (empírico),0.85,78,0
M3 no lineal y colas pesadas,5,72,MC sin variables (empírico),0.9,79,0
M3 no lineal y colas pesadas,5,72,MC sin variables (empírico),0.93,80,0
M3 no lineal y colas pesadas,5,72,MC sin variables (empírico),0.95,81,0
M3 no lineal y colas pesadas,5,72,MC sin variables (empírico),0.97,82,0
M3 no lineal y colas pesadas,6,61,A0 criterio del cotizador,0.0,61,5
M3 no lineal y colas pesadas,6,61,B colchón fijo,0.0,55,11
M3 no lineal y colas pesadas,6,61,B colchón fijo,1.0,56,10
M3 no lineal y colas pesadas,6,61,B colchón fijo,2.0,57,9
M3 no lineal y colas pesadas,6,61,B colchón fijo,3.0,58,8
M3 no lineal y colas pesadas,6,61,B colchón fijo,4.0,60,6
M3 no lineal y colas pesadas,6,61,B colchón fijo,6.0,62,4
M3 no lineal y colas pesadas,6,61,B colchón fijo,8.0,64,2
M3 no lineal y colas pesadas,6,61,B colchón fijo,10.0,67,0
M3 no lineal y colas pesadas,6,61,B colchón fijo,12.0,69,0
M3 no lineal y colas pesadas,6,61,B colchón fijo,15.0,72,0
M3 no lineal y colas pesadas,6,61,MC completo,0.5,58,8
M3 no lineal y colas pesadas,6,61,MC completo,0.6,60,6
M3 no lineal y colas pesadas,6,61,MC completo,0.7,61,5
M3 no lineal y colas pesadas,6,61,MC completo,0.8,63,3
M3 no lineal y colas pesadas,6,61,MC completo,0.85,64,2
M3 no lineal y colas pesadas,6,61,MC completo,0.9,65,1
M3 no lineal y colas pesadas,6,61,MC completo,0.93,67,0
M3 no lineal y colas pesadas,6,61,MC completo,0.95,68,0
M3 no lineal y colas pesadas,6,61,MC completo,0.97,69,0
M3 no lineal y colas pesadas,6,61,MC sin conformal,0.5,58,8
M3 no lineal y colas pesadas,6,61,MC sin conformal,0.6,60,6
M3 no lineal y colas pesadas,6,61,MC sin conformal,0.7,61,5
M3 no lineal y colas pesadas,6,61,MC sin conformal,0.8,63,3
M3 no lineal y colas pesadas,6,61,MC sin conformal,0.85,64,2
M3 no lineal y colas pesadas,6,61,MC sin conformal,0.9,65,1
M3 no lineal y colas pesadas,6,61,MC sin conformal,0.93,67,0
M3 no lineal y colas pesadas,6,61,MC sin conformal,0.95,68,0
M3 no lineal y colas pesadas,6,61,MC sin conformal,0.97,69,0
M3 no lineal y colas pesadas,6,61,MC sin disponibilidad,0.5,57,9
M3 no lineal y colas pesadas,6,61,MC sin disponibilidad,0.6,58,8
M3 no lineal y colas pesadas,6,61,MC sin disponibilidad,0.7,60,6
M3 no lineal y colas pesadas,6,61,MC sin disponibilidad,0.8,62,4
M3 no lineal y colas pesadas,6,61,MC sin disponibilidad,0.85,63,3
M3 no lineal y colas pesadas,6,61,MC sin disponibilidad,0.9,65,1
M3 no lineal y colas pesadas,6,61,MC sin disponibilidad,0.93,65,1
M3 no lineal y colas pesadas,6,61,MC sin disponibilidad,0.95,67,0
M3 no lineal y colas pesadas,6,61,MC sin disponibilidad,0.97,68,0
M3 no lineal y colas pesadas,6,61,MC sin carga del taller,0.5,57,9
M3 no lineal y colas pesadas,6,61,MC sin carga del taller,0.6,58,8
M3 no lineal y colas pesadas,6,61,MC sin carga del taller,0.7,61,5
M3 no lineal y colas pesadas,6,61,MC sin carga del taller,0.8,62,4
M3 no lineal y colas pesadas,6,61,MC sin carga del taller,0.85,63,3
M3 no lineal y colas pesadas,6,61,MC sin carga del taller,0.9,64,2
M3 no lineal y colas pesadas,6,61,MC sin carga del taller,0.93,65,1
M3 no lineal y colas pesadas,6,61,MC sin carga del taller,0.95,67,0
M3 no lineal y colas pesadas,6,61,MC sin carga del taller,0.97,68,0
M3 no lineal y colas pesadas,6,61,MC con rho = 0,0.5,58,8
M3 no lineal y colas pesadas,6,61,MC con rho = 0,0.6,58,8
M3 no lineal y colas pesadas,6,61,MC con rho = 0,0.7,60,6
M3 no lineal y colas pesadas,6,61,MC con rho = 0,0.8,61,5
M3 no lineal y colas pesadas,6,61,MC con rho = 0,0.85,62,4
M3 no lineal y colas pesadas,6,61,MC con rho = 0,0.9,63,3
M3 no lineal y colas pesadas,6,61,MC con rho = 0,0.93,63,3
M3 no lineal y colas pesadas,6,61,MC con rho = 0,0.95,64,2
M3 no lineal y colas pesadas,6,61,MC con rho = 0,0.97,65,1
M3 no lineal y colas pesadas,6,61,MC sin variables (empírico),0.5,58,8
M3 no lineal y colas pesadas,6,61,MC sin variables (empírico),0.6,60,6
M3 no lineal y colas pesadas,6,61,MC sin variables (empírico),0.7,61,5
M3 no lineal y colas pesadas,6,61,MC sin variables (empírico),0.8,63,3
M3 no lineal y colas pesadas,6,61,MC sin variables (empírico),0.85,64,2
M3 no lineal y colas pesadas,6,61,MC sin variables (empírico),0.9,65,1
M3 no lineal y colas pesadas,6,61,MC sin variables (empírico),0.93,67,0
M3 no lineal y colas pesadas,6,61,MC sin variables (empírico),0.95,68,0
M3 no lineal y colas pesadas,6,61,MC sin variables (empírico),0.97,69,0
M3 no lineal y colas pesadas,4,64,A0 criterio del cotizador,0.0,64,0
M3 no lineal y colas pesadas,4,64,B colchón fijo,0.0,59,5
M3 no lineal y colas pesadas,4,64,B colchón fijo,1.0,60,4
M3 no lineal y colas pesadas,4,64,B colchón fijo,2.0,62,2
M3 no lineal y colas pesadas,4,64,B colchón fijo,3.0,63,1
M3 no lineal y colas pesadas,4,64,B colchón fijo,4.0,64,0
M3 no lineal y colas pesadas,4,64,B colchón fijo,6.0,66,0
M3 no lineal y colas pesadas,4,64,B colchón fijo,8.0,69,0
M3 no lineal y colas pesadas,4,64,B colchón fijo,10.0,71,0
M3 no lineal y colas pesadas,4,64,B colchón fijo,12.0,73,0
M3 no lineal y colas pesadas,4,64,B colchón fijo,15.0,77,0
M3 no lineal y colas pesadas,4,64,MC completo,0.5,62,2
M3 no lineal y colas pesadas,4,64,MC completo,0.6,63,1
M3 no lineal y colas pesadas,4,64,MC completo,0.7,65,0
M3 no lineal y colas pesadas,4,64,MC completo,0.8,66,0
M3 no lineal y colas pesadas,4,64,MC completo,0.85,67,0
M3 no lineal y colas pesadas,4,64,MC completo,0.9,69,0
M3 no lineal y colas pesadas,4,64,MC completo,0.93,70,0
M3 no lineal y colas pesadas,4,64,MC completo,0.95,71,0
M3 no lineal y colas pesadas,4,64,MC completo,0.97,72,0
M3 no lineal y colas pesadas,4,64,MC sin conformal,0.5,62,2
M3 no lineal y colas pesadas,4,64,MC sin conformal,0.6,63,1
M3 no lineal y colas pesadas,4,64,MC sin conformal,0.7,65,0
M3 no lineal y colas pesadas,4,64,MC sin conformal,0.8,66,0
M3 no lineal y colas pesadas,4,64,MC sin conformal,0.85,67,0
M3 no lineal y colas pesadas,4,64,MC sin conformal,0.9,69,0
M3 no lineal y colas pesadas,4,64,MC sin conformal,0.93,70,0
M3 no lineal y colas pesadas,4,64,MC sin conformal,0.95,71,0
M3 no lineal y colas pesadas,4,64,MC sin conformal,0.97,72,0
M3 no lineal y colas pesadas,4,64,MC sin disponibilidad,0.5,60,4
M3 no lineal y colas pesadas,4,64,MC sin disponibilidad,0.6,63,1
M3 no lineal y colas pesadas,4,64,MC sin disponibilidad,0.7,64,0
M3 no lineal y colas pesadas,4,64,MC sin disponibilidad,0.8,65,0
M3 no lineal y colas pesadas,4,64,MC sin disponibilidad,0.85,66,0
M3 no lineal y colas pesadas,4,64,MC sin disponibilidad,0.9,67,0
M3 no lineal y colas pesadas,4,64,MC sin disponibilidad,0.93,69,0
M3 no lineal y colas pesadas,4,64,MC sin disponibilidad,0.95,70,0
M3 no lineal y colas pesadas,4,64,MC sin disponibilidad,0.97,70,0
M3 no lineal y colas pesadas,4,64,MC sin carga del taller,0.5,62,2
M3 no lineal y colas pesadas,4,64,MC sin carga del taller,0.6,63,1
M3 no lineal y colas pesadas,4,64,MC sin carga del taller,0.7,65,0
M3 no lineal y colas pesadas,4,64,MC sin carga del taller,0.8,66,0
M3 no lineal y colas pesadas,4,64,MC sin carga del taller,0.85,67,0
M3 no lineal y colas pesadas,4,64,MC sin carga del taller,0.9,69,0
M3 no lineal y colas pesadas,4,64,MC sin carga del taller,0.93,70,0
M3 no lineal y colas pesadas,4,64,MC sin carga del taller,0.95,71,0
M3 no lineal y colas pesadas,4,64,MC sin carga del taller,0.97,72,0
M3 no lineal y colas pesadas,4,64,MC con rho = 0,0.5,62,2
M3 no lineal y colas pesadas,4,64,MC con rho = 0,0.6,63,1
M3 no lineal y colas pesadas,4,64,MC con rho = 0,0.7,64,0
M3 no lineal y colas pesadas,4,64,MC con rho = 0,0.8,65,0
M3 no lineal y colas pesadas,4,64,MC con rho = 0,0.85,66,0
M3 no lineal y colas pesadas,4,64,MC con rho = 0,0.9,67,0
M3 no lineal y colas pesadas,4,64,MC con rho = 0,0.93,67,0
M3 no lineal y colas pesadas,4,64,MC con rho = 0,0.95,69,0
M3 no lineal y colas pesadas,4,64,MC con rho = 0,0.97,70,0
M3 no lineal y colas pesadas,4,64,MC sin variables (empírico),0.5,62,2
M3 no lineal y colas pesadas,4,64,MC sin variables (empírico),0.6,63,1
M3 no lineal y colas pesadas,4,64,MC sin variables (empírico),0.7,65,0
M3 no lineal y colas pesadas,4,64,MC sin variables (empírico),0.8,66,0
M3 no lineal y colas pesadas,4,64,MC sin variables (empírico),0.85,67,0
M3 no lineal y colas pesadas,4,64,MC sin variables (empírico),0.9,69,0
M3 no lineal y colas pesadas,4,64,MC sin variables (empírico),0.93,70,0
M3 no lineal y colas pesadas,4,64,MC sin variables (empírico),0.95,71,0
M3 no lineal y colas pesadas,4,64,MC sin variables (empírico),0.97,72,0
M3 no lineal y colas pesadas,7,61,A0 criterio del cotizador,0.0,61,0
M3 no lineal y colas pesadas,7,61,B colchón fijo,0.0,63,0
M3 no lineal y colas pesadas,7,61,B colchón fijo,1.0,64,0
M3 no lineal y colas pesadas,7,61,B colchón fijo,2.0,65,0
M3 no lineal y colas pesadas,7,61,B colchón fijo,3.0,66,0
M3 no lineal y colas pesadas,7,61,B colchón fijo,4.0,67,0
M3 no lineal y colas pesadas,7,61,B colchón fijo,6.0,70,0
M3 no lineal y colas pesadas,7,61,B colchón fijo,8.0,72,0
M3 no lineal y colas pesadas,7,61,B colchón fijo,10.0,74,0
M3 no lineal y colas pesadas,7,61,B colchón fijo,12.0,77,0
M3 no lineal y colas pesadas,7,61,B colchón fijo,15.0,80,0
M3 no lineal y colas pesadas,7,61,MC completo,0.5,64,0
M3 no lineal y colas pesadas,7,61,MC completo,0.6,65,0
M3 no lineal y colas pesadas,7,61,MC completo,0.7,66,0
M3 no lineal y colas pesadas,7,61,MC completo,0.8,68,0
M3 no lineal y colas pesadas,7,61,MC completo,0.85,70,0
M3 no lineal y colas pesadas,7,61,MC completo,0.9,71,0
M3 no lineal y colas pesadas,7,61,MC completo,0.93,71,0
M3 no lineal y colas pesadas,7,61,MC completo,0.95,72,0
M3 no lineal y colas pesadas,7,61,MC completo,0.97,73,0
M3 no lineal y colas pesadas,7,61,MC sin conformal,0.5,64,0
M3 no lineal y colas pesadas,7,61,MC sin conformal,0.6,65,0
M3 no lineal y colas pesadas,7,61,MC sin conformal,0.7,66,0
M3 no lineal y colas pesadas,7,61,MC sin conformal,0.8,68,0
M3 no lineal y colas pesadas,7,61,MC sin conformal,0.85,70,0
M3 no lineal y colas pesadas,7,61,MC sin conformal,0.9,71,0
M3 no lineal y colas pesadas,7,61,MC sin conformal,0.93,71,0
M3 no lineal y colas pesadas,7,61,MC sin conformal,0.95,72,0
M3 no lineal y colas pesadas,7,61,MC sin conformal,0.97,73,0
M3 no lineal y colas pesadas,7,61,MC sin disponibilidad,0.5,64,0
M3 no lineal y colas pesadas,7,61,MC sin disponibilidad,0.6,65,0
M3 no lineal y colas pesadas,7,61,MC sin disponibilidad,0.7,66,0
M3 no lineal y colas pesadas,7,61,MC sin disponibilidad,0.8,67,0
M3 no lineal y colas pesadas,7,61,MC sin disponibilidad,0.85,68,0
M3 no lineal y colas pesadas,7,61,MC sin disponibilidad,0.9,70,0
M3 no lineal y colas pesadas,7,61,MC sin disponibilidad,0.93,71,0
M3 no lineal y colas pesadas,7,61,MC sin disponibilidad,0.95,71,0
M3 no lineal y colas pesadas,7,61,MC sin disponibilidad,0.97,72,0
M3 no lineal y colas pesadas,7,61,MC sin carga del taller,0.5,64,0
M3 no lineal y colas pesadas,7,61,MC sin carga del taller,0.6,65,0
M3 no lineal y colas pesadas,7,61,MC sin carga del taller,0.7,66,0
M3 no lineal y colas pesadas,7,61,MC sin carga del taller,0.8,68,0
M3 no lineal y colas pesadas,7,61,MC sin carga del taller,0.85,70,0
M3 no lineal y colas pesadas,7,61,MC sin carga del taller,0.9,71,0
M3 no lineal y colas pesadas,7,61,MC sin carga del taller,0.93,71,0
M3 no lineal y colas pesadas,7,61,MC sin carga del taller,0.95,72,0
M3 no lineal y colas pesadas,7,61,MC sin carga del taller,0.97,73,0
M3 no lineal y colas pesadas,7,61,MC con rho = 0,0.5,64,0
M3 no lineal y colas pesadas,7,61,MC con rho = 0,0.6,65,0
M3 no lineal y colas pesadas,7,61,MC con rho = 0,0.7,66,0
M3 no lineal y colas pesadas,7,61,MC con rho = 0,0.8,67,0
M3 no lineal y colas pesadas,7,61,MC con rho = 0,0.85,68,0
M3 no lineal y colas pesadas,7,61,MC con rho = 0,0.9,68,0
M3 no lineal y colas pesadas,7,61,MC con rho = 0,0.93,70,0
M3 no lineal y colas pesadas,7,61,MC con rho = 0,0.95,70,0
M3 no lineal y colas pesadas,7,61,MC con rho = 0,0.97,71,0
M3 no lineal y colas pesadas,7,61,MC sin variables (empírico),0.5,64,0
M3 no lineal y colas pesadas,7,61,MC sin variables (empírico),0.6,65,0
M3 no lineal y colas pesadas,7,61,MC sin variables (empírico),0.7,66,0
M3 no lineal y colas pesadas,7,61,MC sin variables (empírico),0.8,68,0
M3 no lineal y colas pesadas,7,61,MC sin variables (empírico),0.85,70,0
M3 no lineal y colas pesadas,7,61,MC sin variables (empírico),0.9,71,0
M3 no lineal y colas pesadas,7,61,MC sin variables (empírico),0.93,71,0
M3 no lineal y colas pesadas,7,61,MC sin variables (empírico),0.95,72,0
M3 no lineal y colas pesadas,7,61,MC sin variables (empírico),0.97,73,0
M3 no lineal y colas pesadas,13,66,A0 criterio del cotizador,0.0,66,0
M3 no lineal y colas pesadas,13,66,B colchón fijo,0.0,65,0
M3 no lineal y colas pesadas,13,66,B colchón fijo,1.0,67,0
M3 no lineal y colas pesadas,13,66,B colchón fijo,2.0,68,0
M3 no lineal y colas pesadas,13,66,B colchón fijo,3.0,69,0
M3 no lineal y colas pesadas,13,66,B colchón fijo,4.0,70,0
M3 no lineal y colas pesadas,13,66,B colchón fijo,6.0,72,0
M3 no lineal y colas pesadas,13,66,B colchón fijo,8.0,75,0
M3 no lineal y colas pesadas,13,66,B colchón fijo,10.0,77,0
M3 no lineal y colas pesadas,13,66,B colchón fijo,12.0,79,0
M3 no lineal y colas pesadas,13,66,B colchón fijo,15.0,83,0
M3 no lineal y colas pesadas,13,66,MC completo,0.5,69,0
M3 no lineal y colas pesadas,13,66,MC completo,0.6,70,0
M3 no lineal y colas pesadas,13,66,MC completo,0.7,72,0
M3 no lineal y colas pesadas,13,66,MC completo,0.8,74,0
M3 no lineal y colas pesadas,13,66,MC completo,0.85,76,0
M3 no lineal y colas pesadas,13,66,MC completo,0.9,77,0
M3 no lineal y colas pesadas,13,66,MC completo,0.93,78,0
M3 no lineal y colas pesadas,13,66,MC completo,0.95,78,0
M3 no lineal y colas pesadas,13,66,MC completo,0.97,79,0
M3 no lineal y colas pesadas,13,66,MC sin conformal,0.5,69,0
M3 no lineal y colas pesadas,13,66,MC sin conformal,0.6,70,0
M3 no lineal y colas pesadas,13,66,MC sin conformal,0.7,71,0
M3 no lineal y colas pesadas,13,66,MC sin conformal,0.8,72,0
M3 no lineal y colas pesadas,13,66,MC sin conformal,0.85,74,0
M3 no lineal y colas pesadas,13,66,MC sin conformal,0.9,75,0
M3 no lineal y colas pesadas,13,66,MC sin conformal,0.93,76,0
M3 no lineal y colas pesadas,13,66,MC sin conformal,0.95,76,0
M3 no lineal y colas pesadas,13,66,MC sin conformal,0.97,77,0
M3 no lineal y colas pesadas,13,66,MC sin disponibilidad,0.5,68,0
M3 no lineal y colas pesadas,13,66,MC sin disponibilidad,0.6,70,0
M3 no lineal y colas pesadas,13,66,MC sin disponibilidad,0.7,71,0
M3 no lineal y colas pesadas,13,66,MC sin disponibilidad,0.8,74,0
M3 no lineal y colas pesadas,13,66,MC sin disponibilidad,0.85,75,0
M3 no lineal y colas pesadas,13,66,MC sin disponibilidad,0.9,76,0
M3 no lineal y colas pesadas,13,66,MC sin disponibilidad,0.93,77,0
M3 no lineal y colas pesadas,13,66,MC sin disponibilidad,0.95,77,0
M3 no lineal y colas pesadas,13,66,MC sin disponibilidad,0.97,78,0
M3 no lineal y colas pesadas,13,66,MC sin carga del taller,0.5,69,0
M3 no lineal y colas pesadas,13,66,MC sin carga del taller,0.6,70,0
M3 no lineal y colas pesadas,13,66,MC sin carga del taller,0.7,72,0
M3 no lineal y colas pesadas,13,66,MC sin carga del taller,0.8,74,0
M3 no lineal y colas pesadas,13,66,MC sin carga del taller,0.85,76,0
M3 no lineal y colas pesadas,13,66,MC sin carga del taller,0.9,77,0
M3 no lineal y colas pesadas,13,66,MC sin carga del taller,0.93,78,0
M3 no lineal y colas pesadas,13,66,MC sin carga del taller,0.95,78,0
M3 no lineal y colas pesadas,13,66,MC sin carga del taller,0.97,79,0
M3 no lineal y colas pesadas,13,66,MC con rho = 0,0.5,69,0
M3 no lineal y colas pesadas,13,66,MC con rho = 0,0.6,70,0
M3 no lineal y colas pesadas,13,66,MC con rho = 0,0.7,71,0
M3 no lineal y colas pesadas,13,66,MC con rho = 0,0.8,72,0
M3 no lineal y colas pesadas,13,66,MC con rho = 0,0.85,74,0
M3 no lineal y colas pesadas,13,66,MC con rho = 0,0.9,74,0
M3 no lineal y colas pesadas,13,66,MC con rho = 0,0.93,75,0
M3 no lineal y colas pesadas,13,66,MC con rho = 0,0.95,76,0
M3 no lineal y colas pesadas,13,66,MC con rho = 0,0.97,77,0
M3 no lineal y colas pesadas,13,66,MC sin variables (empírico),0.5,67,0
M3 no lineal y colas pesadas,13,66,MC sin variables (empírico),0.6,68,0
M3 no lineal y colas pesadas,13,66,MC sin variables (empírico),0.7,69,0
M3 no lineal y colas pesadas,13,66,MC sin variables (empírico),0.8,71,0
M3 no lineal y colas pesadas,13,66,MC sin variables (empírico),0.85,71,0
M3 no lineal y colas pesadas,13,66,MC sin variables (empírico),0.9,72,0
M3 no lineal y colas pesadas,13,66,MC sin variables (empírico),0.93,74,0
M3 no lineal y colas pesadas,13,66,MC sin variables (empírico),0.95,75,0
M3 no lineal y colas pesadas,13,66,MC sin variables (empírico),0.97,76,0
M3 no lineal y colas pesadas,8,70,A0 criterio del cotizador,0.0,70,0
M3 no lineal y colas pesadas,8,70,B colchón fijo,0.0,68,0
M3 no lineal y colas pesadas,8,70,B colchón fijo,1.0,70,0
M3 no lineal y colas pesadas,8,70,B colchón fijo,2.0,71,0
M3 no lineal y colas pesadas,8,70,B colchón fijo,3.0,72,0
M3 no lineal y colas pesadas,8,70,B colchón fijo,4.0,73,0
M3 no lineal y colas pesadas,8,70,B colchón fijo,6.0,75,0
M3 no lineal y colas pesadas,8,70,B colchón fijo,8.0,78,0
M3 no lineal y colas pesadas,8,70,B colchón fijo,10.0,80,0
M3 no lineal y colas pesadas,8,70,B colchón fijo,12.0,82,0
M3 no lineal y colas pesadas,8,70,B colchón fijo,15.0,86,0
M3 no lineal y colas pesadas,8,70,MC completo,0.5,71,0
M3 no lineal y colas pesadas,8,70,MC completo,0.6,73,0
M3 no lineal y colas pesadas,8,70,MC completo,0.7,74,0
M3 no lineal y colas pesadas,8,70,MC completo,0.8,77,0
M3 no lineal y colas pesadas,8,70,MC completo,0.85,79,0
M3 no lineal y colas pesadas,8,70,MC completo,0.9,80,0
M3 no lineal y colas pesadas,8,70,MC completo,0.93,82,0
M3 no lineal y colas pesadas,8,70,MC completo,0.95,82,0
M3 no lineal y colas pesadas,8,70,MC completo,0.97,85,0
M3 no lineal y colas pesadas,8,70,MC sin conformal,0.5,71,0
M3 no lineal y colas pesadas,8,70,MC sin conformal,0.6,72,0
M3 no lineal y colas pesadas,8,70,MC sin conformal,0.7,73,0
M3 no lineal y colas pesadas,8,70,MC sin conformal,0.8,75,0
M3 no lineal y colas pesadas,8,70,MC sin conformal,0.85,77,0
M3 no lineal y colas pesadas,8,70,MC sin conformal,0.9,79,0
M3 no lineal y colas pesadas,8,70,MC sin conformal,0.93,79,0
M3 no lineal y colas pesadas,8,70,MC sin conformal,0.95,80,0
M3 no lineal y colas pesadas,8,70,MC sin conformal,0.97,81,0
M3 no lineal y colas pesadas,8,70,MC sin disponibilidad,0.5,70,0
M3 no lineal y colas pesadas,8,70,MC sin disponibilidad,0.6,72,0
M3 no lineal y colas pesadas,8,70,MC sin disponibilidad,0.7,73,0
M3 no lineal y colas pesadas,8,70,MC sin disponibilidad,0.8,75,0
M3 no lineal y colas pesadas,8,70,MC sin disponibilidad,0.85,77,0
M3 no lineal y colas pesadas,8,70,MC sin disponibilidad,0.9,79,0
M3 no lineal y colas pesadas,8,70,MC sin disponibilidad,0.93,80,0
M3 no lineal y colas pesadas,8,70,MC sin disponibilidad,0.95,81,0
M3 no lineal y colas pesadas,8,70,MC sin disponibilidad,0.97,82,0
M3 no lineal y colas pesadas,8,70,MC sin carga del taller,0.5,68,0
M3 no lineal y colas pesadas,8,70,MC sin carga del taller,0.6,71,0
M3 no lineal y colas pesadas,8,70,MC sin carga del taller,0.7,72,0
M3 no lineal y colas pesadas,8,70,MC sin carga del taller,0.8,74,0
M3 no lineal y colas pesadas,8,70,MC sin carga del taller,0.85,75,0
M3 no lineal y colas pesadas,8,70,MC sin carga del taller,0.9,78,0
M3 no lineal y colas pesadas,8,70,MC sin carga del taller,0.93,80,0
M3 no lineal y colas pesadas,8,70,MC sin carga del taller,0.95,80,0
M3 no lineal y colas pesadas,8,70,MC sin carga del taller,0.97,81,0
M3 no lineal y colas pesadas,8,70,MC con rho = 0,0.5,71,0
M3 no lineal y colas pesadas,8,70,MC con rho = 0,0.6,72,0
M3 no lineal y colas pesadas,8,70,MC con rho = 0,0.7,73,0
M3 no lineal y colas pesadas,8,70,MC con rho = 0,0.8,75,0
M3 no lineal y colas pesadas,8,70,MC con rho = 0,0.85,77,0
M3 no lineal y colas pesadas,8,70,MC con rho = 0,0.9,78,0
M3 no lineal y colas pesadas,8,70,MC con rho = 0,0.93,78,0
M3 no lineal y colas pesadas,8,70,MC con rho = 0,0.95,79,0
M3 no lineal y colas pesadas,8,70,MC con rho = 0,0.97,80,0
M3 no lineal y colas pesadas,8,70,MC sin variables (empírico),0.5,73,0
M3 no lineal y colas pesadas,8,70,MC sin variables (empírico),0.6,74,0
M3 no lineal y colas pesadas,8,70,MC sin variables (empírico),0.7,75,0
M3 no lineal y colas pesadas,8,70,MC sin variables (empírico),0.8,77,0
M3 no lineal y colas pesadas,8,70,MC sin variables (empírico),0.85,78,0
M3 no lineal y colas pesadas,8,70,MC sin variables (empírico),0.9,79,0
M3 no lineal y colas pesadas,8,70,MC sin variables (empírico),0.93,81,0
M3 no lineal y colas pesadas,8,70,MC sin variables (empírico),0.95,81,0
M3 no lineal y colas pesadas,8,70,MC sin variables (empírico),0.97,82,0
M3 no lineal y colas pesadas,9,62,A0 criterio del cotizador,0.0,62,0
M3 no lineal y colas pesadas,9,62,B colchón fijo,0.0,59,1
M3 no lineal y colas pesadas,9,62,B colchón fijo,1.0,61,0
M3 no lineal y colas pesadas,9,62,B colchón fijo,2.0,62,0
M3 no lineal y colas pesadas,9,62,B colchón fijo,3.0,63,0
M3 no lineal y colas pesadas,9,62,B colchón fijo,4.0,64,0
M3 no lineal y colas pesadas,9,62,B colchón fijo,6.0,66,0
M3 no lineal y colas pesadas,9,62,B colchón fijo,8.0,69,0
M3 no lineal y colas pesadas,9,62,B colchón fijo,10.0,71,0
M3 no lineal y colas pesadas,9,62,B colchón fijo,12.0,73,0
M3 no lineal y colas pesadas,9,62,B colchón fijo,15.0,77,0
M3 no lineal y colas pesadas,9,62,MC completo,0.5,63,0
M3 no lineal y colas pesadas,9,62,MC completo,0.6,64,0
M3 no lineal y colas pesadas,9,62,MC completo,0.7,66,0
M3 no lineal y colas pesadas,9,62,MC completo,0.8,69,0
M3 no lineal y colas pesadas,9,62,MC completo,0.85,70,0
M3 no lineal y colas pesadas,9,62,MC completo,0.9,71,0
M3 no lineal y colas pesadas,9,62,MC completo,0.93,73,0
M3 no lineal y colas pesadas,9,62,MC completo,0.95,73,0
M3 no lineal y colas pesadas,9,62,MC completo,0.97,76,0
M3 no lineal y colas pesadas,9,62,MC sin conformal,0.5,63,0
M3 no lineal y colas pesadas,9,62,MC sin conformal,0.6,64,0
M3 no lineal y colas pesadas,9,62,MC sin conformal,0.7,65,0
M3 no lineal y colas pesadas,9,62,MC sin conformal,0.8,68,0
M3 no lineal y colas pesadas,9,62,MC sin conformal,0.85,68,0
M3 no lineal y colas pesadas,9,62,MC sin conformal,0.9,70,0
M3 no lineal y colas pesadas,9,62,MC sin conformal,0.93,71,0
M3 no lineal y colas pesadas,9,62,MC sin conformal,0.95,71,0
M3 no lineal y colas pesadas,9,62,MC sin conformal,0.97,73,0
M3 no lineal y colas pesadas,9,62,MC sin disponibilidad,0.5,63,0
M3 no lineal y colas pesadas,9,62,MC sin disponibilidad,0.6,64,0
M3 no lineal y colas pesadas,9,62,MC sin disponibilidad,0.7,65,0
M3 no lineal y colas pesadas,9,62,MC sin disponibilidad,0.8,68,0
M3 no lineal y colas pesadas,9,62,MC sin disponibilidad,0.85,69,0
M3 no lineal y colas pesadas,9,62,MC sin disponibilidad,0.9,71,0
M3 no lineal y colas pesadas,9,62,MC sin disponibilidad,0.93,72,0
M3 no lineal y colas pesadas,9,62,MC sin disponibilidad,0.95,72,0
M3 no lineal y colas pesadas,9,62,MC sin disponibilidad,0.97,75,0
M3 no lineal y colas pesadas,9,62,MC sin carga del taller,0.5,63,0
M3 no lineal y colas pesadas,9,62,MC sin carga del taller,0.6,64,0
M3 no lineal y colas pesadas,9,62,MC sin carga del taller,0.7,66,0
M3 no lineal y colas pesadas,9,62,MC sin carga del taller,0.8,69,0
M3 no lineal y colas pesadas,9,62,MC sin carga del taller,0.85,70,0
M3 no lineal y colas pesadas,9,62,MC sin carga del taller,0.9,71,0
M3 no lineal y colas pesadas,9,62,MC sin carga del taller,0.93,73,0
M3 no lineal y colas pesadas,9,62,MC sin carga del taller,0.95,73,0
M3 no lineal y colas pesadas,9,62,MC sin carga del taller,0.97,76,0
M3 no lineal y colas pesadas,9,62,MC con rho = 0,0.5,63,0
M3 no lineal y colas pesadas,9,62,MC con rho = 0,0.6,64,0
M3 no lineal y colas pesadas,9,62,MC con rho = 0,0.7,65,0
M3 no lineal y colas pesadas,9,62,MC con rho = 0,0.8,68,0
M3 no lineal y colas pesadas,9,62,MC con rho = 0,0.85,68,0
M3 no lineal y colas pesadas,9,62,MC con rho = 0,0.9,69,0
M3 no lineal y colas pesadas,9,62,MC con rho = 0,0.93,70,0
M3 no lineal y colas pesadas,9,62,MC con rho = 0,0.95,71,0
M3 no lineal y colas pesadas,9,62,MC con rho = 0,0.97,72,0
M3 no lineal y colas pesadas,9,62,MC sin variables (empírico),0.5,63,0
M3 no lineal y colas pesadas,9,62,MC sin variables (empírico),0.6,64,0
M3 no lineal y colas pesadas,9,62,MC sin variables (empírico),0.7,65,0
M3 no lineal y colas pesadas,9,62,MC sin variables (empírico),0.8,66,0
M3 no lineal y colas pesadas,9,62,MC sin variables (empírico),0.85,68,0
M3 no lineal y colas pesadas,9,62,MC sin variables (empírico),0.9,69,0
M3 no lineal y colas pesadas,9,62,MC sin variables (empírico),0.93,70,0
M3 no lineal y colas pesadas,9,62,MC sin variables (empírico),0.95,71,0
M3 no lineal y colas pesadas,9,62,MC sin variables (empírico),0.97,72,0
M3 no lineal y colas pesadas,11,47,A0 criterio del cotizador,0.0,47,0
M3 no lineal y colas pesadas,11,47,B colchón fijo,0.0,42,5
M3 no lineal y colas pesadas,11,47,B colchón fijo,1.0,43,4
M3 no lineal y colas pesadas,11,47,B colchón fijo,2.0,44,3
M3 no lineal y colas pesadas,11,47,B colchón fijo,3.0,46,1
M3 no lineal y colas pesadas,11,47,B colchón fijo,4.0,47,0
M3 no lineal y colas pesadas,11,47,B colchón fijo,6.0,49,0
M3 no lineal y colas pesadas,11,47,B colchón fijo,8.0,51,0
M3 no lineal y colas pesadas,11,47,B colchón fijo,10.0,54,0
M3 no lineal y colas pesadas,11,47,B colchón fijo,12.0,56,0
M3 no lineal y colas pesadas,11,47,B colchón fijo,15.0,60,0
M3 no lineal y colas pesadas,11,47,MC completo,0.5,43,4
M3 no lineal y colas pesadas,11,47,MC completo,0.6,43,4
M3 no lineal y colas pesadas,11,47,MC completo,0.7,44,3
M3 no lineal y colas pesadas,11,47,MC completo,0.8,46,1
M3 no lineal y colas pesadas,11,47,MC completo,0.85,47,0
M3 no lineal y colas pesadas,11,47,MC completo,0.9,48,0
M3 no lineal y colas pesadas,11,47,MC completo,0.93,48,0
M3 no lineal y colas pesadas,11,47,MC completo,0.95,49,0
M3 no lineal y colas pesadas,11,47,MC completo,0.97,49,0
M3 no lineal y colas pesadas,11,47,MC sin conformal,0.5,42,5
M3 no lineal y colas pesadas,11,47,MC sin conformal,0.6,43,4
M3 no lineal y colas pesadas,11,47,MC sin conformal,0.7,44,3
M3 no lineal y colas pesadas,11,47,MC sin conformal,0.8,46,1
M3 no lineal y colas pesadas,11,47,MC sin conformal,0.85,46,1
M3 no lineal y colas pesadas,11,47,MC sin conformal,0.9,47,0
M3 no lineal y colas pesadas,11,47,MC sin conformal,0.93,48,0
M3 no lineal y colas pesadas,11,47,MC sin conformal,0.95,48,0
M3 no lineal y colas pesadas,11,47,MC sin conformal,0.97,49,0
M3 no lineal y colas pesadas,11,47,MC sin disponibilidad,0.5,42,5
M3 no lineal y colas pesadas,11,47,MC sin disponibilidad,0.6,43,4
M3 no lineal y colas pesadas,11,47,MC sin disponibilidad,0.7,44,3
M3 no lineal y colas pesadas,11,47,MC sin disponibilidad,0.8,46,1
M3 no lineal y colas pesadas,11,47,MC sin disponibilidad,0.85,46,1
M3 no lineal y colas pesadas,11,47,MC sin disponibilidad,0.9,47,0
M3 no lineal y colas pesadas,11,47,MC sin disponibilidad,0.93,47,0
M3 no lineal y colas pesadas,11,47,MC sin disponibilidad,0.95,48,0
M3 no lineal y colas pesadas,11,47,MC sin disponibilidad,0.97,48,0
M3 no lineal y colas pesadas,11,47,MC sin carga del taller,0.5,42,5
M3 no lineal y colas pesadas,11,47,MC sin carga del taller,0.6,42,5
M3 no lineal y colas pesadas,11,47,MC sin carga del taller,0.7,43,4
M3 no lineal y colas pesadas,11,47,MC sin carga del taller,0.8,44,3
M3 no lineal y colas pesadas,11,47,MC sin carga del taller,0.85,46,1
M3 no lineal y colas pesadas,11,47,MC sin carga del taller,0.9,46,1
M3 no lineal y colas pesadas,11,47,MC sin carga del taller,0.93,47,0
M3 no lineal y colas pesadas,11,47,MC sin carga del taller,0.95,47,0
M3 no lineal y colas pesadas,11,47,MC sin carga del taller,0.97,48,0
M3 no lineal y colas pesadas,11,47,MC con rho = 0,0.5,43,4
M3 no lineal y colas pesadas,11,47,MC con rho = 0,0.6,43,4
M3 no lineal y colas pesadas,11,47,MC con rho = 0,0.7,44,3
M3 no lineal y colas pesadas,11,47,MC con rho = 0,0.8,46,1
M3 no lineal y colas pesadas,11,47,MC con rho = 0,0.85,46,1
M3 no lineal y colas pesadas,11,47,MC con rho = 0,0.9,47,0
M3 no lineal y colas pesadas,11,47,MC con rho = 0,0.93,47,0
M3 no lineal y colas pesadas,11,47,MC con rho = 0,0.95,48,0
M3 no lineal y colas pesadas,11,47,MC con rho = 0,0.97,49,0
M3 no lineal y colas pesadas,11,47,MC sin variables (empírico),0.5,44,3
M3 no lineal y colas pesadas,11,47,MC sin variables (empírico),0.6,44,3
M3 no lineal y colas pesadas,11,47,MC sin variables (empírico),0.7,46,1
M3 no lineal y colas pesadas,11,47,MC sin variables (empírico),0.8,47,0
M3 no lineal y colas pesadas,11,47,MC sin variables (empírico),0.85,48,0
M3 no lineal y colas pesadas,11,47,MC sin variables (empírico),0.9,48,0
M3 no lineal y colas pesadas,11,47,MC sin variables (empírico),0.93,49,0
M3 no lineal y colas pesadas,11,47,MC sin variables (empírico),0.95,49,0
M3 no lineal y colas pesadas,11,47,MC sin variables (empírico),0.97,50,0
M3 no lineal y colas pesadas,14,62,A0 criterio del cotizador,0.0,62,0
M3 no lineal y colas pesadas,14,62,B colchón fijo,0.0,68,0
M3 no lineal y colas pesadas,14,62,B colchón fijo,1.0,69,0
M3 no lineal y colas pesadas,14,62,B colchón fijo,2.0,70,0
M3 no lineal y colas pesadas,14,62,B colchón fijo,3.0,71,0
M3 no lineal y colas pesadas,14,62,B colchón fijo,4.0,72,0
M3 no lineal y colas pesadas,14,62,B colchón fijo,6.0,75,0
M3 no lineal y colas pesadas,14,62,B colchón fijo,8.0,77,0
M3 no lineal y colas pesadas,14,62,B colchón fijo,10.0,79,0
M3 no lineal y colas pesadas,14,62,B colchón fijo,12.0,82,0
M3 no lineal y colas pesadas,14,62,B colchón fijo,15.0,85,0
M3 no lineal y colas pesadas,14,62,MC completo,0.5,69,0
M3 no lineal y colas pesadas,14,62,MC completo,0.6,71,0
M3 no lineal y colas pesadas,14,62,MC completo,0.7,72,0
M3 no lineal y colas pesadas,14,62,MC completo,0.8,74,0
M3 no lineal y colas pesadas,14,62,MC completo,0.85,75,0
M3 no lineal y colas pesadas,14,62,MC completo,0.9,76,0
M3 no lineal y colas pesadas,14,62,MC completo,0.93,77,0
M3 no lineal y colas pesadas,14,62,MC completo,0.95,78,0
M3 no lineal y colas pesadas,14,62,MC completo,0.97,79,0
M3 no lineal y colas pesadas,14,62,MC sin conformal,0.5,69,0
M3 no lineal y colas pesadas,14,62,MC sin conformal,0.6,70,0
M3 no lineal y colas pesadas,14,62,MC sin conformal,0.7,72,0
M3 no lineal y colas pesadas,14,62,MC sin conformal,0.8,74,0
M3 no lineal y colas pesadas,14,62,MC sin conformal,0.85,75,0
M3 no lineal y colas pesadas,14,62,MC sin conformal,0.9,76,0
M3 no lineal y colas pesadas,14,62,MC sin conformal,0.93,76,0
M3 no lineal y colas pesadas,14,62,MC sin conformal,0.95,77,0
M3 no lineal y colas pesadas,14,62,MC sin conformal,0.97,78,0
M3 no lineal y colas pesadas,14,62,MC sin disponibilidad,0.5,69,0
M3 no lineal y colas pesadas,14,62,MC sin disponibilidad,0.6,70,0
M3 no lineal y colas pesadas,14,62,MC sin disponibilidad,0.7,71,0
M3 no lineal y colas pesadas,14,62,MC sin disponibilidad,0.8,74,0
M3 no lineal y colas pesadas,14,62,MC sin disponibilidad,0.85,75,0
M3 no lineal y colas pesadas,14,62,MC sin disponibilidad,0.9,76,0
M3 no lineal y colas pesadas,14,62,MC sin disponibilidad,0.93,76,0
M3 no lineal y colas pesadas,14,62,MC sin disponibilidad,0.95,77,0
M3 no lineal y colas pesadas,14,62,MC sin disponibilidad,0.97,78,0
M3 no lineal y colas pesadas,14,62,MC sin carga del taller,0.5,69,0
M3 no lineal y colas pesadas,14,62,MC sin carga del taller,0.6,71,0
M3 no lineal y colas pesadas,14,62,MC sin carga del taller,0.7,72,0
M3 no lineal y colas pesadas,14,62,MC sin carga del taller,0.8,74,0
M3 no lineal y colas pesadas,14,62,MC sin carga del taller,0.85,75,0
M3 no lineal y colas pesadas,14,62,MC sin carga del taller,0.9,76,0
M3 no lineal y colas pesadas,14,62,MC sin carga del taller,0.93,77,0
M3 no lineal y colas pesadas,14,62,MC sin carga del taller,0.95,78,0
M3 no lineal y colas pesadas,14,62,MC sin carga del taller,0.97,79,0
M3 no lineal y colas pesadas,14,62,MC con rho = 0,0.5,69,0
M3 no lineal y colas pesadas,14,62,MC con rho = 0,0.6,70,0
M3 no lineal y colas pesadas,14,62,MC con rho = 0,0.7,71,0
M3 no lineal y colas pesadas,14,62,MC con rho = 0,0.8,72,0
M3 no lineal y colas pesadas,14,62,MC con rho = 0,0.85,74,0
M3 no lineal y colas pesadas,14,62,MC con rho = 0,0.9,75,0
M3 no lineal y colas pesadas,14,62,MC con rho = 0,0.93,75,0
M3 no lineal y colas pesadas,14,62,MC con rho = 0,0.95,76,0
M3 no lineal y colas pesadas,14,62,MC con rho = 0,0.97,77,0
M3 no lineal y colas pesadas,14,62,MC sin variables (empírico),0.5,64,0
M3 no lineal y colas pesadas,14,62,MC sin variables (empírico),0.6,65,0
M3 no lineal y colas pesadas,14,62,MC sin variables (empírico),0.7,68,0
M3 no lineal y colas pesadas,14,62,MC sin variables (empírico),0.8,69,0
M3 no lineal y colas pesadas,14,62,MC sin variables (empírico),0.85,70,0
M3 no lineal y colas pesadas,14,62,MC sin variables (empírico),0.9,71,0
M3 no lineal y colas pesadas,14,62,MC sin variables (empírico),0.93,72,0
M3 no lineal y colas pesadas,14,62,MC sin variables (empírico),0.95,74,0
M3 no lineal y colas pesadas,14,62,MC sin variables (empírico),0.97,75,0
M3 no lineal y colas pesadas,10,52,A0 criterio del cotizador,0.0,52,0
M3 no lineal y colas pesadas,10,52,B colchón fijo,0.0,47,5
M3 no lineal y colas pesadas,10,52,B colchón fijo,1.0,48,4
M3 no lineal y colas pesadas,10,52,B colchón fijo,2.0,49,3
M3 no lineal y colas pesadas,10,52,B colchón fijo,3.0,50,2
M3 no lineal y colas pesadas,10,52,B colchón fijo,4.0,51,1
M3 no lineal y colas pesadas,10,52,B colchón fijo,6.0,54,0
M3 no lineal y colas pesadas,10,52,B colchón fijo,8.0,56,0
M3 no lineal y colas pesadas,10,52,B colchón fijo,10.0,58,0
M3 no lineal y colas pesadas,10,52,B colchón fijo,12.0,61,0
M3 no lineal y colas pesadas,10,52,B colchón fijo,15.0,64,0
M3 no lineal y colas pesadas,10,52,MC completo,0.5,48,4
M3 no lineal y colas pesadas,10,52,MC completo,0.6,49,3
M3 no lineal y colas pesadas,10,52,MC completo,0.7,50,2
M3 no lineal y colas pesadas,10,52,MC completo,0.8,51,1
M3 no lineal y colas pesadas,10,52,MC completo,0.85,53,0
M3 no lineal y colas pesadas,10,52,MC completo,0.9,54,0
M3 no lineal y colas pesadas,10,52,MC completo,0.93,54,0
M3 no lineal y colas pesadas,10,52,MC completo,0.95,55,0
M3 no lineal y colas pesadas,10,52,MC completo,0.97,56,0
M3 no lineal y colas pesadas,10,52,MC sin conformal,0.5,48,4
M3 no lineal y colas pesadas,10,52,MC sin conformal,0.6,49,3
M3 no lineal y colas pesadas,10,52,MC sin conformal,0.7,50,2
M3 no lineal y colas pesadas,10,52,MC sin conformal,0.8,50,2
M3 no lineal y colas pesadas,10,52,MC sin conformal,0.85,51,1
M3 no lineal y colas pesadas,10,52,MC sin conformal,0.9,53,0
M3 no lineal y colas pesadas,10,52,MC sin conformal,0.93,53,0
M3 no lineal y colas pesadas,10,52,MC sin conformal,0.95,54,0
M3 no lineal y colas pesadas,10,52,MC sin conformal,0.97,55,0
M3 no lineal y colas pesadas,10,52,MC sin disponibilidad,0.5,48,4
M3 no lineal y colas pesadas,10,52,MC sin disponibilidad,0.6,48,4
M3 no lineal y colas pesadas,10,52,MC sin disponibilidad,0.7,49,3
M3 no lineal y colas pesadas,10,52,MC sin disponibilidad,0.8,50,2
M3 no lineal y colas pesadas,10,52,MC sin disponibilidad,0.85,51,1
M3 no lineal y colas pesadas,10,52,MC sin disponibilidad,0.9,53,0
M3 no lineal y colas pesadas,10,52,MC sin disponibilidad,0.93,53,0
M3 no lineal y colas pesadas,10,52,MC sin disponibilidad,0.95,54,0
M3 no lineal y colas pesadas,10,52,MC sin disponibilidad,0.97,55,0
M3 no lineal y colas pesadas,10,52,MC sin carga del taller,0.5,47,5
M3 no lineal y colas pesadas,10,52,MC sin carga del taller,0.6,48,4
M3 no lineal y colas pesadas,10,52,MC sin carga del taller,0.7,49,3
M3 no lineal y colas pesadas,10,52,MC sin carga del taller,0.8,50,2
M3 no lineal y colas pesadas,10,52,MC sin carga del taller,0.85,51,1
M3 no lineal y colas pesadas,10,52,MC sin carga del taller,0.9,53,0
M3 no lineal y colas pesadas,10,52,MC sin carga del taller,0.93,53,0
M3 no lineal y colas pesadas,10,52,MC sin carga del taller,0.95,54,0
M3 no lineal y colas pesadas,10,52,MC sin carga del taller,0.97,55,0
M3 no lineal y colas pesadas,10,52,MC con rho = 0,0.5,48,4
M3 no lineal y colas pesadas,10,52,MC con rho = 0,0.6,49,3
M3 no lineal y colas pesadas,10,52,MC con rho = 0,0.7,49,3
M3 no lineal y colas pesadas,10,52,MC con rho = 0,0.8,50,2
M3 no lineal y colas pesadas,10,52,MC con rho = 0,0.85,51,1
M3 no lineal y colas pesadas,10,52,MC con rho = 0,0.9,53,0
M3 no lineal y colas pesadas,10,52,MC con rho = 0,0.93,53,0
M3 no lineal y colas pesadas,10,52,MC con rho = 0,0.95,54,0
M3 no lineal y colas pesadas,10,52,MC con rho = 0,0.97,54,0
M3 no lineal y colas pesadas,10,52,MC sin variables (empírico),0.5,48,4
M3 no lineal y colas pesadas,10,52,MC sin variables (empírico),0.6,49,3
M3 no lineal y colas pesadas,10,52,MC sin variables (empírico),0.7,50,2
M3 no lineal y colas pesadas,10,52,MC sin variables (empírico),0.8,51,1
M3 no lineal y colas pesadas,10,52,MC sin variables (empírico),0.85,53,0
M3 no lineal y colas pesadas,10,52,MC sin variables (empírico),0.9,54,0
M3 no lineal y colas pesadas,10,52,MC sin variables (empírico),0.93,54,0
M3 no lineal y colas pesadas,10,52,MC sin variables (empírico),0.95,55,0
M3 no lineal y colas pesadas,10,52,MC sin variables (empírico),0.97,56,0
M3 no lineal y colas pesadas,12,66,A0 criterio del cotizador,0.0,66,4
M3 no lineal y colas pesadas,12,66,B colchón fijo,0.0,65,5
M3 no lineal y colas pesadas,12,66,B colchón fijo,1.0,66,4
M3 no lineal y colas pesadas,12,66,B colchón fijo,2.0,67,3
M3 no lineal y colas pesadas,12,66,B colchón fijo,3.0,68,2
M3 no lineal y colas pesadas,12,66,B colchón fijo,4.0,69,1
M3 no lineal y colas pesadas,12,66,B colchón fijo,6.0,72,0
M3 no lineal y colas pesadas,12,66,B colchón fijo,8.0,74,0
M3 no lineal y colas pesadas,12,66,B colchón fijo,10.0,76,0
M3 no lineal y colas pesadas,12,66,B colchón fijo,12.0,79,0
M3 no lineal y colas pesadas,12,66,B colchón fijo,15.0,82,0
M3 no lineal y colas pesadas,12,66,MC completo,0.5,68,2
M3 no lineal y colas pesadas,12,66,MC completo,0.6,69,1
M3 no lineal y colas pesadas,12,66,MC completo,0.7,70,0
M3 no lineal y colas pesadas,12,66,MC completo,0.8,73,0
M3 no lineal y colas pesadas,12,66,MC completo,0.85,74,0
M3 no lineal y colas pesadas,12,66,MC completo,0.9,75,0
M3 no lineal y colas pesadas,12,66,MC completo,0.93,76,0
M3 no lineal y colas pesadas,12,66,MC completo,0.95,77,0
M3 no lineal y colas pesadas,12,66,MC completo,0.97,79,0
M3 no lineal y colas pesadas,12,66,MC sin conformal,0.5,68,2
M3 no lineal y colas pesadas,12,66,MC sin conformal,0.6,69,1
M3 no lineal y colas pesadas,12,66,MC sin conformal,0.7,70,0
M3 no lineal y colas pesadas,12,66,MC sin conformal,0.8,72,0
M3 no lineal y colas pesadas,12,66,MC sin conformal,0.85,73,0
M3 no lineal y colas pesadas,12,66,MC sin conformal,0.9,74,0
M3 no lineal y colas pesadas,12,66,MC sin conformal,0.93,75,0
M3 no lineal y colas pesadas,12,66,MC sin conformal,0.95,76,0
M3 no lineal y colas pesadas,12,66,MC sin conformal,0.97,77,0
M3 no lineal y colas pesadas,12,66,MC sin disponibilidad,0.5,67,3
M3 no lineal y colas pesadas,12,66,MC sin disponibilidad,0.6,68,2
M3 no lineal y colas pesadas,12,66,MC sin disponibilidad,0.7,69,1
M3 no lineal y colas pesadas,12,66,MC sin disponibilidad,0.8,72,0
M3 no lineal y colas pesadas,12,66,MC sin disponibilidad,0.85,73,0
M3 no lineal y colas pesadas,12,66,MC sin disponibilidad,0.9,74,0
M3 no lineal y colas pesadas,12,66,MC sin disponibilidad,0.93,74,0
M3 no lineal y colas pesadas,12,66,MC sin disponibilidad,0.95,75,0
M3 no lineal y colas pesadas,12,66,MC sin disponibilidad,0.97,77,0
M3 no lineal y colas pesadas,12,66,MC sin carga del taller,0.5,63,7
M3 no lineal y colas pesadas,12,66,MC sin carga del taller,0.6,66,4
M3 no lineal y colas pesadas,12,66,MC sin carga del taller,0.7,67,3
M3 no lineal y colas pesadas,12,66,MC sin carga del taller,0.8,69,1
M3 no lineal y colas pesadas,12,66,MC sin carga del taller,0.85,69,1
M3 no lineal y colas pesadas,12,66,MC sin carga del taller,0.9,70,0
M3 no lineal y colas pesadas,12,66,MC sin carga del taller,0.93,72,0
M3 no lineal y colas pesadas,12,66,MC sin carga del taller,0.95,73,0
M3 no lineal y colas pesadas,12,66,MC sin carga del taller,0.97,74,0
M3 no lineal y colas pesadas,12,66,MC con rho = 0,0.5,68,2
M3 no lineal y colas pesadas,12,66,MC con rho = 0,0.6,69,1
M3 no lineal y colas pesadas,12,66,MC con rho = 0,0.7,70,0
M3 no lineal y colas pesadas,12,66,MC con rho = 0,0.8,72,0
M3 no lineal y colas pesadas,12,66,MC con rho = 0,0.85,73,0
M3 no lineal y colas pesadas,12,66,MC con rho = 0,0.9,74,0
M3 no lineal y colas pesadas,12,66,MC con rho = 0,0.93,74,0
M3 no lineal y colas pesadas,12,66,MC con rho = 0,0.95,75,0
M3 no lineal y colas pesadas,12,66,MC con rho = 0,0.97,76,0
M3 no lineal y colas pesadas,12,66,MC sin variables (empírico),0.5,68,2
M3 no lineal y colas pesadas,12,66,MC sin variables (empírico),0.6,70,0
M3 no lineal y colas pesadas,12,66,MC sin variables (empírico),0.7,72,0
M3 no lineal y colas pesadas,12,66,MC sin variables (empírico),0.8,74,0
M3 no lineal y colas pesadas,12,66,MC sin variables (empírico),0.85,75,0
M3 no lineal y colas pesadas,12,66,MC sin variables (empírico),0.9,76,0
M3 no lineal y colas pesadas,12,66,MC sin variables (empírico),0.93,77,0
M3 no lineal y colas pesadas,12,66,MC sin variables (empírico),0.95,79,0
M3 no lineal y colas pesadas,12,66,MC sin variables (empírico),0.97,80,0
M3 no lineal y colas pesadas,15,76,A0 criterio del cotizador,0.0,76,0
M3 no lineal y colas pesadas,15,76,B colchón fijo,0.0,69,5
M3 no lineal y colas pesadas,15,76,B colchón fijo,1.0,70,4
M3 no lineal y colas pesadas,15,76,B colchón fijo,2.0,71,3
M3 no lineal y colas pesadas,15,76,B colchón fijo,3.0,73,1
M3 no lineal y colas pesadas,15,76,B colchón fijo,4.0,74,0
M3 no lineal y colas pesadas,15,76,B colchón fijo,6.0,76,0
M3 no lineal y colas pesadas,15,76,B colchón fijo,8.0,78,0
M3 no lineal y colas pesadas,15,76,B colchón fijo,10.0,81,0
M3 no lineal y colas pesadas,15,76,B colchón fijo,12.0,83,0
M3 no lineal y colas pesadas,15,76,B colchón fijo,15.0,87,0
M3 no lineal y colas pesadas,15,76,MC completo,0.5,73,1
M3 no lineal y colas pesadas,15,76,MC completo,0.6,74,0
M3 no lineal y colas pesadas,15,76,MC completo,0.7,75,0
M3 no lineal y colas pesadas,15,76,MC completo,0.8,77,0
M3 no lineal y colas pesadas,15,76,MC completo,0.85,78,0
M3 no lineal y colas pesadas,15,76,MC completo,0.9,80,0
M3 no lineal y colas pesadas,15,76,MC completo,0.93,81,0
M3 no lineal y colas pesadas,15,76,MC completo,0.95,82,0
M3 no lineal y colas pesadas,15,76,MC completo,0.97,83,0
M3 no lineal y colas pesadas,15,76,MC sin conformal,0.5,71,3
M3 no lineal y colas pesadas,15,76,MC sin conformal,0.6,73,1
M3 no lineal y colas pesadas,15,76,MC sin conformal,0.7,75,0
M3 no lineal y colas pesadas,15,76,MC sin conformal,0.8,76,0
M3 no lineal y colas pesadas,15,76,MC sin conformal,0.85,77,0
M3 no lineal y colas pesadas,15,76,MC sin conformal,0.9,80,0
M3 no lineal y colas pesadas,15,76,MC sin conformal,0.93,80,0
M3 no lineal y colas pesadas,15,76,MC sin conformal,0.95,81,0
M3 no lineal y colas pesadas,15,76,MC sin conformal,0.97,82,0
M3 no lineal y colas pesadas,15,76,MC sin disponibilidad,0.5,71,3
M3 no lineal y colas pesadas,15,76,MC sin disponibilidad,0.6,73,1
M3 no lineal y colas pesadas,15,76,MC sin disponibilidad,0.7,74,0
M3 no lineal y colas pesadas,15,76,MC sin disponibilidad,0.8,76,0
M3 no lineal y colas pesadas,15,76,MC sin disponibilidad,0.85,77,0
M3 no lineal y colas pesadas,15,76,MC sin disponibilidad,0.9,78,0
M3 no lineal y colas pesadas,15,76,MC sin disponibilidad,0.93,80,0
M3 no lineal y colas pesadas,15,76,MC sin disponibilidad,0.95,81,0
M3 no lineal y colas pesadas,15,76,MC sin disponibilidad,0.97,82,0
M3 no lineal y colas pesadas,15,76,MC sin carga del taller,0.5,73,1
M3 no lineal y colas pesadas,15,76,MC sin carga del taller,0.6,74,0
M3 no lineal y colas pesadas,15,76,MC sin carga del taller,0.7,75,0
M3 no lineal y colas pesadas,15,76,MC sin carga del taller,0.8,77,0
M3 no lineal y colas pesadas,15,76,MC sin carga del taller,0.85,78,0
M3 no lineal y colas pesadas,15,76,MC sin carga del taller,0.9,80,0
M3 no lineal y colas pesadas,15,76,MC sin carga del taller,0.93,81,0
M3 no lineal y colas pesadas,15,76,MC sin carga del taller,0.95,82,0
M3 no lineal y colas pesadas,15,76,MC sin carga del taller,0.97,83,0
M3 no lineal y colas pesadas,15,76,MC con rho = 0,0.5,73,1
M3 no lineal y colas pesadas,15,76,MC con rho = 0,0.6,73,1
M3 no lineal y colas pesadas,15,76,MC con rho = 0,0.7,75,0
M3 no lineal y colas pesadas,15,76,MC con rho = 0,0.8,76,0
M3 no lineal y colas pesadas,15,76,MC con rho = 0,0.85,76,0
M3 no lineal y colas pesadas,15,76,MC con rho = 0,0.9,77,0
M3 no lineal y colas pesadas,15,76,MC con rho = 0,0.93,78,0
M3 no lineal y colas pesadas,15,76,MC con rho = 0,0.95,80,0
M3 no lineal y colas pesadas,15,76,MC con rho = 0,0.97,81,0
M3 no lineal y colas pesadas,15,76,MC sin variables (empírico),0.5,73,1
M3 no lineal y colas pesadas,15,76,MC sin variables (empírico),0.6,74,0
M3 no lineal y colas pesadas,15,76,MC sin variables (empírico),0.7,75,0
M3 no lineal y colas pesadas,15,76,MC sin variables (empírico),0.8,77,0
M3 no lineal y colas pesadas,15,76,MC sin variables (empírico),0.85,80,0
M3 no lineal y colas pesadas,15,76,MC sin variables (empírico),0.9,81,0
M3 no lineal y colas pesadas,15,76,MC sin variables (empírico),0.93,82,0
M3 no lineal y colas pesadas,15,76,MC sin variables (empírico),0.95,83,0
M3 no lineal y colas pesadas,15,76,MC sin variables (empírico),0.97,84,0
M3 no lineal y colas pesadas,19,57,A0 criterio del cotizador,0.0,57,8
M3 no lineal y colas pesadas,19,57,B colchón fijo,0.0,57,8
M3 no lineal y colas pesadas,19,57,B colchón fijo,1.0,58,7
M3 no lineal y colas pesadas,19,57,B colchón fijo,2.0,59,6
M3 no lineal y colas pesadas,19,57,B colchón fijo,3.0,61,4
M3 no lineal y colas pesadas,19,57,B colchón fijo,4.0,62,3
M3 no lineal y colas pesadas,19,57,B colchón fijo,6.0,64,1
M3 no lineal y colas pesadas,19,57,B colchón fijo,8.0,66,0
M3 no lineal y colas pesadas,19,57,B colchón fijo,10.0,69,0
M3 no lineal y colas pesadas,19,57,B colchón fijo,12.0,71,0
M3 no lineal y colas pesadas,19,57,B colchón fijo,15.0,75,0
M3 no lineal y colas pesadas,19,57,MC completo,0.5,57,8
M3 no lineal y colas pesadas,19,57,MC completo,0.6,58,7
M3 no lineal y colas pesadas,19,57,MC completo,0.7,61,4
M3 no lineal y colas pesadas,19,57,MC completo,0.8,62,3
M3 no lineal y colas pesadas,19,57,MC completo,0.85,63,2
M3 no lineal y colas pesadas,19,57,MC completo,0.9,64,1
M3 no lineal y colas pesadas,19,57,MC completo,0.93,64,1
M3 no lineal y colas pesadas,19,57,MC completo,0.95,65,0
M3 no lineal y colas pesadas,19,57,MC completo,0.97,66,0
M3 no lineal y colas pesadas,19,57,MC sin conformal,0.5,57,8
M3 no lineal y colas pesadas,19,57,MC sin conformal,0.6,58,7
M3 no lineal y colas pesadas,19,57,MC sin conformal,0.7,59,6
M3 no lineal y colas pesadas,19,57,MC sin conformal,0.8,62,3
M3 no lineal y colas pesadas,19,57,MC sin conformal,0.85,62,3
M3 no lineal y colas pesadas,19,57,MC sin conformal,0.9,63,2
M3 no lineal y colas pesadas,19,57,MC sin conformal,0.93,64,1
M3 no lineal y colas pesadas,19,57,MC sin conformal,0.95,64,1
M3 no lineal y colas pesadas,19,57,MC sin conformal,0.97,65,0
M3 no lineal y colas pesadas,19,57,MC sin disponibilidad,0.5,57,8
M3 no lineal y colas pesadas,19,57,MC sin disponibilidad,0.6,58,7
M3 no lineal y colas pesadas,19,57,MC sin disponibilidad,0.7,59,6
M3 no lineal y colas pesadas,19,57,MC sin disponibilidad,0.8,61,4
M3 no lineal y colas pesadas,19,57,MC sin disponibilidad,0.85,62,3
M3 no lineal y colas pesadas,19,57,MC sin disponibilidad,0.9,63,2
M3 no lineal y colas pesadas,19,57,MC sin disponibilidad,0.93,64,1
M3 no lineal y colas pesadas,19,57,MC sin disponibilidad,0.95,65,0
M3 no lineal y colas pesadas,19,57,MC sin disponibilidad,0.97,65,0
M3 no lineal y colas pesadas,19,57,MC sin carga del taller,0.5,57,8
M3 no lineal y colas pesadas,19,57,MC sin carga del taller,0.6,58,7
M3 no lineal y colas pesadas,19,57,MC sin carga del taller,0.7,61,4
M3 no lineal y colas pesadas,19,57,MC sin carga del taller,0.8,62,3
M3 no lineal y colas pesadas,19,57,MC sin carga del taller,0.85,63,2
M3 no lineal y colas pesadas,19,57,MC sin carga del taller,0.9,64,1
M3 no lineal y colas pesadas,19,57,MC sin carga del taller,0.93,64,1
M3 no lineal y colas pesadas,19,57,MC sin carga del taller,0.95,65,0
M3 no lineal y colas pesadas,19,57,MC sin carga del taller,0.97,66,0
M3 no lineal y colas pesadas,19,57,MC con rho = 0,0.5,57,8
M3 no lineal y colas pesadas,19,57,MC con rho = 0,0.6,58,7
M3 no lineal y colas pesadas,19,57,MC con rho = 0,0.7,59,6
M3 no lineal y colas pesadas,19,57,MC con rho = 0,0.8,61,4
M3 no lineal y colas pesadas,19,57,MC con rho = 0,0.85,61,4
M3 no lineal y colas pesadas,19,57,MC con rho = 0,0.9,62,3
M3 no lineal y colas pesadas,19,57,MC con rho = 0,0.93,63,2
M3 no lineal y colas pesadas,19,57,MC con rho = 0,0.95,63,2
M3 no lineal y colas pesadas,19,57,MC con rho = 0,0.97,64,1
M3 no lineal y colas pesadas,19,57,MC sin variables (empírico),0.5,57,8
M3 no lineal y colas pesadas,19,57,MC sin variables (empírico),0.6,58,7
M3 no lineal y colas pesadas,19,57,MC sin variables (empírico),0.7,59,6
M3 no lineal y colas pesadas,19,57,MC sin variables (empírico),0.8,61,4
M3 no lineal y colas pesadas,19,57,MC sin variables (empírico),0.85,62,3
M3 no lineal y colas pesadas,19,57,MC sin variables (empírico),0.9,63,2
M3 no lineal y colas pesadas,19,57,MC sin variables (empírico),0.93,63,2
M3 no lineal y colas pesadas,19,57,MC sin variables (empírico),0.95,64,1
M3 no lineal y colas pesadas,19,57,MC sin variables (empírico),0.97,65,0
M3 no lineal y colas pesadas,17,58,A0 criterio del cotizador,0.0,58,0
M3 no lineal y colas pesadas,17,58,B colchón fijo,0.0,50,8
M3 no lineal y colas pesadas,17,58,B colchón fijo,1.0,51,7
M3 no lineal y colas pesadas,17,58,B colchón fijo,2.0,52,6
M3 no lineal y colas pesadas,17,58,B colchón fijo,3.0,53,5
M3 no lineal y colas pesadas,17,58,B colchón fijo,4.0,55,3
M3 no lineal y colas pesadas,17,58,B colchón fijo,6.0,57,1
M3 no lineal y colas pesadas,17,58,B colchón fijo,8.0,59,0
M3 no lineal y colas pesadas,17,58,B colchón fijo,10.0,62,0
M3 no lineal y colas pesadas,17,58,B colchón fijo,12.0,64,0
M3 no lineal y colas pesadas,17,58,B colchón fijo,15.0,67,0
M3 no lineal y colas pesadas,17,58,MC completo,0.5,51,7
M3 no lineal y colas pesadas,17,58,MC completo,0.6,52,6
M3 no lineal y colas pesadas,17,58,MC completo,0.7,52,6
M3 no lineal y colas pesadas,17,58,MC completo,0.8,55,3
M3 no lineal y colas pesadas,17,58,MC completo,0.85,55,3
M3 no lineal y colas pesadas,17,58,MC completo,0.9,56,2
M3 no lineal y colas pesadas,17,58,MC completo,0.93,57,1
M3 no lineal y colas pesadas,17,58,MC completo,0.95,58,0
M3 no lineal y colas pesadas,17,58,MC completo,0.97,59,0
M3 no lineal y colas pesadas,17,58,MC sin conformal,0.5,51,7
M3 no lineal y colas pesadas,17,58,MC sin conformal,0.6,52,6
M3 no lineal y colas pesadas,17,58,MC sin conformal,0.7,52,6
M3 no lineal y colas pesadas,17,58,MC sin conformal,0.8,53,5
M3 no lineal y colas pesadas,17,58,MC sin conformal,0.85,55,3
M3 no lineal y colas pesadas,17,58,MC sin conformal,0.9,56,2
M3 no lineal y colas pesadas,17,58,MC sin conformal,0.93,56,2
M3 no lineal y colas pesadas,17,58,MC sin conformal,0.95,57,1
M3 no lineal y colas pesadas,17,58,MC sin conformal,0.97,58,0
M3 no lineal y colas pesadas,17,58,MC sin disponibilidad,0.5,50,8
M3 no lineal y colas pesadas,17,58,MC sin disponibilidad,0.6,51,7
M3 no lineal y colas pesadas,17,58,MC sin disponibilidad,0.7,52,6
M3 no lineal y colas pesadas,17,58,MC sin disponibilidad,0.8,53,5
M3 no lineal y colas pesadas,17,58,MC sin disponibilidad,0.85,55,3
M3 no lineal y colas pesadas,17,58,MC sin disponibilidad,0.9,56,2
M3 no lineal y colas pesadas,17,58,MC sin disponibilidad,0.93,56,2
M3 no lineal y colas pesadas,17,58,MC sin disponibilidad,0.95,57,1
M3 no lineal y colas pesadas,17,58,MC sin disponibilidad,0.97,58,0
M3 no lineal y colas pesadas,17,58,MC sin carga del taller,0.5,51,7
M3 no lineal y colas pesadas,17,58,MC sin carga del taller,0.6,52,6
M3 no lineal y colas pesadas,17,58,MC sin carga del taller,0.7,52,6
M3 no lineal y colas pesadas,17,58,MC sin carga del taller,0.8,55,3
M3 no lineal y colas pesadas,17,58,MC sin carga del taller,0.85,55,3
M3 no lineal y colas pesadas,17,58,MC sin carga del taller,0.9,56,2
M3 no lineal y colas pesadas,17,58,MC sin carga del taller,0.93,57,1
M3 no lineal y colas pesadas,17,58,MC sin carga del taller,0.95,58,0
M3 no lineal y colas pesadas,17,58,MC sin carga del taller,0.97,59,0
M3 no lineal y colas pesadas,17,58,MC con rho = 0,0.5,51,7
M3 no lineal y colas pesadas,17,58,MC con rho = 0,0.6,52,6
M3 no lineal y colas pesadas,17,58,MC con rho = 0,0.7,52,6
M3 no lineal y colas pesadas,17,58,MC con rho = 0,0.8,53,5
M3 no lineal y colas pesadas,17,58,MC con rho = 0,0.85,55,3
M3 no lineal y colas pesadas,17,58,MC con rho = 0,0.9,55,3
M3 no lineal y colas pesadas,17,58,MC con rho = 0,0.93,56,2
M3 no lineal y colas pesadas,17,58,MC con rho = 0,0.95,56,2
M3 no lineal y colas pesadas,17,58,MC con rho = 0,0.97,57,1
M3 no lineal y colas pesadas,17,58,MC sin variables (empírico),0.5,50,8
M3 no lineal y colas pesadas,17,58,MC sin variables (empírico),0.6,51,7
M3 no lineal y colas pesadas,17,58,MC sin variables (empírico),0.7,52,6
M3 no lineal y colas pesadas,17,58,MC sin variables (empírico),0.8,53,5
M3 no lineal y colas pesadas,17,58,MC sin variables (empírico),0.85,55,3
M3 no lineal y colas pesadas,17,58,MC sin variables (empírico),0.9,56,2
M3 no lineal y colas pesadas,17,58,MC sin variables (empírico),0.93,56,2
M3 no lineal y colas pesadas,17,58,MC sin variables (empírico),0.95,57,1
M3 no lineal y colas pesadas,17,58,MC sin variables (empírico),0.97,58,0
M3 no lineal y colas pesadas,16,57,A0 criterio del cotizador,0.0,57,0
M3 no lineal y colas pesadas,16,57,B colchón fijo,0.0,60,0
M3 no lineal y colas pesadas,16,57,B colchón fijo,1.0,61,0
M3 no lineal y colas pesadas,16,57,B colchón fijo,2.0,62,0
M3 no lineal y colas pesadas,16,57,B colchón fijo,3.0,63,0
M3 no lineal y colas pesadas,16,57,B colchón fijo,4.0,65,0
M3 no lineal y colas pesadas,16,57,B colchón fijo,6.0,67,0
M3 no lineal y colas pesadas,16,57,B colchón fijo,8.0,69,0
M3 no lineal y colas pesadas,16,57,B colchón fijo,10.0,72,0
M3 no lineal y colas pesadas,16,57,B colchón fijo,12.0,74,0
M3 no lineal y colas pesadas,16,57,B colchón fijo,15.0,77,0
M3 no lineal y colas pesadas,16,57,MC completo,0.5,62,0
M3 no lineal y colas pesadas,16,57,MC completo,0.6,63,0
M3 no lineal y colas pesadas,16,57,MC completo,0.7,66,0
M3 no lineal y colas pesadas,16,57,MC completo,0.8,68,0
M3 no lineal y colas pesadas,16,57,MC completo,0.85,69,0
M3 no lineal y colas pesadas,16,57,MC completo,0.9,72,0
M3 no lineal y colas pesadas,16,57,MC completo,0.93,73,0
M3 no lineal y colas pesadas,16,57,MC completo,0.95,74,0
M3 no lineal y colas pesadas,16,57,MC completo,0.97,75,0
M3 no lineal y colas pesadas,16,57,MC sin conformal,0.5,61,0
M3 no lineal y colas pesadas,16,57,MC sin conformal,0.6,63,0
M3 no lineal y colas pesadas,16,57,MC sin conformal,0.7,65,0
M3 no lineal y colas pesadas,16,57,MC sin conformal,0.8,67,0
M3 no lineal y colas pesadas,16,57,MC sin conformal,0.85,68,0
M3 no lineal y colas pesadas,16,57,MC sin conformal,0.9,69,0
M3 no lineal y colas pesadas,16,57,MC sin conformal,0.93,70,0
M3 no lineal y colas pesadas,16,57,MC sin conformal,0.95,72,0
M3 no lineal y colas pesadas,16,57,MC sin conformal,0.97,73,0
M3 no lineal y colas pesadas,16,57,MC sin disponibilidad,0.5,61,0
M3 no lineal y colas pesadas,16,57,MC sin disponibilidad,0.6,62,0
M3 no lineal y colas pesadas,16,57,MC sin disponibilidad,0.7,65,0
M3 no lineal y colas pesadas,16,57,MC sin disponibilidad,0.8,67,0
M3 no lineal y colas pesadas,16,57,MC sin disponibilidad,0.85,68,0
M3 no lineal y colas pesadas,16,57,MC sin disponibilidad,0.9,69,0
M3 no lineal y colas pesadas,16,57,MC sin disponibilidad,0.93,70,0
M3 no lineal y colas pesadas,16,57,MC sin disponibilidad,0.95,72,0
M3 no lineal y colas pesadas,16,57,MC sin disponibilidad,0.97,73,0
M3 no lineal y colas pesadas,16,57,MC sin carga del taller,0.5,60,0
M3 no lineal y colas pesadas,16,57,MC sin carga del taller,0.6,61,0
M3 no lineal y colas pesadas,16,57,MC sin carga del taller,0.7,63,0
M3 no lineal y colas pesadas,16,57,MC sin carga del taller,0.8,66,0
M3 no lineal y colas pesadas,16,57,MC sin carga del taller,0.85,67,0
M3 no lineal y colas pesadas,16,57,MC sin carga del taller,0.9,68,0
M3 no lineal y colas pesadas,16,57,MC sin carga del taller,0.93,69,0
M3 no lineal y colas pesadas,16,57,MC sin carga del taller,0.95,70,0
M3 no lineal y colas pesadas,16,57,MC sin carga del taller,0.97,72,0
M3 no lineal y colas pesadas,16,57,MC con rho = 0,0.5,62,0
M3 no lineal y colas pesadas,16,57,MC con rho = 0,0.6,63,0
M3 no lineal y colas pesadas,16,57,MC con rho = 0,0.7,65,0
M3 no lineal y colas pesadas,16,57,MC con rho = 0,0.8,66,0
M3 no lineal y colas pesadas,16,57,MC con rho = 0,0.85,67,0
M3 no lineal y colas pesadas,16,57,MC con rho = 0,0.9,68,0
M3 no lineal y colas pesadas,16,57,MC con rho = 0,0.93,69,0
M3 no lineal y colas pesadas,16,57,MC con rho = 0,0.95,69,0
M3 no lineal y colas pesadas,16,57,MC con rho = 0,0.97,70,0
M3 no lineal y colas pesadas,16,57,MC sin variables (empírico),0.5,59,0
M3 no lineal y colas pesadas,16,57,MC sin variables (empírico),0.6,60,0
M3 no lineal y colas pesadas,16,57,MC sin variables (empírico),0.7,61,0
M3 no lineal y colas pesadas,16,57,MC sin variables (empírico),0.8,63,0
M3 no lineal y colas pesadas,16,57,MC sin variables (empírico),0.85,65,0
M3 no lineal y colas pesadas,16,57,MC sin variables (empírico),0.9,67,0
M3 no lineal y colas pesadas,16,57,MC sin variables (empírico),0.93,68,0
M3 no lineal y colas pesadas,16,57,MC sin variables (empírico),0.95,68,0
M3 no lineal y colas pesadas,16,57,MC sin variables (empírico),0.97,69,0
M3 no lineal y colas pesadas,18,87,A0 criterio del cotizador,0.0,87,0
M3 no lineal y colas pesadas,18,87,B colchón fijo,0.0,84,1
M3 no lineal y colas pesadas,18,87,B colchón fijo,1.0,85,0
M3 no lineal y colas pesadas,18,87,B colchón fijo,2.0,87,0
M3 no lineal y colas pesadas,18,87,B colchón fijo,3.0,88,0
M3 no lineal y colas pesadas,18,87,B colchón fijo,4.0,89,0
M3 no lineal y colas pesadas,18,87,B colchón fijo,6.0,91,0
M3 no lineal y colas pesadas,18,87,B colchón fijo,8.0,94,0
M3 no lineal y colas pesadas,18,87,B colchón fijo,10.0,96,0
M3 no lineal y colas pesadas,18,87,B colchón fijo,12.0,98,0
M3 no lineal y colas pesadas,18,87,B colchón fijo,15.0,102,0
M3 no lineal y colas pesadas,18,87,MC completo,0.5,89,0
M3 no lineal y colas pesadas,18,87,MC completo,0.6,91,0
M3 no lineal y colas pesadas,18,87,MC completo,0.7,94,0
M3 no lineal y colas pesadas,18,87,MC completo,0.8,98,0
M3 no lineal y colas pesadas,18,87,MC completo,0.85,101,0
M3 no lineal y colas pesadas,18,87,MC completo,0.9,103,0
M3 no lineal y colas pesadas,18,87,MC completo,0.93,105,0
M3 no lineal y colas pesadas,18,87,MC completo,0.95,108,0
M3 no lineal y colas pesadas,18,87,MC completo,0.97,111,0
M3 no lineal y colas pesadas,18,87,MC sin conformal,0.5,89,0
M3 no lineal y colas pesadas,18,87,MC sin conformal,0.6,90,0
M3 no lineal y colas pesadas,18,87,MC sin conformal,0.7,94,0
M3 no lineal y colas pesadas,18,87,MC sin conformal,0.8,97,0
M3 no lineal y colas pesadas,18,87,MC sin conformal,0.85,99,0
M3 no lineal y colas pesadas,18,87,MC sin conformal,0.9,101,0
M3 no lineal y colas pesadas,18,87,MC sin conformal,0.93,103,0
M3 no lineal y colas pesadas,18,87,MC sin conformal,0.95,105,0
M3 no lineal y colas pesadas,18,87,MC sin conformal,0.97,109,0
M3 no lineal y colas pesadas,18,87,MC sin disponibilidad,0.5,88,0
M3 no lineal y colas pesadas,18,87,MC sin disponibilidad,0.6,90,0
M3 no lineal y colas pesadas,18,87,MC sin disponibilidad,0.7,92,0
M3 no lineal y colas pesadas,18,87,MC sin disponibilidad,0.8,96,0
M3 no lineal y colas pesadas,18,87,MC sin disponibilidad,0.85,98,0
M3 no lineal y colas pesadas,18,87,MC sin disponibilidad,0.9,102,0
M3 no lineal y colas pesadas,18,87,MC sin disponibilidad,0.93,104,0
M3 no lineal y colas pesadas,18,87,MC sin disponibilidad,0.95,106,0
M3 no lineal y colas pesadas,18,87,MC sin disponibilidad,0.97,109,0
M3 no lineal y colas pesadas,18,87,MC sin carga del taller,0.5,89,0
M3 no lineal y colas pesadas,18,87,MC sin carga del taller,0.6,91,0
M3 no lineal y colas pesadas,18,87,MC sin carga del taller,0.7,94,0
M3 no lineal y colas pesadas,18,87,MC sin carga del taller,0.8,98,0
M3 no lineal y colas pesadas,18,87,MC sin carga del taller,0.85,101,0
M3 no lineal y colas pesadas,18,87,MC sin carga del taller,0.9,103,0
M3 no lineal y colas pesadas,18,87,MC sin carga del taller,0.93,105,0
M3 no lineal y colas pesadas,18,87,MC sin carga del taller,0.95,108,0
M3 no lineal y colas pesadas,18,87,MC sin carga del taller,0.97,111,0
M3 no lineal y colas pesadas,18,87,MC con rho = 0,0.5,89,0
M3 no lineal y colas pesadas,18,87,MC con rho = 0,0.6,91,0
M3 no lineal y colas pesadas,18,87,MC con rho = 0,0.7,92,0
M3 no lineal y colas pesadas,18,87,MC con rho = 0,0.8,95,0
M3 no lineal y colas pesadas,18,87,MC con rho = 0,0.85,96,0
M3 no lineal y colas pesadas,18,87,MC con rho = 0,0.9,98,0
M3 no lineal y colas pesadas,18,87,MC con rho = 0,0.93,99,0
M3 no lineal y colas pesadas,18,87,MC con rho = 0,0.95,101,0
M3 no lineal y colas pesadas,18,87,MC con rho = 0,0.97,103,0
M3 no lineal y colas pesadas,18,87,MC sin variables (empírico),0.5,94,0
M3 no lineal y colas pesadas,18,87,MC sin variables (empírico),0.6,96,0
M3 no lineal y colas pesadas,18,87,MC sin variables (empírico),0.7,98,0
M3 no lineal y colas pesadas,18,87,MC sin variables (empírico),0.8,101,0
M3 no lineal y colas pesadas,18,87,MC sin variables (empírico),0.85,103,0
M3 no lineal y colas pesadas,18,87,MC sin variables (empírico),0.9,104,0
M3 no lineal y colas pesadas,18,87,MC sin variables (empírico),0.93,106,0
M3 no lineal y colas pesadas,18,87,MC sin variables (empírico),0.95,108,0
M3 no lineal y colas pesadas,18,87,MC sin variables (empírico),0.97,110,0
M3 no lineal y colas pesadas,20,67,A0 criterio del cotizador,0.0,67,0
M3 no lineal y colas pesadas,20,67,B colchón fijo,0.0,65,2
M3 no lineal y colas pesadas,20,67,B colchón fijo,1.0,66,1
M3 no lineal y colas pesadas,20,67,B colchón fijo,2.0,68,0
M3 no lineal y colas pesadas,20,67,B colchón fijo,3.0,69,0
M3 no lineal y colas pesadas,20,67,B colchón fijo,4.0,70,0
M3 no lineal y colas pesadas,20,67,B colchón fijo,6.0,72,0
M3 no lineal y colas pesadas,20,67,B colchón fijo,8.0,75,0
M3 no lineal y colas pesadas,20,67,B colchón fijo,10.0,77,0
M3 no lineal y colas pesadas,20,67,B colchón fijo,12.0,79,0
M3 no lineal y colas pesadas,20,67,B colchón fijo,15.0,83,0
M3 no lineal y colas pesadas,20,67,MC completo,0.5,69,0
M3 no lineal y colas pesadas,20,67,MC completo,0.6,70,0
M3 no lineal y colas pesadas,20,67,MC completo,0.7,72,0
M3 no lineal y colas pesadas,20,67,MC completo,0.8,75,0
M3 no lineal y colas pesadas,20,67,MC completo,0.85,76,0
M3 no lineal y colas pesadas,20,67,MC completo,0.9,78,0
M3 no lineal y colas pesadas,20,67,MC completo,0.93,79,0
M3 no lineal y colas pesadas,20,67,MC completo,0.95,80,0
M3 no lineal y colas pesadas,20,67,MC completo,0.97,82,0
M3 no lineal y colas pesadas,20,67,MC sin conformal,0.5,69,0
M3 no lineal y colas pesadas,20,67,MC sin conformal,0.6,70,0
M3 no lineal y colas pesadas,20,67,MC sin conformal,0.7,71,0
M3 no lineal y colas pesadas,20,67,MC sin conformal,0.8,73,0
M3 no lineal y colas pesadas,20,67,MC sin conformal,0.85,75,0
M3 no lineal y colas pesadas,20,67,MC sin conformal,0.9,76,0
M3 no lineal y colas pesadas,20,67,MC sin conformal,0.93,77,0
M3 no lineal y colas pesadas,20,67,MC sin conformal,0.95,79,0
M3 no lineal y colas pesadas,20,67,MC sin conformal,0.97,80,0
M3 no lineal y colas pesadas,20,67,MC sin disponibilidad,0.5,68,0
M3 no lineal y colas pesadas,20,67,MC sin disponibilidad,0.6,69,0
M3 no lineal y colas pesadas,20,67,MC sin disponibilidad,0.7,71,0
M3 no lineal y colas pesadas,20,67,MC sin disponibilidad,0.8,73,0
M3 no lineal y colas pesadas,20,67,MC sin disponibilidad,0.85,75,0
M3 no lineal y colas pesadas,20,67,MC sin disponibilidad,0.9,77,0
M3 no lineal y colas pesadas,20,67,MC sin disponibilidad,0.93,78,0
M3 no lineal y colas pesadas,20,67,MC sin disponibilidad,0.95,79,0
M3 no lineal y colas pesadas,20,67,MC sin disponibilidad,0.97,80,0
M3 no lineal y colas pesadas,20,67,MC sin carga del taller,0.5,69,0
M3 no lineal y colas pesadas,20,67,MC sin carga del taller,0.6,70,0
M3 no lineal y colas pesadas,20,67,MC sin carga del taller,0.7,72,0
M3 no lineal y colas pesadas,20,67,MC sin carga del taller,0.8,75,0
M3 no lineal y colas pesadas,20,67,MC sin carga del taller,0.85,76,0
M3 no lineal y colas pesadas,20,67,MC sin carga del taller,0.9,78,0
M3 no lineal y colas pesadas,20,67,MC sin carga del taller,0.93,79,0
M3 no lineal y colas pesadas,20,67,MC sin carga del taller,0.95,80,0
M3 no lineal y colas pesadas,20,67,MC sin carga del taller,0.97,82,0
M3 no lineal y colas pesadas,20,67,MC con rho = 0,0.5,69,0
M3 no lineal y colas pesadas,20,67,MC con rho = 0,0.6,70,0
M3 no lineal y colas pesadas,20,67,MC con rho = 0,0.7,71,0
M3 no lineal y colas pesadas,20,67,MC con rho = 0,0.8,72,0
M3 no lineal y colas pesadas,20,67,MC con rho = 0,0.85,73,0
M3 no lineal y colas pesadas,20,67,MC con rho = 0,0.9,75,0
M3 no lineal y colas pesadas,20,67,MC con rho = 0,0.93,76,0
M3 no lineal y colas pesadas,20,67,MC con rho = 0,0.95,76,0
M3 no lineal y colas pesadas,20,67,MC con rho = 0,0.97,78,0
M3 no lineal y colas pesadas,20,67,MC sin variables (empírico),0.5,66,1
M3 no lineal y colas pesadas,20,67,MC sin variables (empírico),0.6,68,0
M3 no lineal y colas pesadas,20,67,MC sin variables (empírico),0.7,69,0
M3 no lineal y colas pesadas,20,67,MC sin variables (empírico),0.8,71,0
M3 no lineal y colas pesadas,20,67,MC sin variables (empírico),0.85,72,0
M3 no lineal y colas pesadas,20,67,MC sin variables (empírico),0.9,73,0
M3 no lineal y colas pesadas,20,67,MC sin variables (empírico),0.93,75,0
M3 no lineal y colas pesadas,20,67,MC sin variables (empírico),0.95,76,0
M3 no lineal y colas pesadas,20,67,MC sin variables (empírico),0.97,77,0
M3 no lineal y colas pesadas,22,63,A0 criterio del cotizador,0.0,63,4
M3 no lineal y colas pesadas,22,63,B colchón fijo,0.0,61,6
M3 no lineal y colas pesadas,22,63,B colchón fijo,1.0,62,5
M3 no lineal y colas pesadas,22,63,B colchón fijo,2.0,63,4
M3 no lineal y colas pesadas,22,63,B colchón fijo,3.0,64,3
M3 no lineal y colas pesadas,22,63,B colchón fijo,4.0,65,2
M3 no lineal y colas pesadas,22,63,B colchón fijo,6.0,68,0
M3 no lineal y colas pesadas,22,63,B colchón fijo,8.0,70,0
M3 no lineal y colas pesadas,22,63,B colchón fijo,10.0,72,0
M3 no lineal y colas pesadas,22,63,B colchón fijo,12.0,75,0
M3 no lineal y colas pesadas,22,63,B colchón fijo,15.0,78,0
M3 no lineal y colas pesadas,22,63,MC completo,0.5,63,4
M3 no lineal y colas pesadas,22,63,MC completo,0.6,65,2
M3 no lineal y colas pesadas,22,63,MC completo,0.7,66,1
M3 no lineal y colas pesadas,22,63,MC completo,0.8,68,0
M3 no lineal y colas pesadas,22,63,MC completo,0.85,69,0
M3 no lineal y colas pesadas,22,63,MC completo,0.9,70,0
M3 no lineal y colas pesadas,22,63,MC completo,0.93,71,0
M3 no lineal y colas pesadas,22,63,MC completo,0.95,72,0
M3 no lineal y colas pesadas,22,63,MC completo,0.97,73,0
M3 no lineal y colas pesadas,22,63,MC sin conformal,0.5,63,4
M3 no lineal y colas pesadas,22,63,MC sin conformal,0.6,64,3
M3 no lineal y colas pesadas,22,63,MC sin conformal,0.7,65,2
M3 no lineal y colas pesadas,22,63,MC sin conformal,0.8,68,0
M3 no lineal y colas pesadas,22,63,MC sin conformal,0.85,69,0
M3 no lineal y colas pesadas,22,63,MC sin conformal,0.9,70,0
M3 no lineal y colas pesadas,22,63,MC sin conformal,0.93,71,0
M3 no lineal y colas pesadas,22,63,MC sin conformal,0.95,71,0
M3 no lineal y colas pesadas,22,63,MC sin conformal,0.97,72,0
M3 no lineal y colas pesadas,22,63,MC sin disponibilidad,0.5,63,4
M3 no lineal y colas pesadas,22,63,MC sin disponibilidad,0.6,64,3
M3 no lineal y colas pesadas,22,63,MC sin disponibilidad,0.7,65,2
M3 no lineal y colas pesadas,22,63,MC sin disponibilidad,0.8,68,0
M3 no lineal y colas pesadas,22,63,MC sin disponibilidad,0.85,69,0
M3 no lineal y colas pesadas,22,63,MC sin disponibilidad,0.9,70,0
M3 no lineal y colas pesadas,22,63,MC sin disponibilidad,0.93,71,0
M3 no lineal y colas pesadas,22,63,MC sin disponibilidad,0.95,71,0
M3 no lineal y colas pesadas,22,63,MC sin disponibilidad,0.97,72,0
M3 no lineal y colas pesadas,22,63,MC sin carga del taller,0.5,63,4
M3 no lineal y colas pesadas,22,63,MC sin carga del taller,0.6,65,2
M3 no lineal y colas pesadas,22,63,MC sin carga del taller,0.7,66,1
M3 no lineal y colas pesadas,22,63,MC sin carga del taller,0.8,68,0
M3 no lineal y colas pesadas,22,63,MC sin carga del taller,0.85,69,0
M3 no lineal y colas pesadas,22,63,MC sin carga del taller,0.9,70,0
M3 no lineal y colas pesadas,22,63,MC sin carga del taller,0.93,71,0
M3 no lineal y colas pesadas,22,63,MC sin carga del taller,0.95,72,0
M3 no lineal y colas pesadas,22,63,MC sin carga del taller,0.97,73,0
M3 no lineal y colas pesadas,22,63,MC con rho = 0,0.5,63,4
M3 no lineal y colas pesadas,22,63,MC con rho = 0,0.6,64,3
M3 no lineal y colas pesadas,22,63,MC con rho = 0,0.7,65,2
M3 no lineal y colas pesadas,22,63,MC con rho = 0,0.8,66,1
M3 no lineal y colas pesadas,22,63,MC con rho = 0,0.85,68,0
M3 no lineal y colas pesadas,22,63,MC con rho = 0,0.9,69,0
M3 no lineal y colas pesadas,22,63,MC con rho = 0,0.93,69,0
M3 no lineal y colas pesadas,22,63,MC con rho = 0,0.95,70,0
M3 no lineal y colas pesadas,22,63,MC con rho = 0,0.97,71,0
M3 no lineal y colas pesadas,22,63,MC sin variables (empírico),0.5,64,3
M3 no lineal y colas pesadas,22,63,MC sin variables (empírico),0.6,65,2
M3 no lineal y colas pesadas,22,63,MC sin variables (empírico),0.7,68,0
M3 no lineal y colas pesadas,22,63,MC sin variables (empírico),0.8,69,0
M3 no lineal y colas pesadas,22,63,MC sin variables (empírico),0.85,70,0
M3 no lineal y colas pesadas,22,63,MC sin variables (empírico),0.9,71,0
M3 no lineal y colas pesadas,22,63,MC sin variables (empírico),0.93,72,0
M3 no lineal y colas pesadas,22,63,MC sin variables (empírico),0.95,73,0
M3 no lineal y colas pesadas,22,63,MC sin variables (empírico),0.97,75,0
M3 no lineal y colas pesadas,21,83,A0 criterio del cotizador,0.0,83,4
M3 no lineal y colas pesadas,21,83,B colchón fijo,0.0,82,5
M3 no lineal y colas pesadas,21,83,B colchón fijo,1.0,83,4
M3 no lineal y colas pesadas,21,83,B colchón fijo,2.0,84,3
M3 no lineal y colas pesadas,21,83,B colchón fijo,3.0,85,2
M3 no lineal y colas pesadas,21,83,B colchón fijo,4.0,87,0
M3 no lineal y colas pesadas,21,83,B colchón fijo,6.0,89,0
M3 no lineal y colas pesadas,21,83,B colchón fijo,8.0,91,0
M3 no lineal y colas pesadas,21,83,B colchón fijo,10.0,94,0
M3 no lineal y colas pesadas,21,83,B colchón fijo,12.0,96,0
M3 no lineal y colas pesadas,21,83,B colchón fijo,15.0,99,0
M3 no lineal y colas pesadas,21,83,MC completo,0.5,85,2
M3 no lineal y colas pesadas,21,83,MC completo,0.6,88,0
M3 no lineal y colas pesadas,21,83,MC completo,0.7,90,0
M3 no lineal y colas pesadas,21,83,MC completo,0.8,92,0
M3 no lineal y colas pesadas,21,83,MC completo,0.85,94,0
M3 no lineal y colas pesadas,21,83,MC completo,0.9,96,0
M3 no lineal y colas pesadas,21,83,MC completo,0.93,97,0
M3 no lineal y colas pesadas,21,83,MC completo,0.95,98,0
M3 no lineal y colas pesadas,21,83,MC completo,0.97,99,0
M3 no lineal y colas pesadas,21,83,MC sin conformal,0.5,85,2
M3 no lineal y colas pesadas,21,83,MC sin conformal,0.6,87,0
M3 no lineal y colas pesadas,21,83,MC sin conformal,0.7,89,0
M3 no lineal y colas pesadas,21,83,MC sin conformal,0.8,91,0
M3 no lineal y colas pesadas,21,83,MC sin conformal,0.85,92,0
M3 no lineal y colas pesadas,21,83,MC sin conformal,0.9,95,0
M3 no lineal y colas pesadas,21,83,MC sin conformal,0.93,96,0
M3 no lineal y colas pesadas,21,83,MC sin conformal,0.95,97,0
M3 no lineal y colas pesadas,21,83,MC sin conformal,0.97,98,0
M3 no lineal y colas pesadas,21,83,MC sin disponibilidad,0.5,84,3
M3 no lineal y colas pesadas,21,83,MC sin disponibilidad,0.6,87,0
M3 no lineal y colas pesadas,21,83,MC sin disponibilidad,0.7,88,0
M3 no lineal y colas pesadas,21,83,MC sin disponibilidad,0.8,91,0
M3 no lineal y colas pesadas,21,83,MC sin disponibilidad,0.85,92,0
M3 no lineal y colas pesadas,21,83,MC sin disponibilidad,0.9,94,0
M3 no lineal y colas pesadas,21,83,MC sin disponibilidad,0.93,96,0
M3 no lineal y colas pesadas,21,83,MC sin disponibilidad,0.95,97,0
M3 no lineal y colas pesadas,21,83,MC sin disponibilidad,0.97,98,0
M3 no lineal y colas pesadas,21,83,MC sin carga del taller,0.5,85,2
M3 no lineal y colas pesadas,21,83,MC sin carga del taller,0.6,88,0
M3 no lineal y colas pesadas,21,83,MC sin carga del taller,0.7,90,0
M3 no lineal y colas pesadas,21,83,MC sin carga del taller,0.8,92,0
M3 no lineal y colas pesadas,21,83,MC sin carga del taller,0.85,94,0
M3 no lineal y colas pesadas,21,83,MC sin carga del taller,0.9,96,0
M3 no lineal y colas pesadas,21,83,MC sin carga del taller,0.93,97,0
M3 no lineal y colas pesadas,21,83,MC sin carga del taller,0.95,98,0
M3 no lineal y colas pesadas,21,83,MC sin carga del taller,0.97,99,0
M3 no lineal y colas pesadas,21,83,MC con rho = 0,0.5,87,0
M3 no lineal y colas pesadas,21,83,MC con rho = 0,0.6,88,0
M3 no lineal y colas pesadas,21,83,MC con rho = 0,0.7,89,0
M3 no lineal y colas pesadas,21,83,MC con rho = 0,0.8,90,0
M3 no lineal y colas pesadas,21,83,MC con rho = 0,0.85,91,0
M3 no lineal y colas pesadas,21,83,MC con rho = 0,0.9,92,0
M3 no lineal y colas pesadas,21,83,MC con rho = 0,0.93,94,0
M3 no lineal y colas pesadas,21,83,MC con rho = 0,0.95,95,0
M3 no lineal y colas pesadas,21,83,MC con rho = 0,0.97,96,0
M3 no lineal y colas pesadas,21,83,MC sin variables (empírico),0.5,84,3
M3 no lineal y colas pesadas,21,83,MC sin variables (empírico),0.6,85,2
M3 no lineal y colas pesadas,21,83,MC sin variables (empírico),0.7,88,0
M3 no lineal y colas pesadas,21,83,MC sin variables (empírico),0.8,90,0
M3 no lineal y colas pesadas,21,83,MC sin variables (empírico),0.85,91,0
M3 no lineal y colas pesadas,21,83,MC sin variables (empírico),0.9,92,0
M3 no lineal y colas pesadas,21,83,MC sin variables (empírico),0.93,95,0
M3 no lineal y colas pesadas,21,83,MC sin variables (empírico),0.95,97,0
M3 no lineal y colas pesadas,21,83,MC sin variables (empírico),0.97,98,0
M3 no lineal y colas pesadas,24,88,A0 criterio del cotizador,0.0,88,5
M3 no lineal y colas pesadas,24,88,B colchón fijo,0.0,89,4
M3 no lineal y colas pesadas,24,88,B colchón fijo,1.0,91,2
M3 no lineal y colas pesadas,24,88,B colchón fijo,2.0,92,1
M3 no lineal y colas pesadas,24,88,B colchón fijo,3.0,93,0
M3 no lineal y colas pesadas,24,88,B colchón fijo,4.0,94,0
M3 no lineal y colas pesadas,24,88,B colchón fijo,6.0,96,0
M3 no lineal y colas pesadas,24,88,B colchón fijo,8.0,99,0
M3 no lineal y colas pesadas,24,88,B colchón fijo,10.0,101,0
M3 no lineal y colas pesadas,24,88,B colchón fijo,12.0,103,0
M3 no lineal y colas pesadas,24,88,B colchón fijo,15.0,107,0
M3 no lineal y colas pesadas,24,88,MC completo,0.5,93,0
M3 no lineal y colas pesadas,24,88,MC completo,0.6,94,0
M3 no lineal y colas pesadas,24,88,MC completo,0.7,96,0
M3 no lineal y colas pesadas,24,88,MC completo,0.8,99,0
M3 no lineal y colas pesadas,24,88,MC completo,0.85,100,0
M3 no lineal y colas pesadas,24,88,MC completo,0.9,102,0
M3 no lineal y colas pesadas,24,88,MC completo,0.93,103,0
M3 no lineal y colas pesadas,24,88,MC completo,0.95,105,0
M3 no lineal y colas pesadas,24,88,MC completo,0.97,107,0
M3 no lineal y colas pesadas,24,88,MC sin conformal,0.5,92,1
M3 no lineal y colas pesadas,24,88,MC sin conformal,0.6,94,0
M3 no lineal y colas pesadas,24,88,MC sin conformal,0.7,95,0
M3 no lineal y colas pesadas,24,88,MC sin conformal,0.8,98,0
M3 no lineal y colas pesadas,24,88,MC sin conformal,0.85,99,0
M3 no lineal y colas pesadas,24,88,MC sin conformal,0.9,101,0
M3 no lineal y colas pesadas,24,88,MC sin conformal,0.93,102,0
M3 no lineal y colas pesadas,24,88,MC sin conformal,0.95,103,0
M3 no lineal y colas pesadas,24,88,MC sin conformal,0.97,106,0
M3 no lineal y colas pesadas,24,88,MC sin disponibilidad,0.5,91,2
M3 no lineal y colas pesadas,24,88,MC sin disponibilidad,0.6,93,0
M3 no lineal y colas pesadas,24,88,MC sin disponibilidad,0.7,94,0
M3 no lineal y colas pesadas,24,88,MC sin disponibilidad,0.8,96,0
M3 no lineal y colas pesadas,24,88,MC sin disponibilidad,0.85,98,0
M3 no lineal y colas pesadas,24,88,MC sin disponibilidad,0.9,100,0
M3 no lineal y colas pesadas,24,88,MC sin disponibilidad,0.93,101,0
M3 no lineal y colas pesadas,24,88,MC sin disponibilidad,0.95,102,0
M3 no lineal y colas pesadas,24,88,MC sin disponibilidad,0.97,105,0
M3 no lineal y colas pesadas,24,88,MC sin carga del taller,0.5,93,0
M3 no lineal y colas pesadas,24,88,MC sin carga del taller,0.6,94,0
M3 no lineal y colas pesadas,24,88,MC sin carga del taller,0.7,96,0
M3 no lineal y colas pesadas,24,88,MC sin carga del taller,0.8,99,0
M3 no lineal y colas pesadas,24,88,MC sin carga del taller,0.85,100,0
M3 no lineal y colas pesadas,24,88,MC sin carga del taller,0.9,102,0
M3 no lineal y colas pesadas,24,88,MC sin carga del taller,0.93,103,0
M3 no lineal y colas pesadas,24,88,MC sin carga del taller,0.95,105,0
M3 no lineal y colas pesadas,24,88,MC sin carga del taller,0.97,107,0
M3 no lineal y colas pesadas,24,88,MC con rho = 0,0.5,93,0
M3 no lineal y colas pesadas,24,88,MC con rho = 0,0.6,94,0
M3 no lineal y colas pesadas,24,88,MC con rho = 0,0.7,95,0
M3 no lineal y colas pesadas,24,88,MC con rho = 0,0.8,98,0
M3 no lineal y colas pesadas,24,88,MC con rho = 0,0.85,98,0
M3 no lineal y colas pesadas,24,88,MC con rho = 0,0.9,99,0
M3 no lineal y colas pesadas,24,88,MC con rho = 0,0.93,101,0
M3 no lineal y colas pesadas,24,88,MC con rho = 0,0.95,101,0
M3 no lineal y colas pesadas,24,88,MC con rho = 0,0.97,103,0
M3 no lineal y colas pesadas,24,88,MC sin variables (empírico),0.5,101,0
M3 no lineal y colas pesadas,24,88,MC sin variables (empírico),0.6,103,0
M3 no lineal y colas pesadas,24,88,MC sin variables (empírico),0.7,106,0
M3 no lineal y colas pesadas,24,88,MC sin variables (empírico),0.8,108,0
M3 no lineal y colas pesadas,24,88,MC sin variables (empírico),0.85,109,0
M3 no lineal y colas pesadas,24,88,MC sin variables (empírico),0.9,112,0
M3 no lineal y colas pesadas,24,88,MC sin variables (empírico),0.93,114,0
M3 no lineal y colas pesadas,24,88,MC sin variables (empírico),0.95,116,0
M3 no lineal y colas pesadas,24,88,MC sin variables (empírico),0.97,119,0
M3 no lineal y colas pesadas,25,55,A0 criterio del cotizador,0.0,55,0
M3 no lineal y colas pesadas,25,55,B colchón fijo,0.0,52,2
M3 no lineal y colas pesadas,25,55,B colchón fijo,1.0,53,1
M3 no lineal y colas pesadas,25,55,B colchón fijo,2.0,55,0
M3 no lineal y colas pesadas,25,55,B colchón fijo,3.0,56,0
M3 no lineal y colas pesadas,25,55,B colchón fijo,4.0,57,0
M3 no lineal y colas pesadas,25,55,B colchón fijo,6.0,59,0
M3 no lineal y colas pesadas,25,55,B colchón fijo,8.0,62,0
M3 no lineal y colas pesadas,25,55,B colchón fijo,10.0,64,0
M3 no lineal y colas pesadas,25,55,B colchón fijo,12.0,66,0
M3 no lineal y colas pesadas,25,55,B colchón fijo,15.0,70,0
M3 no lineal y colas pesadas,25,55,MC completo,0.5,53,1
M3 no lineal y colas pesadas,25,55,MC completo,0.6,55,0
M3 no lineal y colas pesadas,25,55,MC completo,0.7,56,0
M3 no lineal y colas pesadas,25,55,MC completo,0.8,58,0
M3 no lineal y colas pesadas,25,55,MC completo,0.85,58,0
M3 no lineal y colas pesadas,25,55,MC completo,0.9,59,0
M3 no lineal y colas pesadas,25,55,MC completo,0.93,60,0
M3 no lineal y colas pesadas,25,55,MC completo,0.95,62,0
M3 no lineal y colas pesadas,25,55,MC completo,0.97,63,0
M3 no lineal y colas pesadas,25,55,MC sin conformal,0.5,53,1
M3 no lineal y colas pesadas,25,55,MC sin conformal,0.6,55,0
M3 no lineal y colas pesadas,25,55,MC sin conformal,0.7,56,0
M3 no lineal y colas pesadas,25,55,MC sin conformal,0.8,57,0
M3 no lineal y colas pesadas,25,55,MC sin conformal,0.85,58,0
M3 no lineal y colas pesadas,25,55,MC sin conformal,0.9,59,0
M3 no lineal y colas pesadas,25,55,MC sin conformal,0.93,60,0
M3 no lineal y colas pesadas,25,55,MC sin conformal,0.95,62,0
M3 no lineal y colas pesadas,25,55,MC sin conformal,0.97,62,0
M3 no lineal y colas pesadas,25,55,MC sin disponibilidad,0.5,53,1
M3 no lineal y colas pesadas,25,55,MC sin disponibilidad,0.6,55,0
M3 no lineal y colas pesadas,25,55,MC sin disponibilidad,0.7,56,0
M3 no lineal y colas pesadas,25,55,MC sin disponibilidad,0.8,57,0
M3 no lineal y colas pesadas,25,55,MC sin disponibilidad,0.85,58,0
M3 no lineal y colas pesadas,25,55,MC sin disponibilidad,0.9,59,0
M3 no lineal y colas pesadas,25,55,MC sin disponibilidad,0.93,59,0
M3 no lineal y colas pesadas,25,55,MC sin disponibilidad,0.95,60,0
M3 no lineal y colas pesadas,25,55,MC sin disponibilidad,0.97,62,0
M3 no lineal y colas pesadas,25,55,MC sin carga del taller,0.5,52,2
M3 no lineal y colas pesadas,25,55,MC sin carga del taller,0.6,53,1
M3 no lineal y colas pesadas,25,55,MC sin carga del taller,0.7,55,0
M3 no lineal y colas pesadas,25,55,MC sin carga del taller,0.8,57,0
M3 no lineal y colas pesadas,25,55,MC sin carga del taller,0.85,57,0
M3 no lineal y colas pesadas,25,55,MC sin carga del taller,0.9,58,0
M3 no lineal y colas pesadas,25,55,MC sin carga del taller,0.93,59,0
M3 no lineal y colas pesadas,25,55,MC sin carga del taller,0.95,60,0
M3 no lineal y colas pesadas,25,55,MC sin carga del taller,0.97,62,0
M3 no lineal y colas pesadas,25,55,MC con rho = 0,0.5,53,1
M3 no lineal y colas pesadas,25,55,MC con rho = 0,0.6,55,0
M3 no lineal y colas pesadas,25,55,MC con rho = 0,0.7,56,0
M3 no lineal y colas pesadas,25,55,MC con rho = 0,0.8,57,0
M3 no lineal y colas pesadas,25,55,MC con rho = 0,0.85,57,0
M3 no lineal y colas pesadas,25,55,MC con rho = 0,0.9,58,0
M3 no lineal y colas pesadas,25,55,MC con rho = 0,0.93,59,0
M3 no lineal y colas pesadas,25,55,MC con rho = 0,0.95,59,0
M3 no lineal y colas pesadas,25,55,MC con rho = 0,0.97,60,0
M3 no lineal y colas pesadas,25,55,MC sin variables (empírico),0.5,56,0
M3 no lineal y colas pesadas,25,55,MC sin variables (empírico),0.6,57,0
M3 no lineal y colas pesadas,25,55,MC sin variables (empírico),0.7,58,0
M3 no lineal y colas pesadas,25,55,MC sin variables (empírico),0.8,59,0
M3 no lineal y colas pesadas,25,55,MC sin variables (empírico),0.85,60,0
M3 no lineal y colas pesadas,25,55,MC sin variables (empírico),0.9,62,0
M3 no lineal y colas pesadas,25,55,MC sin variables (empírico),0.93,63,0
M3 no lineal y colas pesadas,25,55,MC sin variables (empírico),0.95,63,0
M3 no lineal y colas pesadas,25,55,MC sin variables (empírico),0.97,64,0
M3 no lineal y colas pesadas,23,52,A0 criterio del cotizador,0.0,52,0
M3 no lineal y colas pesadas,23,52,B colchón fijo,0.0,52,0
M3 no lineal y colas pesadas,23,52,B colchón fijo,1.0,53,0
M3 no lineal y colas pesadas,23,52,B colchón fijo,2.0,55,0
M3 no lineal y colas pesadas,23,52,B colchón fijo,3.0,56,0
M3 no lineal y colas pesadas,23,52,B colchón fijo,4.0,57,0
M3 no lineal y colas pesadas,23,52,B colchón fijo,6.0,59,0
M3 no lineal y colas pesadas,23,52,B colchón fijo,8.0,62,0
M3 no lineal y colas pesadas,23,52,B colchón fijo,10.0,64,0
M3 no lineal y colas pesadas,23,52,B colchón fijo,12.0,66,0
M3 no lineal y colas pesadas,23,52,B colchón fijo,15.0,70,0
M3 no lineal y colas pesadas,23,52,MC completo,0.5,56,0
M3 no lineal y colas pesadas,23,52,MC completo,0.6,56,0
M3 no lineal y colas pesadas,23,52,MC completo,0.7,58,0
M3 no lineal y colas pesadas,23,52,MC completo,0.8,59,0
M3 no lineal y colas pesadas,23,52,MC completo,0.85,59,0
M3 no lineal y colas pesadas,23,52,MC completo,0.9,60,0
M3 no lineal y colas pesadas,23,52,MC completo,0.93,62,0
M3 no lineal y colas pesadas,23,52,MC completo,0.95,63,0
M3 no lineal y colas pesadas,23,52,MC completo,0.97,64,0
M3 no lineal y colas pesadas,23,52,MC sin conformal,0.5,56,0
M3 no lineal y colas pesadas,23,52,MC sin conformal,0.6,56,0
M3 no lineal y colas pesadas,23,52,MC sin conformal,0.7,57,0
M3 no lineal y colas pesadas,23,52,MC sin conformal,0.8,58,0
M3 no lineal y colas pesadas,23,52,MC sin conformal,0.85,59,0
M3 no lineal y colas pesadas,23,52,MC sin conformal,0.9,60,0
M3 no lineal y colas pesadas,23,52,MC sin conformal,0.93,62,0
M3 no lineal y colas pesadas,23,52,MC sin conformal,0.95,62,0
M3 no lineal y colas pesadas,23,52,MC sin conformal,0.97,63,0
M3 no lineal y colas pesadas,23,52,MC sin disponibilidad,0.5,55,0
M3 no lineal y colas pesadas,23,52,MC sin disponibilidad,0.6,56,0
M3 no lineal y colas pesadas,23,52,MC sin disponibilidad,0.7,57,0
M3 no lineal y colas pesadas,23,52,MC sin disponibilidad,0.8,58,0
M3 no lineal y colas pesadas,23,52,MC sin disponibilidad,0.85,59,0
M3 no lineal y colas pesadas,23,52,MC sin disponibilidad,0.9,59,0
M3 no lineal y colas pesadas,23,52,MC sin disponibilidad,0.93,60,0
M3 no lineal y colas pesadas,23,52,MC sin disponibilidad,0.95,62,0
M3 no lineal y colas pesadas,23,52,MC sin disponibilidad,0.97,63,0
M3 no lineal y colas pesadas,23,52,MC sin carga del taller,0.5,56,0
M3 no lineal y colas pesadas,23,52,MC sin carga del taller,0.6,56,0
M3 no lineal y colas pesadas,23,52,MC sin carga del taller,0.7,58,0
M3 no lineal y colas pesadas,23,52,MC sin carga del taller,0.8,59,0
M3 no lineal y colas pesadas,23,52,MC sin carga del taller,0.85,59,0
M3 no lineal y colas pesadas,23,52,MC sin carga del taller,0.9,60,0
M3 no lineal y colas pesadas,23,52,MC sin carga del taller,0.93,62,0
M3 no lineal y colas pesadas,23,52,MC sin carga del taller,0.95,63,0
M3 no lineal y colas pesadas,23,52,MC sin carga del taller,0.97,64,0
M3 no lineal y colas pesadas,23,52,MC con rho = 0,0.5,55,0
M3 no lineal y colas pesadas,23,52,MC con rho = 0,0.6,56,0
M3 no lineal y colas pesadas,23,52,MC con rho = 0,0.7,57,0
M3 no lineal y colas pesadas,23,52,MC con rho = 0,0.8,58,0
M3 no lineal y colas pesadas,23,52,MC con rho = 0,0.85,59,0
M3 no lineal y colas pesadas,23,52,MC con rho = 0,0.9,59,0
M3 no lineal y colas pesadas,23,52,MC con rho = 0,0.93,60,0
M3 no lineal y colas pesadas,23,52,MC con rho = 0,0.95,62,0
M3 no lineal y colas pesadas,23,52,MC con rho = 0,0.97,62,0
M3 no lineal y colas pesadas,23,52,MC sin variables (empírico),0.5,51,1
M3 no lineal y colas pesadas,23,52,MC sin variables (empírico),0.6,51,1
M3 no lineal y colas pesadas,23,52,MC sin variables (empírico),0.7,52,0
M3 no lineal y colas pesadas,23,52,MC sin variables (empírico),0.8,53,0
M3 no lineal y colas pesadas,23,52,MC sin variables (empírico),0.85,55,0
M3 no lineal y colas pesadas,23,52,MC sin variables (empírico),0.9,56,0
M3 no lineal y colas pesadas,23,52,MC sin variables (empírico),0.93,56,0
M3 no lineal y colas pesadas,23,52,MC sin variables (empírico),0.95,57,0
M3 no lineal y colas pesadas,23,52,MC sin variables (empírico),0.97,57,0
M4 deriva del taller,2,81,A0 criterio del cotizador,0.0,81,0
M4 deriva del taller,2,81,B colchón fijo,0.0,83,0
M4 deriva del taller,2,81,B colchón fijo,1.0,84,0
M4 deriva del taller,2,81,B colchón fijo,2.0,85,0
M4 deriva del taller,2,81,B colchón fijo,3.0,86,0
M4 deriva del taller,2,81,B colchón fijo,4.0,88,0
M4 deriva del taller,2,81,B colchón fijo,6.0,90,0
M4 deriva del taller,2,81,B colchón fijo,8.0,92,0
M4 deriva del taller,2,81,B colchón fijo,10.0,95,0
M4 deriva del taller,2,81,B colchón fijo,12.0,97,0
M4 deriva del taller,2,81,B colchón fijo,15.0,100,0
M4 deriva del taller,2,81,MC completo,0.5,84,0
M4 deriva del taller,2,81,MC completo,0.6,86,0
M4 deriva del taller,2,81,MC completo,0.7,88,0
M4 deriva del taller,2,81,MC completo,0.8,91,0
M4 deriva del taller,2,81,MC completo,0.85,92,0
M4 deriva del taller,2,81,MC completo,0.9,93,0
M4 deriva del taller,2,81,MC completo,0.93,95,0
M4 deriva del taller,2,81,MC completo,0.95,96,0
M4 deriva del taller,2,81,MC completo,0.97,98,0
M4 deriva del taller,2,81,MC sin conformal,0.5,84,0
M4 deriva del taller,2,81,MC sin conformal,0.6,86,0
M4 deriva del taller,2,81,MC sin conformal,0.7,88,0
M4 deriva del taller,2,81,MC sin conformal,0.8,91,0
M4 deriva del taller,2,81,MC sin conformal,0.85,92,0
M4 deriva del taller,2,81,MC sin conformal,0.9,93,0
M4 deriva del taller,2,81,MC sin conformal,0.93,95,0
M4 deriva del taller,2,81,MC sin conformal,0.95,96,0
M4 deriva del taller,2,81,MC sin conformal,0.97,98,0
M4 deriva del taller,2,81,MC sin disponibilidad,0.5,83,0
M4 deriva del taller,2,81,MC sin disponibilidad,0.6,84,0
M4 deriva del taller,2,81,MC sin disponibilidad,0.7,86,0
M4 deriva del taller,2,81,MC sin disponibilidad,0.8,89,0
M4 deriva del taller,2,81,MC sin disponibilidad,0.85,91,0
M4 deriva del taller,2,81,MC sin disponibilidad,0.9,92,0
M4 deriva del taller,2,81,MC sin disponibilidad,0.93,93,0
M4 deriva del taller,2,81,MC sin disponibilidad,0.95,95,0
M4 deriva del taller,2,81,MC sin disponibilidad,0.97,96,0
M4 deriva del taller,2,81,MC sin carga del taller,0.5,82,0
M4 deriva del taller,2,81,MC sin carga del taller,0.6,84,0
M4 deriva del taller,2,81,MC sin carga del taller,0.7,86,0
M4 deriva del taller,2,81,MC sin carga del taller,0.8,89,0
M4 deriva del taller,2,81,MC sin carga del taller,0.85,90,0
M4 deriva del taller,2,81,MC sin carga del taller,0.9,91,0
M4 deriva del taller,2,81,MC sin carga del taller,0.93,92,0
M4 deriva del taller,2,81,MC sin carga del taller,0.95,93,0
M4 deriva del taller,2,81,MC sin carga del taller,0.97,96,0
M4 deriva del taller,2,81,MC con rho = 0,0.5,85,0
M4 deriva del taller,2,81,MC con rho = 0,0.6,86,0
M4 deriva del taller,2,81,MC con rho = 0,0.7,88,0
M4 deriva del taller,2,81,MC con rho = 0,0.8,90,0
M4 deriva del taller,2,81,MC con rho = 0,0.85,91,0
M4 deriva del taller,2,81,MC con rho = 0,0.9,92,0
M4 deriva del taller,2,81,MC con rho = 0,0.93,92,0
M4 deriva del taller,2,81,MC con rho = 0,0.95,93,0
M4 deriva del taller,2,81,MC con rho = 0,0.97,95,0
M4 deriva del taller,2,81,MC sin variables (empírico),0.5,84,0
M4 deriva del taller,2,81,MC sin variables (empírico),0.6,86,0
M4 deriva del taller,2,81,MC sin variables (empírico),0.7,88,0
M4 deriva del taller,2,81,MC sin variables (empírico),0.8,91,0
M4 deriva del taller,2,81,MC sin variables (empírico),0.85,92,0
M4 deriva del taller,2,81,MC sin variables (empírico),0.9,93,0
M4 deriva del taller,2,81,MC sin variables (empírico),0.93,95,0
M4 deriva del taller,2,81,MC sin variables (empírico),0.95,96,0
M4 deriva del taller,2,81,MC sin variables (empírico),0.97,98,0
M4 deriva del taller,1,83,A0 criterio del cotizador,0.0,83,0
M4 deriva del taller,1,83,B colchón fijo,0.0,99,0
M4 deriva del taller,1,83,B colchón fijo,1.0,101,0
M4 deriva del taller,1,83,B colchón fijo,2.0,102,0
M4 deriva del taller,1,83,B colchón fijo,3.0,103,0
M4 deriva del taller,1,83,B colchón fijo,4.0,104,0
M4 deriva del taller,1,83,B colchón fijo,6.0,106,0
M4 deriva del taller,1,83,B colchón fijo,8.0,109,0
M4 deriva del taller,1,83,B colchón fijo,10.0,111,0
M4 deriva del taller,1,83,B colchón fijo,12.0,113,0
M4 deriva del taller,1,83,B colchón fijo,15.0,117,0
M4 deriva del taller,1,83,MC completo,0.5,102,0
M4 deriva del taller,1,83,MC completo,0.6,103,0
M4 deriva del taller,1,83,MC completo,0.7,105,0
M4 deriva del taller,1,83,MC completo,0.8,109,0
M4 deriva del taller,1,83,MC completo,0.85,110,0
M4 deriva del taller,1,83,MC completo,0.9,112,0
M4 deriva del taller,1,83,MC completo,0.93,115,0
M4 deriva del taller,1,83,MC completo,0.95,116,0
M4 deriva del taller,1,83,MC completo,0.97,118,0
M4 deriva del taller,1,83,MC sin conformal,0.5,102,0
M4 deriva del taller,1,83,MC sin conformal,0.6,103,0
M4 deriva del taller,1,83,MC sin conformal,0.7,105,0
M4 deriva del taller,1,83,MC sin conformal,0.8,109,0
M4 deriva del taller,1,83,MC sin conformal,0.85,110,0
M4 deriva del taller,1,83,MC sin conformal,0.9,112,0
M4 deriva del taller,1,83,MC sin conformal,0.93,115,0
M4 deriva del taller,1,83,MC sin conformal,0.95,116,0
M4 deriva del taller,1,83,MC sin conformal,0.97,118,0
M4 deriva del taller,1,83,MC sin disponibilidad,0.5,99,0
M4 deriva del taller,1,83,MC sin disponibilidad,0.6,102,0
M4 deriva del taller,1,83,MC sin disponibilidad,0.7,104,0
M4 deriva del taller,1,83,MC sin disponibilidad,0.8,108,0
M4 deriva del taller,1,83,MC sin disponibilidad,0.85,109,0
M4 deriva del taller,1,83,MC sin disponibilidad,0.9,111,0
M4 deriva del taller,1,83,MC sin disponibilidad,0.93,112,0
M4 deriva del taller,1,83,MC sin disponibilidad,0.95,113,0
M4 deriva del taller,1,83,MC sin disponibilidad,0.97,116,0
M4 deriva del taller,1,83,MC sin carga del taller,0.5,94,0
M4 deriva del taller,1,83,MC sin carga del taller,0.6,96,0
M4 deriva del taller,1,83,MC sin carga del taller,0.7,97,0
M4 deriva del taller,1,83,MC sin carga del taller,0.8,101,0
M4 deriva del taller,1,83,MC sin carga del taller,0.85,102,0
M4 deriva del taller,1,83,MC sin carga del taller,0.9,104,0
M4 deriva del taller,1,83,MC sin carga del taller,0.93,105,0
M4 deriva del taller,1,83,MC sin carga del taller,0.95,108,0
M4 deriva del taller,1,83,MC sin carga del taller,0.97,110,0
M4 deriva del taller,1,83,MC con rho = 0,0.5,102,0
M4 deriva del taller,1,83,MC con rho = 0,0.6,103,0
M4 deriva del taller,1,83,MC con rho = 0,0.7,105,0
M4 deriva del taller,1,83,MC con rho = 0,0.8,106,0
M4 deriva del taller,1,83,MC con rho = 0,0.85,108,0
M4 deriva del taller,1,83,MC con rho = 0,0.9,109,0
M4 deriva del taller,1,83,MC con rho = 0,0.93,110,0
M4 deriva del taller,1,83,MC con rho = 0,0.95,111,0
M4 deriva del taller,1,83,MC con rho = 0,0.97,113,0
M4 deriva del taller,1,83,MC sin variables (empírico),0.5,102,0
M4 deriva del taller,1,83,MC sin variables (empírico),0.6,103,0
M4 deriva del taller,1,83,MC sin variables (empírico),0.7,105,0
M4 deriva del taller,1,83,MC sin variables (empírico),0.8,109,0
M4 deriva del taller,1,83,MC sin variables (empírico),0.85,110,0
M4 deriva del taller,1,83,MC sin variables (empírico),0.9,112,0
M4 deriva del taller,1,83,MC sin variables (empírico),0.93,115,0
M4 deriva del taller,1,83,MC sin variables (empírico),0.95,116,0
M4 deriva del taller,1,83,MC sin variables (empírico),0.97,118,0
M4 deriva del taller,3,75,A0 criterio del cotizador,0.0,75,0
M4 deriva del taller,3,75,B colchón fijo,0.0,73,1
M4 deriva del taller,3,75,B colchón fijo,1.0,74,0
M4 deriva del taller,3,75,B colchón fijo,2.0,75,0
M4 deriva del taller,3,75,B colchón fijo,3.0,76,0
M4 deriva del taller,3,75,B colchón fijo,4.0,77,0
M4 deriva del taller,3,75,B colchón fijo,6.0,80,0
M4 deriva del taller,3,75,B colchón fijo,8.0,82,0
M4 deriva del taller,3,75,B colchón fijo,10.0,84,0
M4 deriva del taller,3,75,B colchón fijo,12.0,87,0
M4 deriva del taller,3,75,B colchón fijo,15.0,90,0
M4 deriva del taller,3,75,MC completo,0.5,74,0
M4 deriva del taller,3,75,MC completo,0.6,76,0
M4 deriva del taller,3,75,MC completo,0.7,78,0
M4 deriva del taller,3,75,MC completo,0.8,80,0
M4 deriva del taller,3,75,MC completo,0.85,81,0
M4 deriva del taller,3,75,MC completo,0.9,82,0
M4 deriva del taller,3,75,MC completo,0.93,83,0
M4 deriva del taller,3,75,MC completo,0.95,85,0
M4 deriva del taller,3,75,MC completo,0.97,87,0
M4 deriva del taller,3,75,MC sin conformal,0.5,74,0
M4 deriva del taller,3,75,MC sin conformal,0.6,76,0
M4 deriva del taller,3,75,MC sin conformal,0.7,78,0
M4 deriva del taller,3,75,MC sin conformal,0.8,80,0
M4 deriva del taller,3,75,MC sin conformal,0.85,81,0
M4 deriva del taller,3,75,MC sin conformal,0.9,82,0
M4 deriva del taller,3,75,MC sin conformal,0.93,83,0
M4 deriva del taller,3,75,MC sin conformal,0.95,85,0
M4 deriva del taller,3,75,MC sin conformal,0.97,87,0
M4 deriva del taller,3,75,MC sin disponibilidad,0.5,74,0
M4 deriva del taller,3,75,MC sin disponibilidad,0.6,75,0
M4 deriva del taller,3,75,MC sin disponibilidad,0.7,77,0
M4 deriva del taller,3,75,MC sin disponibilidad,0.8,78,0
M4 deriva del taller,3,75,MC sin disponibilidad,0.85,80,0
M4 deriva del taller,3,75,MC sin disponibilidad,0.9,81,0
M4 deriva del taller,3,75,MC sin disponibilidad,0.93,82,0
M4 deriva del taller,3,75,MC sin disponibilidad,0.95,83,0
M4 deriva del taller,3,75,MC sin disponibilidad,0.97,84,0
M4 deriva del taller,3,75,MC sin carga del taller,0.5,74,0
M4 deriva del taller,3,75,MC sin carga del taller,0.6,76,0
M4 deriva del taller,3,75,MC sin carga del taller,0.7,78,0
M4 deriva del taller,3,75,MC sin carga del taller,0.8,80,0
M4 deriva del taller,3,75,MC sin carga del taller,0.85,81,0
M4 deriva del taller,3,75,MC sin carga del taller,0.9,82,0
M4 deriva del taller,3,75,MC sin carga del taller,0.93,83,0
M4 deriva del taller,3,75,MC sin carga del taller,0.95,85,0
M4 deriva del taller,3,75,MC sin carga del taller,0.97,87,0
M4 deriva del taller,3,75,MC con rho = 0,0.5,75,0
M4 deriva del taller,3,75,MC con rho = 0,0.6,75,0
M4 deriva del taller,3,75,MC con rho = 0,0.7,76,0
M4 deriva del taller,3,75,MC con rho = 0,0.8,78,0
M4 deriva del taller,3,75,MC con rho = 0,0.85,80,0
M4 deriva del taller,3,75,MC con rho = 0,0.9,81,0
M4 deriva del taller,3,75,MC con rho = 0,0.93,82,0
M4 deriva del taller,3,75,MC con rho = 0,0.95,82,0
M4 deriva del taller,3,75,MC con rho = 0,0.97,84,0
M4 deriva del taller,3,75,MC sin variables (empírico),0.5,74,0
M4 deriva del taller,3,75,MC sin variables (empírico),0.6,76,0
M4 deriva del taller,3,75,MC sin variables (empírico),0.7,78,0
M4 deriva del taller,3,75,MC sin variables (empírico),0.8,80,0
M4 deriva del taller,3,75,MC sin variables (empírico),0.85,81,0
M4 deriva del taller,3,75,MC sin variables (empírico),0.9,82,0
M4 deriva del taller,3,75,MC sin variables (empírico),0.93,83,0
M4 deriva del taller,3,75,MC sin variables (empírico),0.95,85,0
M4 deriva del taller,3,75,MC sin variables (empírico),0.97,87,0
M4 deriva del taller,5,72,A0 criterio del cotizador,0.0,72,0
M4 deriva del taller,5,72,B colchón fijo,0.0,69,3
M4 deriva del taller,5,72,B colchón fijo,1.0,71,1
M4 deriva del taller,5,72,B colchón fijo,2.0,72,0
M4 deriva del taller,5,72,B colchón fijo,3.0,73,0
M4 deriva del taller,5,72,B colchón fijo,4.0,74,0
M4 deriva del taller,5,72,B colchón fijo,6.0,76,0
M4 deriva del taller,5,72,B colchón fijo,8.0,79,0
M4 deriva del taller,5,72,B colchón fijo,10.0,81,0
M4 deriva del taller,5,72,B colchón fijo,12.0,83,0
M4 deriva del taller,5,72,B colchón fijo,15.0,87,0
M4 deriva del taller,5,72,MC completo,0.5,71,1
M4 deriva del taller,5,72,MC completo,0.6,73,0
M4 deriva del taller,5,72,MC completo,0.7,74,0
M4 deriva del taller,5,72,MC completo,0.8,76,0
M4 deriva del taller,5,72,MC completo,0.85,79,0
M4 deriva del taller,5,72,MC completo,0.9,81,0
M4 deriva del taller,5,72,MC completo,0.93,82,0
M4 deriva del taller,5,72,MC completo,0.95,83,0
M4 deriva del taller,5,72,MC completo,0.97,85,0
M4 deriva del taller,5,72,MC sin conformal,0.5,71,1
M4 deriva del taller,5,72,MC sin conformal,0.6,73,0
M4 deriva del taller,5,72,MC sin conformal,0.7,74,0
M4 deriva del taller,5,72,MC sin conformal,0.8,76,0
M4 deriva del taller,5,72,MC sin conformal,0.85,79,0
M4 deriva del taller,5,72,MC sin conformal,0.9,81,0
M4 deriva del taller,5,72,MC sin conformal,0.93,82,0
M4 deriva del taller,5,72,MC sin conformal,0.95,83,0
M4 deriva del taller,5,72,MC sin conformal,0.97,85,0
M4 deriva del taller,5,72,MC sin disponibilidad,0.5,69,3
M4 deriva del taller,5,72,MC sin disponibilidad,0.6,72,0
M4 deriva del taller,5,72,MC sin disponibilidad,0.7,73,0
M4 deriva del taller,5,72,MC sin disponibilidad,0.8,75,0
M4 deriva del taller,5,72,MC sin disponibilidad,0.85,78,0
M4 deriva del taller,5,72,MC sin disponibilidad,0.9,80,0
M4 deriva del taller,5,72,MC sin disponibilidad,0.93,81,0
M4 deriva del taller,5,72,MC sin disponibilidad,0.95,81,0
M4 deriva del taller,5,72,MC sin disponibilidad,0.97,83,0
M4 deriva del taller,5,72,MC sin carga del taller,0.5,71,1
M4 deriva del taller,5,72,MC sin carga del taller,0.6,73,0
M4 deriva del taller,5,72,MC sin carga del taller,0.7,74,0
M4 deriva del taller,5,72,MC sin carga del taller,0.8,76,0
M4 deriva del taller,5,72,MC sin carga del taller,0.85,79,0
M4 deriva del taller,5,72,MC sin carga del taller,0.9,81,0
M4 deriva del taller,5,72,MC sin carga del taller,0.93,82,0
M4 deriva del taller,5,72,MC sin carga del taller,0.95,83,0
M4 deriva del taller,5,72,MC sin carga del taller,0.97,85,0
M4 deriva del taller,5,72,MC con rho = 0,0.5,72,0
M4 deriva del taller,5,72,MC con rho = 0,0.6,73,0
M4 deriva del taller,5,72,MC con rho = 0,0.7,74,0
M4 deriva del taller,5,72,MC con rho = 0,0.8,75,0
M4 deriva del taller,5,72,MC con rho = 0,0.85,76,0
M4 deriva del taller,5,72,MC con rho = 0,0.9,78,0
M4 deriva del taller,5,72,MC con rho = 0,0.93,79,0
M4 deriva del taller,5,72,MC con rho = 0,0.95,79,0
M4 deriva del taller,5,72,MC con rho = 0,0.97,80,0
M4 deriva del taller,5,72,MC sin variables (empírico),0.5,71,1
M4 deriva del taller,5,72,MC sin variables (empírico),0.6,73,0
M4 deriva del taller,5,72,MC sin variables (empírico),0.7,74,0
M4 deriva del taller,5,72,MC sin variables (empírico),0.8,76,0
M4 deriva del taller,5,72,MC sin variables (empírico),0.85,79,0
M4 deriva del taller,5,72,MC sin variables (empírico),0.9,81,0
M4 deriva del taller,5,72,MC sin variables (empírico),0.93,82,0
M4 deriva del taller,5,72,MC sin variables (empírico),0.95,83,0
M4 deriva del taller,5,72,MC sin variables (empírico),0.97,85,0
M4 deriva del taller,6,61,A0 criterio del cotizador,0.0,61,5
M4 deriva del taller,6,61,B colchón fijo,0.0,56,10
M4 deriva del taller,6,61,B colchón fijo,1.0,57,9
M4 deriva del taller,6,61,B colchón fijo,2.0,58,8
M4 deriva del taller,6,61,B colchón fijo,3.0,60,6
M4 deriva del taller,6,61,B colchón fijo,4.0,61,5
M4 deriva del taller,6,61,B colchón fijo,6.0,63,3
M4 deriva del taller,6,61,B colchón fijo,8.0,65,1
M4 deriva del taller,6,61,B colchón fijo,10.0,68,0
M4 deriva del taller,6,61,B colchón fijo,12.0,70,0
M4 deriva del taller,6,61,B colchón fijo,15.0,74,0
M4 deriva del taller,6,61,MC completo,0.5,58,8
M4 deriva del taller,6,61,MC completo,0.6,60,6
M4 deriva del taller,6,61,MC completo,0.7,61,5
M4 deriva del taller,6,61,MC completo,0.8,63,3
M4 deriva del taller,6,61,MC completo,0.85,64,2
M4 deriva del taller,6,61,MC completo,0.9,65,1
M4 deriva del taller,6,61,MC completo,0.93,67,0
M4 deriva del taller,6,61,MC completo,0.95,68,0
M4 deriva del taller,6,61,MC completo,0.97,69,0
M4 deriva del taller,6,61,MC sin conformal,0.5,58,8
M4 deriva del taller,6,61,MC sin conformal,0.6,60,6
M4 deriva del taller,6,61,MC sin conformal,0.7,61,5
M4 deriva del taller,6,61,MC sin conformal,0.8,63,3
M4 deriva del taller,6,61,MC sin conformal,0.85,64,2
M4 deriva del taller,6,61,MC sin conformal,0.9,65,1
M4 deriva del taller,6,61,MC sin conformal,0.93,67,0
M4 deriva del taller,6,61,MC sin conformal,0.95,68,0
M4 deriva del taller,6,61,MC sin conformal,0.97,69,0
M4 deriva del taller,6,61,MC sin disponibilidad,0.5,57,9
M4 deriva del taller,6,61,MC sin disponibilidad,0.6,58,8
M4 deriva del taller,6,61,MC sin disponibilidad,0.7,61,5
M4 deriva del taller,6,61,MC sin disponibilidad,0.8,62,4
M4 deriva del taller,6,61,MC sin disponibilidad,0.85,63,3
M4 deriva del taller,6,61,MC sin disponibilidad,0.9,64,2
M4 deriva del taller,6,61,MC sin disponibilidad,0.93,65,1
M4 deriva del taller,6,61,MC sin disponibilidad,0.95,67,0
M4 deriva del taller,6,61,MC sin disponibilidad,0.97,68,0
M4 deriva del taller,6,61,MC sin carga del taller,0.5,57,9
M4 deriva del taller,6,61,MC sin carga del taller,0.6,60,6
M4 deriva del taller,6,61,MC sin carga del taller,0.7,61,5
M4 deriva del taller,6,61,MC sin carga del taller,0.8,62,4
M4 deriva del taller,6,61,MC sin carga del taller,0.85,63,3
M4 deriva del taller,6,61,MC sin carga del taller,0.9,64,2
M4 deriva del taller,6,61,MC sin carga del taller,0.93,65,1
M4 deriva del taller,6,61,MC sin carga del taller,0.95,67,0
M4 deriva del taller,6,61,MC sin carga del taller,0.97,68,0
M4 deriva del taller,6,61,MC con rho = 0,0.5,58,8
M4 deriva del taller,6,61,MC con rho = 0,0.6,60,6
M4 deriva del taller,6,61,MC con rho = 0,0.7,61,5
M4 deriva del taller,6,61,MC con rho = 0,0.8,62,4
M4 deriva del taller,6,61,MC con rho = 0,0.85,62,4
M4 deriva del taller,6,61,MC con rho = 0,0.9,63,3
M4 deriva del taller,6,61,MC con rho = 0,0.93,64,2
M4 deriva del taller,6,61,MC con rho = 0,0.95,65,1
M4 deriva del taller,6,61,MC con rho = 0,0.97,65,1
M4 deriva del taller,6,61,MC sin variables (empírico),0.5,58,8
M4 deriva del taller,6,61,MC sin variables (empírico),0.6,60,6
M4 deriva del taller,6,61,MC sin variables (empírico),0.7,61,5
M4 deriva del taller,6,61,MC sin variables (empírico),0.8,63,3
M4 deriva del taller,6,61,MC sin variables (empírico),0.85,64,2
M4 deriva del taller,6,61,MC sin variables (empírico),0.9,65,1
M4 deriva del taller,6,61,MC sin variables (empírico),0.93,67,0
M4 deriva del taller,6,61,MC sin variables (empírico),0.95,68,0
M4 deriva del taller,6,61,MC sin variables (empírico),0.97,69,0
M4 deriva del taller,4,64,A0 criterio del cotizador,0.0,64,0
M4 deriva del taller,4,64,B colchón fijo,0.0,60,4
M4 deriva del taller,4,64,B colchón fijo,1.0,62,2
M4 deriva del taller,4,64,B colchón fijo,2.0,63,1
M4 deriva del taller,4,64,B colchón fijo,3.0,64,0
M4 deriva del taller,4,64,B colchón fijo,4.0,65,0
M4 deriva del taller,4,64,B colchón fijo,6.0,67,0
M4 deriva del taller,4,64,B colchón fijo,8.0,70,0
M4 deriva del taller,4,64,B colchón fijo,10.0,72,0
M4 deriva del taller,4,64,B colchón fijo,12.0,74,0
M4 deriva del taller,4,64,B colchón fijo,15.0,78,0
M4 deriva del taller,4,64,MC completo,0.5,62,2
M4 deriva del taller,4,64,MC completo,0.6,63,1
M4 deriva del taller,4,64,MC completo,0.7,65,0
M4 deriva del taller,4,64,MC completo,0.8,67,0
M4 deriva del taller,4,64,MC completo,0.85,69,0
M4 deriva del taller,4,64,MC completo,0.9,70,0
M4 deriva del taller,4,64,MC completo,0.93,71,0
M4 deriva del taller,4,64,MC completo,0.95,72,0
M4 deriva del taller,4,64,MC completo,0.97,73,0
M4 deriva del taller,4,64,MC sin conformal,0.5,62,2
M4 deriva del taller,4,64,MC sin conformal,0.6,63,1
M4 deriva del taller,4,64,MC sin conformal,0.7,65,0
M4 deriva del taller,4,64,MC sin conformal,0.8,67,0
M4 deriva del taller,4,64,MC sin conformal,0.85,69,0
M4 deriva del taller,4,64,MC sin conformal,0.9,70,0
M4 deriva del taller,4,64,MC sin conformal,0.93,71,0
M4 deriva del taller,4,64,MC sin conformal,0.95,72,0
M4 deriva del taller,4,64,MC sin conformal,0.97,73,0
M4 deriva del taller,4,64,MC sin disponibilidad,0.5,62,2
M4 deriva del taller,4,64,MC sin disponibilidad,0.6,63,1
M4 deriva del taller,4,64,MC sin disponibilidad,0.7,64,0
M4 deriva del taller,4,64,MC sin disponibilidad,0.8,66,0
M4 deriva del taller,4,64,MC sin disponibilidad,0.85,67,0
M4 deriva del taller,4,64,MC sin disponibilidad,0.9,69,0
M4 deriva del taller,4,64,MC sin disponibilidad,0.93,70,0
M4 deriva del taller,4,64,MC sin disponibilidad,0.95,71,0
M4 deriva del taller,4,64,MC sin disponibilidad,0.97,72,0
M4 deriva del taller,4,64,MC sin carga del taller,0.5,62,2
M4 deriva del taller,4,64,MC sin carga del taller,0.6,63,1
M4 deriva del taller,4,64,MC sin carga del taller,0.7,65,0
M4 deriva del taller,4,64,MC sin carga del taller,0.8,67,0
M4 deriva del taller,4,64,MC sin carga del taller,0.85,69,0
M4 deriva del taller,4,64,MC sin carga del taller,0.9,70,0
M4 deriva del taller,4,64,MC sin carga del taller,0.93,71,0
M4 deriva del taller,4,64,MC sin carga del taller,0.95,72,0
M4 deriva del taller,4,64,MC sin carga del taller,0.97,73,0
M4 deriva del taller,4,64,MC con rho = 0,0.5,62,2
M4 deriva del taller,4,64,MC con rho = 0,0.6,63,1
M4 deriva del taller,4,64,MC con rho = 0,0.7,64,0
M4 deriva del taller,4,64,MC con rho = 0,0.8,66,0
M4 deriva del taller,4,64,MC con rho = 0,0.85,66,0
M4 deriva del taller,4,64,MC con rho = 0,0.9,67,0
M4 deriva del taller,4,64,MC con rho = 0,0.93,69,0
M4 deriva del taller,4,64,MC con rho = 0,0.95,69,0
M4 deriva del taller,4,64,MC con rho = 0,0.97,71,0
M4 deriva del taller,4,64,MC sin variables (empírico),0.5,62,2
M4 deriva del taller,4,64,MC sin variables (empírico),0.6,63,1
M4 deriva del taller,4,64,MC sin variables (empírico),0.7,65,0
M4 deriva del taller,4,64,MC sin variables (empírico),0.8,67,0
M4 deriva del taller,4,64,MC sin variables (empírico),0.85,69,0
M4 deriva del taller,4,64,MC sin variables (empírico),0.9,70,0
M4 deriva del taller,4,64,MC sin variables (empírico),0.93,71,0
M4 deriva del taller,4,64,MC sin variables (empírico),0.95,72,0
M4 deriva del taller,4,64,MC sin variables (empírico),0.97,73,0
M4 deriva del taller,7,61,A0 criterio del cotizador,0.0,61,0
M4 deriva del taller,7,61,B colchón fijo,0.0,60,1
M4 deriva del taller,7,61,B colchón fijo,1.0,61,0
M4 deriva del taller,7,61,B colchón fijo,2.0,63,0
M4 deriva del taller,7,61,B colchón fijo,3.0,64,0
M4 deriva del taller,7,61,B colchón fijo,4.0,65,0
M4 deriva del taller,7,61,B colchón fijo,6.0,67,0
M4 deriva del taller,7,61,B colchón fijo,8.0,70,0
M4 deriva del taller,7,61,B colchón fijo,10.0,72,0
M4 deriva del taller,7,61,B colchón fijo,12.0,74,0
M4 deriva del taller,7,61,B colchón fijo,15.0,78,0
M4 deriva del taller,7,61,MC completo,0.5,63,0
M4 deriva del taller,7,61,MC completo,0.6,64,0
M4 deriva del taller,7,61,MC completo,0.7,66,0
M4 deriva del taller,7,61,MC completo,0.8,67,0
M4 deriva del taller,7,61,MC completo,0.85,68,0
M4 deriva del taller,7,61,MC completo,0.9,70,0
M4 deriva del taller,7,61,MC completo,0.93,71,0
M4 deriva del taller,7,61,MC completo,0.95,71,0
M4 deriva del taller,7,61,MC completo,0.97,73,0
M4 deriva del taller,7,61,MC sin conformal,0.5,63,0
M4 deriva del taller,7,61,MC sin conformal,0.6,64,0
M4 deriva del taller,7,61,MC sin conformal,0.7,66,0
M4 deriva del taller,7,61,MC sin conformal,0.8,67,0
M4 deriva del taller,7,61,MC sin conformal,0.85,68,0
M4 deriva del taller,7,61,MC sin conformal,0.9,70,0
M4 deriva del taller,7,61,MC sin conformal,0.93,71,0
M4 deriva del taller,7,61,MC sin conformal,0.95,71,0
M4 deriva del taller,7,61,MC sin conformal,0.97,73,0
M4 deriva del taller,7,61,MC sin disponibilidad,0.5,63,0
M4 deriva del taller,7,61,MC sin disponibilidad,0.6,64,0
M4 deriva del taller,7,61,MC sin disponibilidad,0.7,65,0
M4 deriva del taller,7,61,MC sin disponibilidad,0.8,66,0
M4 deriva del taller,7,61,MC sin disponibilidad,0.85,67,0
M4 deriva del taller,7,61,MC sin disponibilidad,0.9,68,0
M4 deriva del taller,7,61,MC sin disponibilidad,0.93,70,0
M4 deriva del taller,7,61,MC sin disponibilidad,0.95,70,0
M4 deriva del taller,7,61,MC sin disponibilidad,0.97,71,0
M4 deriva del taller,7,61,MC sin carga del taller,0.5,63,0
M4 deriva del taller,7,61,MC sin carga del taller,0.6,64,0
M4 deriva del taller,7,61,MC sin carga del taller,0.7,66,0
M4 deriva del taller,7,61,MC sin carga del taller,0.8,67,0
M4 deriva del taller,7,61,MC sin carga del taller,0.85,68,0
M4 deriva del taller,7,61,MC sin carga del taller,0.9,70,0
M4 deriva del taller,7,61,MC sin carga del taller,0.93,71,0
M4 deriva del taller,7,61,MC sin carga del taller,0.95,71,0
M4 deriva del taller,7,61,MC sin carga del taller,0.97,73,0
M4 deriva del taller,7,61,MC con rho = 0,0.5,63,0
M4 deriva del taller,7,61,MC con rho = 0,0.6,64,0
M4 deriva del taller,7,61,MC con rho = 0,0.7,65,0
M4 deriva del taller,7,61,MC con rho = 0,0.8,66,0
M4 deriva del taller,7,61,MC con rho = 0,0.85,67,0
M4 deriva del taller,7,61,MC con rho = 0,0.9,68,0
M4 deriva del taller,7,61,MC con rho = 0,0.93,68,0
M4 deriva del taller,7,61,MC con rho = 0,0.95,70,0
M4 deriva del taller,7,61,MC con rho = 0,0.97,71,0
M4 deriva del taller,7,61,MC sin variables (empírico),0.5,63,0
M4 deriva del taller,7,61,MC sin variables (empírico),0.6,64,0
M4 deriva del taller,7,61,MC sin variables (empírico),0.7,66,0
M4 deriva del taller,7,61,MC sin variables (empírico),0.8,67,0
M4 deriva del taller,7,61,MC sin variables (empírico),0.85,68,0
M4 deriva del taller,7,61,MC sin variables (empírico),0.9,70,0
M4 deriva del taller,7,61,MC sin variables (empírico),0.93,71,0
M4 deriva del taller,7,61,MC sin variables (empírico),0.95,71,0
M4 deriva del taller,7,61,MC sin variables (empírico),0.97,73,0
M4 deriva del taller,13,66,A0 criterio del cotizador,0.0,66,0
M4 deriva del taller,13,66,B colchón fijo,0.0,65,0
M4 deriva del taller,13,66,B colchón fijo,1.0,67,0
M4 deriva del taller,13,66,B colchón fijo,2.0,68,0
M4 deriva del taller,13,66,B colchón fijo,3.0,69,0
M4 deriva del taller,13,66,B colchón fijo,4.0,70,0
M4 deriva del taller,13,66,B colchón fijo,6.0,72,0
M4 deriva del taller,13,66,B colchón fijo,8.0,75,0
M4 deriva del taller,13,66,B colchón fijo,10.0,77,0
M4 deriva del taller,13,66,B colchón fijo,12.0,79,0
M4 deriva del taller,13,66,B colchón fijo,15.0,83,0
M4 deriva del taller,13,66,MC completo,0.5,69,0
M4 deriva del taller,13,66,MC completo,0.6,70,0
M4 deriva del taller,13,66,MC completo,0.7,72,0
M4 deriva del taller,13,66,MC completo,0.8,75,0
M4 deriva del taller,13,66,MC completo,0.85,76,0
M4 deriva del taller,13,66,MC completo,0.9,77,0
M4 deriva del taller,13,66,MC completo,0.93,78,0
M4 deriva del taller,13,66,MC completo,0.95,79,0
M4 deriva del taller,13,66,MC completo,0.97,81,0
M4 deriva del taller,13,66,MC sin conformal,0.5,69,0
M4 deriva del taller,13,66,MC sin conformal,0.6,70,0
M4 deriva del taller,13,66,MC sin conformal,0.7,71,0
M4 deriva del taller,13,66,MC sin conformal,0.8,74,0
M4 deriva del taller,13,66,MC sin conformal,0.85,75,0
M4 deriva del taller,13,66,MC sin conformal,0.9,76,0
M4 deriva del taller,13,66,MC sin conformal,0.93,77,0
M4 deriva del taller,13,66,MC sin conformal,0.95,78,0
M4 deriva del taller,13,66,MC sin conformal,0.97,79,0
M4 deriva del taller,13,66,MC sin disponibilidad,0.5,68,0
M4 deriva del taller,13,66,MC sin disponibilidad,0.6,70,0
M4 deriva del taller,13,66,MC sin disponibilidad,0.7,71,0
M4 deriva del taller,13,66,MC sin disponibilidad,0.8,74,0
M4 deriva del taller,13,66,MC sin disponibilidad,0.85,75,0
M4 deriva del taller,13,66,MC sin disponibilidad,0.9,76,0
M4 deriva del taller,13,66,MC sin disponibilidad,0.93,77,0
M4 deriva del taller,13,66,MC sin disponibilidad,0.95,77,0
M4 deriva del taller,13,66,MC sin disponibilidad,0.97,79,0
M4 deriva del taller,13,66,MC sin carga del taller,0.5,69,0
M4 deriva del taller,13,66,MC sin carga del taller,0.6,70,0
M4 deriva del taller,13,66,MC sin carga del taller,0.7,72,0
M4 deriva del taller,13,66,MC sin carga del taller,0.8,75,0
M4 deriva del taller,13,66,MC sin carga del taller,0.85,76,0
M4 deriva del taller,13,66,MC sin carga del taller,0.9,77,0
M4 deriva del taller,13,66,MC sin carga del taller,0.93,78,0
M4 deriva del taller,13,66,MC sin carga del taller,0.95,79,0
M4 deriva del taller,13,66,MC sin carga del taller,0.97,81,0
M4 deriva del taller,13,66,MC con rho = 0,0.5,69,0
M4 deriva del taller,13,66,MC con rho = 0,0.6,70,0
M4 deriva del taller,13,66,MC con rho = 0,0.7,71,0
M4 deriva del taller,13,66,MC con rho = 0,0.8,72,0
M4 deriva del taller,13,66,MC con rho = 0,0.85,74,0
M4 deriva del taller,13,66,MC con rho = 0,0.9,75,0
M4 deriva del taller,13,66,MC con rho = 0,0.93,76,0
M4 deriva del taller,13,66,MC con rho = 0,0.95,77,0
M4 deriva del taller,13,66,MC con rho = 0,0.97,77,0
M4 deriva del taller,13,66,MC sin variables (empírico),0.5,67,0
M4 deriva del taller,13,66,MC sin variables (empírico),0.6,68,0
M4 deriva del taller,13,66,MC sin variables (empírico),0.7,69,0
M4 deriva del taller,13,66,MC sin variables (empírico),0.8,70,0
M4 deriva del taller,13,66,MC sin variables (empírico),0.85,71,0
M4 deriva del taller,13,66,MC sin variables (empírico),0.9,72,0
M4 deriva del taller,13,66,MC sin variables (empírico),0.93,74,0
M4 deriva del taller,13,66,MC sin variables (empírico),0.95,74,0
M4 deriva del taller,13,66,MC sin variables (empírico),0.97,75,0
M4 deriva del taller,8,70,A0 criterio del cotizador,0.0,70,0
M4 deriva del taller,8,70,B colchón fijo,0.0,61,7
M4 deriva del taller,8,70,B colchón fijo,1.0,63,5
M4 deriva del taller,8,70,B colchón fijo,2.0,64,4
M4 deriva del taller,8,70,B colchón fijo,3.0,65,3
M4 deriva del taller,8,70,B colchón fijo,4.0,66,2
M4 deriva del taller,8,70,B colchón fijo,6.0,68,0
M4 deriva del taller,8,70,B colchón fijo,8.0,71,0
M4 deriva del taller,8,70,B colchón fijo,10.0,73,0
M4 deriva del taller,8,70,B colchón fijo,12.0,75,0
M4 deriva del taller,8,70,B colchón fijo,15.0,79,0
M4 deriva del taller,8,70,MC completo,0.5,66,2
M4 deriva del taller,8,70,MC completo,0.6,68,0
M4 deriva del taller,8,70,MC completo,0.7,70,0
M4 deriva del taller,8,70,MC completo,0.8,72,0
M4 deriva del taller,8,70,MC completo,0.85,73,0
M4 deriva del taller,8,70,MC completo,0.9,74,0
M4 deriva del taller,8,70,MC completo,0.93,75,0
M4 deriva del taller,8,70,MC completo,0.95,75,0
M4 deriva del taller,8,70,MC completo,0.97,77,0
M4 deriva del taller,8,70,MC sin conformal,0.5,66,2
M4 deriva del taller,8,70,MC sin conformal,0.6,67,1
M4 deriva del taller,8,70,MC sin conformal,0.7,68,0
M4 deriva del taller,8,70,MC sin conformal,0.8,71,0
M4 deriva del taller,8,70,MC sin conformal,0.85,72,0
M4 deriva del taller,8,70,MC sin conformal,0.9,73,0
M4 deriva del taller,8,70,MC sin conformal,0.93,74,0
M4 deriva del taller,8,70,MC sin conformal,0.95,74,0
M4 deriva del taller,8,70,MC sin conformal,0.97,75,0
M4 deriva del taller,8,70,MC sin disponibilidad,0.5,66,2
M4 deriva del taller,8,70,MC sin disponibilidad,0.6,67,1
M4 deriva del taller,8,70,MC sin disponibilidad,0.7,68,0
M4 deriva del taller,8,70,MC sin disponibilidad,0.8,71,0
M4 deriva del taller,8,70,MC sin disponibilidad,0.85,72,0
M4 deriva del taller,8,70,MC sin disponibilidad,0.9,73,0
M4 deriva del taller,8,70,MC sin disponibilidad,0.93,74,0
M4 deriva del taller,8,70,MC sin disponibilidad,0.95,75,0
M4 deriva del taller,8,70,MC sin disponibilidad,0.97,75,0
M4 deriva del taller,8,70,MC sin carga del taller,0.5,65,3
M4 deriva del taller,8,70,MC sin carga del taller,0.6,66,2
M4 deriva del taller,8,70,MC sin carga del taller,0.7,67,1
M4 deriva del taller,8,70,MC sin carga del taller,0.8,70,0
M4 deriva del taller,8,70,MC sin carga del taller,0.85,71,0
M4 deriva del taller,8,70,MC sin carga del taller,0.9,72,0
M4 deriva del taller,8,70,MC sin carga del taller,0.93,73,0
M4 deriva del taller,8,70,MC sin carga del taller,0.95,73,0
M4 deriva del taller,8,70,MC sin carga del taller,0.97,74,0
M4 deriva del taller,8,70,MC con rho = 0,0.5,67,1
M4 deriva del taller,8,70,MC con rho = 0,0.6,67,1
M4 deriva del taller,8,70,MC con rho = 0,0.7,68,0
M4 deriva del taller,8,70,MC con rho = 0,0.8,71,0
M4 deriva del taller,8,70,MC con rho = 0,0.85,71,0
M4 deriva del taller,8,70,MC con rho = 0,0.9,72,0
M4 deriva del taller,8,70,MC con rho = 0,0.93,73,0
M4 deriva del taller,8,70,MC con rho = 0,0.95,74,0
M4 deriva del taller,8,70,MC con rho = 0,0.97,75,0
M4 deriva del taller,8,70,MC sin variables (empírico),0.5,72,0
M4 deriva del taller,8,70,MC sin variables (empírico),0.6,73,0
M4 deriva del taller,8,70,MC sin variables (empírico),0.7,74,0
M4 deriva del taller,8,70,MC sin variables (empírico),0.8,77,0
M4 deriva del taller,8,70,MC sin variables (empírico),0.85,78,0
M4 deriva del taller,8,70,MC sin variables (empírico),0.9,79,0
M4 deriva del taller,8,70,MC sin variables (empírico),0.93,80,0
M4 deriva del taller,8,70,MC sin variables (empírico),0.95,81,0
M4 deriva del taller,8,70,MC sin variables (empírico),0.97,81,0
M4 deriva del taller,9,62,A0 criterio del cotizador,0.0,62,0
M4 deriva del taller,9,62,B colchón fijo,0.0,61,0
M4 deriva del taller,9,62,B colchón fijo,1.0,62,0
M4 deriva del taller,9,62,B colchón fijo,2.0,63,0
M4 deriva del taller,9,62,B colchón fijo,3.0,64,0
M4 deriva del taller,9,62,B colchón fijo,4.0,65,0
M4 deriva del taller,9,62,B colchón fijo,6.0,68,0
M4 deriva del taller,9,62,B colchón fijo,8.0,70,0
M4 deriva del taller,9,62,B colchón fijo,10.0,72,0
M4 deriva del taller,9,62,B colchón fijo,12.0,75,0
M4 deriva del taller,9,62,B colchón fijo,15.0,78,0
M4 deriva del taller,9,62,MC completo,0.5,65,0
M4 deriva del taller,9,62,MC completo,0.6,66,0
M4 deriva del taller,9,62,MC completo,0.7,68,0
M4 deriva del taller,9,62,MC completo,0.8,70,0
M4 deriva del taller,9,62,MC completo,0.85,70,0
M4 deriva del taller,9,62,MC completo,0.9,72,0
M4 deriva del taller,9,62,MC completo,0.93,72,0
M4 deriva del taller,9,62,MC completo,0.95,75,0
M4 deriva del taller,9,62,MC completo,0.97,76,0
M4 deriva del taller,9,62,MC sin conformal,0.5,65,0
M4 deriva del taller,9,62,MC sin conformal,0.6,66,0
M4 deriva del taller,9,62,MC sin conformal,0.7,68,0
M4 deriva del taller,9,62,MC sin conformal,0.8,69,0
M4 deriva del taller,9,62,MC sin conformal,0.85,70,0
M4 deriva del taller,9,62,MC sin conformal,0.9,71,0
M4 deriva del taller,9,62,MC sin conformal,0.93,72,0
M4 deriva del taller,9,62,MC sin conformal,0.95,73,0
M4 deriva del taller,9,62,MC sin conformal,0.97,76,0
M4 deriva del taller,9,62,MC sin disponibilidad,0.5,64,0
M4 deriva del taller,9,62,MC sin disponibilidad,0.6,65,0
M4 deriva del taller,9,62,MC sin disponibilidad,0.7,68,0
M4 deriva del taller,9,62,MC sin disponibilidad,0.8,69,0
M4 deriva del taller,9,62,MC sin disponibilidad,0.85,70,0
M4 deriva del taller,9,62,MC sin disponibilidad,0.9,71,0
M4 deriva del taller,9,62,MC sin disponibilidad,0.93,72,0
M4 deriva del taller,9,62,MC sin disponibilidad,0.95,73,0
M4 deriva del taller,9,62,MC sin disponibilidad,0.97,75,0
M4 deriva del taller,9,62,MC sin carga del taller,0.5,65,0
M4 deriva del taller,9,62,MC sin carga del taller,0.6,66,0
M4 deriva del taller,9,62,MC sin carga del taller,0.7,68,0
M4 deriva del taller,9,62,MC sin carga del taller,0.8,70,0
M4 deriva del taller,9,62,MC sin carga del taller,0.85,70,0
M4 deriva del taller,9,62,MC sin carga del taller,0.9,72,0
M4 deriva del taller,9,62,MC sin carga del taller,0.93,72,0
M4 deriva del taller,9,62,MC sin carga del taller,0.95,75,0
M4 deriva del taller,9,62,MC sin carga del taller,0.97,76,0
M4 deriva del taller,9,62,MC con rho = 0,0.5,65,0
M4 deriva del taller,9,62,MC con rho = 0,0.6,66,0
M4 deriva del taller,9,62,MC con rho = 0,0.7,68,0
M4 deriva del taller,9,62,MC con rho = 0,0.8,69,0
M4 deriva del taller,9,62,MC con rho = 0,0.85,70,0
M4 deriva del taller,9,62,MC con rho = 0,0.9,71,0
M4 deriva del taller,9,62,MC con rho = 0,0.93,72,0
M4 deriva del taller,9,62,MC con rho = 0,0.95,73,0
M4 deriva del taller,9,62,MC con rho = 0,0.97,73,0
M4 deriva del taller,9,62,MC sin variables (empírico),0.5,63,0
M4 deriva del taller,9,62,MC sin variables (empírico),0.6,64,0
M4 deriva del taller,9,62,MC sin variables (empírico),0.7,65,0
M4 deriva del taller,9,62,MC sin variables (empírico),0.8,66,0
M4 deriva del taller,9,62,MC sin variables (empírico),0.85,68,0
M4 deriva del taller,9,62,MC sin variables (empírico),0.9,69,0
M4 deriva del taller,9,62,MC sin variables (empírico),0.93,69,0
M4 deriva del taller,9,62,MC sin variables (empírico),0.95,70,0
M4 deriva del taller,9,62,MC sin variables (empírico),0.97,72,0
M4 deriva del taller,11,47,A0 criterio del cotizador,0.0,47,0
M4 deriva del taller,11,47,B colchón fijo,0.0,44,3
M4 deriva del taller,11,47,B colchón fijo,1.0,46,1
M4 deriva del taller,11,47,B colchón fijo,2.0,47,0
M4 deriva del taller,11,47,B colchón fijo,3.0,48,0
M4 deriva del taller,11,47,B colchón fijo,4.0,49,0
M4 deriva del taller,11,47,B colchón fijo,6.0,51,0
M4 deriva del taller,11,47,B colchón fijo,8.0,54,0
M4 deriva del taller,11,47,B colchón fijo,10.0,56,0
M4 deriva del taller,11,47,B colchón fijo,12.0,58,0
M4 deriva del taller,11,47,B colchón fijo,15.0,62,0
M4 deriva del taller,11,47,MC completo,0.5,44,3
M4 deriva del taller,11,47,MC completo,0.6,44,3
M4 deriva del taller,11,47,MC completo,0.7,46,1
M4 deriva del taller,11,47,MC completo,0.8,47,0
M4 deriva del taller,11,47,MC completo,0.85,47,0
M4 deriva del taller,11,47,MC completo,0.9,48,0
M4 deriva del taller,11,47,MC completo,0.93,48,0
M4 deriva del taller,11,47,MC completo,0.95,49,0
M4 deriva del taller,11,47,MC completo,0.97,49,0
M4 deriva del taller,11,47,MC sin conformal,0.5,44,3
M4 deriva del taller,11,47,MC sin conformal,0.6,44,3
M4 deriva del taller,11,47,MC sin conformal,0.7,46,1
M4 deriva del taller,11,47,MC sin conformal,0.8,47,0
M4 deriva del taller,11,47,MC sin conformal,0.85,47,0
M4 deriva del taller,11,47,MC sin conformal,0.9,48,0
M4 deriva del taller,11,47,MC sin conformal,0.93,48,0
M4 deriva del taller,11,47,MC sin conformal,0.95,49,0
M4 deriva del taller,11,47,MC sin conformal,0.97,49,0
M4 deriva del taller,11,47,MC sin disponibilidad,0.5,43,4
M4 deriva del taller,11,47,MC sin disponibilidad,0.6,44,3
M4 deriva del taller,11,47,MC sin disponibilidad,0.7,44,3
M4 deriva del taller,11,47,MC sin disponibilidad,0.8,46,1
M4 deriva del taller,11,47,MC sin disponibilidad,0.85,47,0
M4 deriva del taller,11,47,MC sin disponibilidad,0.9,47,0
M4 deriva del taller,11,47,MC sin disponibilidad,0.93,48,0
M4 deriva del taller,11,47,MC sin disponibilidad,0.95,48,0
M4 deriva del taller,11,47,MC sin disponibilidad,0.97,49,0
M4 deriva del taller,11,47,MC sin carga del taller,0.5,43,4
M4 deriva del taller,11,47,MC sin carga del taller,0.6,43,4
M4 deriva del taller,11,47,MC sin carga del taller,0.7,44,3
M4 deriva del taller,11,47,MC sin carga del taller,0.8,46,1
M4 deriva del taller,11,47,MC sin carga del taller,0.85,46,1
M4 deriva del taller,11,47,MC sin carga del taller,0.9,47,0
M4 deriva del taller,11,47,MC sin carga del taller,0.93,47,0
M4 deriva del taller,11,47,MC sin carga del taller,0.95,48,0
M4 deriva del taller,11,47,MC sin carga del taller,0.97,48,0
M4 deriva del taller,11,47,MC con rho = 0,0.5,44,3
M4 deriva del taller,11,47,MC con rho = 0,0.6,44,3
M4 deriva del taller,11,47,MC con rho = 0,0.7,46,1
M4 deriva del taller,11,47,MC con rho = 0,0.8,47,0
M4 deriva del taller,11,47,MC con rho = 0,0.85,47,0
M4 deriva del taller,11,47,MC con rho = 0,0.9,48,0
M4 deriva del taller,11,47,MC con rho = 0,0.93,48,0
M4 deriva del taller,11,47,MC con rho = 0,0.95,48,0
M4 deriva del taller,11,47,MC con rho = 0,0.97,49,0
M4 deriva del taller,11,47,MC sin variables (empírico),0.5,44,3
M4 deriva del taller,11,47,MC sin variables (empírico),0.6,44,3
M4 deriva del taller,11,47,MC sin variables (empírico),0.7,46,1
M4 deriva del taller,11,47,MC sin variables (empírico),0.8,47,0
M4 deriva del taller,11,47,MC sin variables (empírico),0.85,47,0
M4 deriva del taller,11,47,MC sin variables (empírico),0.9,48,0
M4 deriva del taller,11,47,MC sin variables (empírico),0.93,49,0
M4 deriva del taller,11,47,MC sin variables (empírico),0.95,49,0
M4 deriva del taller,11,47,MC sin variables (empírico),0.97,50,0
M4 deriva del taller,14,62,A0 criterio del cotizador,0.0,62,0
M4 deriva del taller,14,62,B colchón fijo,0.0,63,0
M4 deriva del taller,14,62,B colchón fijo,1.0,64,0
M4 deriva del taller,14,62,B colchón fijo,2.0,65,0
M4 deriva del taller,14,62,B colchón fijo,3.0,67,0
M4 deriva del taller,14,62,B colchón fijo,4.0,68,0
M4 deriva del taller,14,62,B colchón fijo,6.0,70,0
M4 deriva del taller,14,62,B colchón fijo,8.0,72,0
M4 deriva del taller,14,62,B colchón fijo,10.0,75,0
M4 deriva del taller,14,62,B colchón fijo,12.0,77,0
M4 deriva del taller,14,62,B colchón fijo,15.0,81,0
M4 deriva del taller,14,62,MC completo,0.5,67,0
M4 deriva del taller,14,62,MC completo,0.6,68,0
M4 deriva del taller,14,62,MC completo,0.7,69,0
M4 deriva del taller,14,62,MC completo,0.8,71,0
M4 deriva del taller,14,62,MC completo,0.85,72,0
M4 deriva del taller,14,62,MC completo,0.9,72,0
M4 deriva del taller,14,62,MC completo,0.93,74,0
M4 deriva del taller,14,62,MC completo,0.95,75,0
M4 deriva del taller,14,62,MC completo,0.97,76,0
M4 deriva del taller,14,62,MC sin conformal,0.5,65,0
M4 deriva del taller,14,62,MC sin conformal,0.6,68,0
M4 deriva del taller,14,62,MC sin conformal,0.7,69,0
M4 deriva del taller,14,62,MC sin conformal,0.8,70,0
M4 deriva del taller,14,62,MC sin conformal,0.85,71,0
M4 deriva del taller,14,62,MC sin conformal,0.9,72,0
M4 deriva del taller,14,62,MC sin conformal,0.93,74,0
M4 deriva del taller,14,62,MC sin conformal,0.95,74,0
M4 deriva del taller,14,62,MC sin conformal,0.97,76,0
M4 deriva del taller,14,62,MC sin disponibilidad,0.5,65,0
M4 deriva del taller,14,62,MC sin disponibilidad,0.6,67,0
M4 deriva del taller,14,62,MC sin disponibilidad,0.7,69,0
M4 deriva del taller,14,62,MC sin disponibilidad,0.8,70,0
M4 deriva del taller,14,62,MC sin disponibilidad,0.85,71,0
M4 deriva del taller,14,62,MC sin disponibilidad,0.9,72,0
M4 deriva del taller,14,62,MC sin disponibilidad,0.93,74,0
M4 deriva del taller,14,62,MC sin disponibilidad,0.95,74,0
M4 deriva del taller,14,62,MC sin disponibilidad,0.97,75,0
M4 deriva del taller,14,62,MC sin carga del taller,0.5,67,0
M4 deriva del taller,14,62,MC sin carga del taller,0.6,68,0
M4 deriva del taller,14,62,MC sin carga del taller,0.7,69,0
M4 deriva del taller,14,62,MC sin carga del taller,0.8,71,0
M4 deriva del taller,14,62,MC sin carga del taller,0.85,72,0
M4 deriva del taller,14,62,MC sin carga del taller,0.9,72,0
M4 deriva del taller,14,62,MC sin carga del taller,0.93,74,0
M4 deriva del taller,14,62,MC sin carga del taller,0.95,75,0
M4 deriva del taller,14,62,MC sin carga del taller,0.97,76,0
M4 deriva del taller,14,62,MC con rho = 0,0.5,67,0
M4 deriva del taller,14,62,MC con rho = 0,0.6,68,0
M4 deriva del taller,14,62,MC con rho = 0,0.7,69,0
M4 deriva del taller,14,62,MC con rho = 0,0.8,70,0
M4 deriva del taller,14,62,MC con rho = 0,0.85,71,0
M4 deriva del taller,14,62,MC con rho = 0,0.9,71,0
M4 deriva del taller,14,62,MC con rho = 0,0.93,72,0
M4 deriva del taller,14,62,MC con rho = 0,0.95,74,0
M4 deriva del taller,14,62,MC con rho = 0,0.97,75,0
M4 deriva del taller,14,62,MC sin variables (empírico),0.5,63,0
M4 deriva del taller,14,62,MC sin variables (empírico),0.6,64,0
M4 deriva del taller,14,62,MC sin variables (empírico),0.7,65,0
M4 deriva del taller,14,62,MC sin variables (empírico),0.8,67,0
M4 deriva del taller,14,62,MC sin variables (empírico),0.85,68,0
M4 deriva del taller,14,62,MC sin variables (empírico),0.9,69,0
M4 deriva del taller,14,62,MC sin variables (empírico),0.93,70,0
M4 deriva del taller,14,62,MC sin variables (empírico),0.95,70,0
M4 deriva del taller,14,62,MC sin variables (empírico),0.97,71,0
M4 deriva del taller,10,52,A0 criterio del cotizador,0.0,52,0
M4 deriva del taller,10,52,B colchón fijo,0.0,48,4
M4 deriva del taller,10,52,B colchón fijo,1.0,49,3
M4 deriva del taller,10,52,B colchón fijo,2.0,50,2
M4 deriva del taller,10,52,B colchón fijo,3.0,51,1
M4 deriva del taller,10,52,B colchón fijo,4.0,53,0
M4 deriva del taller,10,52,B colchón fijo,6.0,55,0
M4 deriva del taller,10,52,B colchón fijo,8.0,57,0
M4 deriva del taller,10,52,B colchón fijo,10.0,60,0
M4 deriva del taller,10,52,B colchón fijo,12.0,62,0
M4 deriva del taller,10,52,B colchón fijo,15.0,65,0
M4 deriva del taller,10,52,MC completo,0.5,49,3
M4 deriva del taller,10,52,MC completo,0.6,50,2
M4 deriva del taller,10,52,MC completo,0.7,50,2
M4 deriva del taller,10,52,MC completo,0.8,51,1
M4 deriva del taller,10,52,MC completo,0.85,53,0
M4 deriva del taller,10,52,MC completo,0.9,54,0
M4 deriva del taller,10,52,MC completo,0.93,54,0
M4 deriva del taller,10,52,MC completo,0.95,55,0
M4 deriva del taller,10,52,MC completo,0.97,56,0
M4 deriva del taller,10,52,MC sin conformal,0.5,49,3
M4 deriva del taller,10,52,MC sin conformal,0.6,49,3
M4 deriva del taller,10,52,MC sin conformal,0.7,50,2
M4 deriva del taller,10,52,MC sin conformal,0.8,51,1
M4 deriva del taller,10,52,MC sin conformal,0.85,53,0
M4 deriva del taller,10,52,MC sin conformal,0.9,53,0
M4 deriva del taller,10,52,MC sin conformal,0.93,54,0
M4 deriva del taller,10,52,MC sin conformal,0.95,54,0
M4 deriva del taller,10,52,MC sin conformal,0.97,55,0
M4 deriva del taller,10,52,MC sin disponibilidad,0.5,48,4
M4 deriva del taller,10,52,MC sin disponibilidad,0.6,49,3
M4 deriva del taller,10,52,MC sin disponibilidad,0.7,50,2
M4 deriva del taller,10,52,MC sin disponibilidad,0.8,51,1
M4 deriva del taller,10,52,MC sin disponibilidad,0.85,51,1
M4 deriva del taller,10,52,MC sin disponibilidad,0.9,53,0
M4 deriva del taller,10,52,MC sin disponibilidad,0.93,54,0
M4 deriva del taller,10,52,MC sin disponibilidad,0.95,54,0
M4 deriva del taller,10,52,MC sin disponibilidad,0.97,55,0
M4 deriva del taller,10,52,MC sin carga del taller,0.5,48,4
M4 deriva del taller,10,52,MC sin carga del taller,0.6,49,3
M4 deriva del taller,10,52,MC sin carga del taller,0.7,49,3
M4 deriva del taller,10,52,MC sin carga del taller,0.8,50,2
M4 deriva del taller,10,52,MC sin carga del taller,0.85,51,1
M4 deriva del taller,10,52,MC sin carga del taller,0.9,53,0
M4 deriva del taller,10,52,MC sin carga del taller,0.93,53,0
M4 deriva del taller,10,52,MC sin carga del taller,0.95,54,0
M4 deriva del taller,10,52,MC sin carga del taller,0.97,54,0
M4 deriva del taller,10,52,MC con rho = 0,0.5,49,3
M4 deriva del taller,10,52,MC con rho = 0,0.6,50,2
M4 deriva del taller,10,52,MC con rho = 0,0.7,50,2
M4 deriva del taller,10,52,MC con rho = 0,0.8,51,1
M4 deriva del taller,10,52,MC con rho = 0,0.85,51,1
M4 deriva del taller,10,52,MC con rho = 0,0.9,53,0
M4 deriva del taller,10,52,MC con rho = 0,0.93,54,0
M4 deriva del taller,10,52,MC con rho = 0,0.95,54,0
M4 deriva del taller,10,52,MC con rho = 0,0.97,55,0
M4 deriva del taller,10,52,MC sin variables (empírico),0.5,48,4
M4 deriva del taller,10,52,MC sin variables (empírico),0.6,49,3
M4 deriva del taller,10,52,MC sin variables (empírico),0.7,49,3
M4 deriva del taller,10,52,MC sin variables (empírico),0.8,50,2
M4 deriva del taller,10,52,MC sin variables (empírico),0.85,51,1
M4 deriva del taller,10,52,MC sin variables (empírico),0.9,53,0
M4 deriva del taller,10,52,MC sin variables (empírico),0.93,53,0
M4 deriva del taller,10,52,MC sin variables (empírico),0.95,54,0
M4 deriva del taller,10,52,MC sin variables (empírico),0.97,55,0
M4 deriva del taller,12,66,A0 criterio del cotizador,0.0,66,4
M4 deriva del taller,12,66,B colchón fijo,0.0,69,1
M4 deriva del taller,12,66,B colchón fijo,1.0,70,0
M4 deriva del taller,12,66,B colchón fijo,2.0,72,0
M4 deriva del taller,12,66,B colchón fijo,3.0,73,0
M4 deriva del taller,12,66,B colchón fijo,4.0,74,0
M4 deriva del taller,12,66,B colchón fijo,6.0,76,0
M4 deriva del taller,12,66,B colchón fijo,8.0,79,0
M4 deriva del taller,12,66,B colchón fijo,10.0,81,0
M4 deriva del taller,12,66,B colchón fijo,12.0,83,0
M4 deriva del taller,12,66,B colchón fijo,15.0,87,0
M4 deriva del taller,12,66,MC completo,0.5,69,1
M4 deriva del taller,12,66,MC completo,0.6,70,0
M4 deriva del taller,12,66,MC completo,0.7,72,0
M4 deriva del taller,12,66,MC completo,0.8,74,0
M4 deriva del taller,12,66,MC completo,0.85,74,0
M4 deriva del taller,12,66,MC completo,0.9,75,0
M4 deriva del taller,12,66,MC completo,0.93,76,0
M4 deriva del taller,12,66,MC completo,0.95,76,0
M4 deriva del taller,12,66,MC completo,0.97,79,0
M4 deriva del taller,12,66,MC sin conformal,0.5,69,1
M4 deriva del taller,12,66,MC sin conformal,0.6,70,0
M4 deriva del taller,12,66,MC sin conformal,0.7,72,0
M4 deriva del taller,12,66,MC sin conformal,0.8,73,0
M4 deriva del taller,12,66,MC sin conformal,0.85,74,0
M4 deriva del taller,12,66,MC sin conformal,0.9,75,0
M4 deriva del taller,12,66,MC sin conformal,0.93,75,0
M4 deriva del taller,12,66,MC sin conformal,0.95,76,0
M4 deriva del taller,12,66,MC sin conformal,0.97,77,0
M4 deriva del taller,12,66,MC sin disponibilidad,0.5,68,2
M4 deriva del taller,12,66,MC sin disponibilidad,0.6,69,1
M4 deriva del taller,12,66,MC sin disponibilidad,0.7,70,0
M4 deriva del taller,12,66,MC sin disponibilidad,0.8,73,0
M4 deriva del taller,12,66,MC sin disponibilidad,0.85,73,0
M4 deriva del taller,12,66,MC sin disponibilidad,0.9,74,0
M4 deriva del taller,12,66,MC sin disponibilidad,0.93,75,0
M4 deriva del taller,12,66,MC sin disponibilidad,0.95,75,0
M4 deriva del taller,12,66,MC sin disponibilidad,0.97,76,0
M4 deriva del taller,12,66,MC sin carga del taller,0.5,66,4
M4 deriva del taller,12,66,MC sin carga del taller,0.6,67,3
M4 deriva del taller,12,66,MC sin carga del taller,0.7,68,2
M4 deriva del taller,12,66,MC sin carga del taller,0.8,69,1
M4 deriva del taller,12,66,MC sin carga del taller,0.85,70,0
M4 deriva del taller,12,66,MC sin carga del taller,0.9,72,0
M4 deriva del taller,12,66,MC sin carga del taller,0.93,72,0
M4 deriva del taller,12,66,MC sin carga del taller,0.95,73,0
M4 deriva del taller,12,66,MC sin carga del taller,0.97,74,0
M4 deriva del taller,12,66,MC con rho = 0,0.5,70,0
M4 deriva del taller,12,66,MC con rho = 0,0.6,70,0
M4 deriva del taller,12,66,MC con rho = 0,0.7,72,0
M4 deriva del taller,12,66,MC con rho = 0,0.8,73,0
M4 deriva del taller,12,66,MC con rho = 0,0.85,74,0
M4 deriva del taller,12,66,MC con rho = 0,0.9,75,0
M4 deriva del taller,12,66,MC con rho = 0,0.93,75,0
M4 deriva del taller,12,66,MC con rho = 0,0.95,76,0
M4 deriva del taller,12,66,MC con rho = 0,0.97,77,0
M4 deriva del taller,12,66,MC sin variables (empírico),0.5,68,2
M4 deriva del taller,12,66,MC sin variables (empírico),0.6,69,1
M4 deriva del taller,12,66,MC sin variables (empírico),0.7,70,0
M4 deriva del taller,12,66,MC sin variables (empírico),0.8,72,0
M4 deriva del taller,12,66,MC sin variables (empírico),0.85,73,0
M4 deriva del taller,12,66,MC sin variables (empírico),0.9,74,0
M4 deriva del taller,12,66,MC sin variables (empírico),0.93,75,0
M4 deriva del taller,12,66,MC sin variables (empírico),0.95,75,0
M4 deriva del taller,12,66,MC sin variables (empírico),0.97,76,0
M4 deriva del taller,15,76,A0 criterio del cotizador,0.0,76,0
M4 deriva del taller,15,76,B colchón fijo,0.0,70,4
M4 deriva del taller,15,76,B colchón fijo,1.0,71,3
M4 deriva del taller,15,76,B colchón fijo,2.0,73,1
M4 deriva del taller,15,76,B colchón fijo,3.0,74,0
M4 deriva del taller,15,76,B colchón fijo,4.0,75,0
M4 deriva del taller,15,76,B colchón fijo,6.0,77,0
M4 deriva del taller,15,76,B colchón fijo,8.0,80,0
M4 deriva del taller,15,76,B colchón fijo,10.0,82,0
M4 deriva del taller,15,76,B colchón fijo,12.0,84,0
M4 deriva del taller,15,76,B colchón fijo,15.0,88,0
M4 deriva del taller,15,76,MC completo,0.5,73,1
M4 deriva del taller,15,76,MC completo,0.6,74,0
M4 deriva del taller,15,76,MC completo,0.7,75,0
M4 deriva del taller,15,76,MC completo,0.8,77,0
M4 deriva del taller,15,76,MC completo,0.85,78,0
M4 deriva del taller,15,76,MC completo,0.9,80,0
M4 deriva del taller,15,76,MC completo,0.93,81,0
M4 deriva del taller,15,76,MC completo,0.95,81,0
M4 deriva del taller,15,76,MC completo,0.97,82,0
M4 deriva del taller,15,76,MC sin conformal,0.5,73,1
M4 deriva del taller,15,76,MC sin conformal,0.6,74,0
M4 deriva del taller,15,76,MC sin conformal,0.7,75,0
M4 deriva del taller,15,76,MC sin conformal,0.8,77,0
M4 deriva del taller,15,76,MC sin conformal,0.85,77,0
M4 deriva del taller,15,76,MC sin conformal,0.9,78,0
M4 deriva del taller,15,76,MC sin conformal,0.93,80,0
M4 deriva del taller,15,76,MC sin conformal,0.95,81,0
M4 deriva del taller,15,76,MC sin conformal,0.97,82,0
M4 deriva del taller,15,76,MC sin disponibilidad,0.5,73,1
M4 deriva del taller,15,76,MC sin disponibilidad,0.6,74,0
M4 deriva del taller,15,76,MC sin disponibilidad,0.7,75,0
M4 deriva del taller,15,76,MC sin disponibilidad,0.8,76,0
M4 deriva del taller,15,76,MC sin disponibilidad,0.85,77,0
M4 deriva del taller,15,76,MC sin disponibilidad,0.9,78,0
M4 deriva del taller,15,76,MC sin disponibilidad,0.93,80,0
M4 deriva del taller,15,76,MC sin disponibilidad,0.95,80,0
M4 deriva del taller,15,76,MC sin disponibilidad,0.97,81,0
M4 deriva del taller,15,76,MC sin carga del taller,0.5,73,1
M4 deriva del taller,15,76,MC sin carga del taller,0.6,74,0
M4 deriva del taller,15,76,MC sin carga del taller,0.7,75,0
M4 deriva del taller,15,76,MC sin carga del taller,0.8,77,0
M4 deriva del taller,15,76,MC sin carga del taller,0.85,78,0
M4 deriva del taller,15,76,MC sin carga del taller,0.9,80,0
M4 deriva del taller,15,76,MC sin carga del taller,0.93,81,0
M4 deriva del taller,15,76,MC sin carga del taller,0.95,81,0
M4 deriva del taller,15,76,MC sin carga del taller,0.97,82,0
M4 deriva del taller,15,76,MC con rho = 0,0.5,73,1
M4 deriva del taller,15,76,MC con rho = 0,0.6,74,0
M4 deriva del taller,15,76,MC con rho = 0,0.7,75,0
M4 deriva del taller,15,76,MC con rho = 0,0.8,76,0
M4 deriva del taller,15,76,MC con rho = 0,0.85,77,0
M4 deriva del taller,15,76,MC con rho = 0,0.9,78,0
M4 deriva del taller,15,76,MC con rho = 0,0.93,80,0
M4 deriva del taller,15,76,MC con rho = 0,0.95,80,0
M4 deriva del taller,15,76,MC con rho = 0,0.97,82,0
M4 deriva del taller,15,76,MC sin variables (empírico),0.5,71,3
M4 deriva del taller,15,76,MC sin variables (empírico),0.6,73,1
M4 deriva del taller,15,76,MC sin variables (empírico),0.7,74,0
M4 deriva del taller,15,76,MC sin variables (empírico),0.8,76,0
M4 deriva del taller,15,76,MC sin variables (empírico),0.85,76,0
M4 deriva del taller,15,76,MC sin variables (empírico),0.9,78,0
M4 deriva del taller,15,76,MC sin variables (empírico),0.93,78,0
M4 deriva del taller,15,76,MC sin variables (empírico),0.95,80,0
M4 deriva del taller,15,76,MC sin variables (empírico),0.97,81,0
M4 deriva del taller,19,57,A0 criterio del cotizador,0.0,57,8
M4 deriva del taller,19,57,B colchón fijo,0.0,57,8
M4 deriva del taller,19,57,B colchón fijo,1.0,58,7
M4 deriva del taller,19,57,B colchón fijo,2.0,59,6
M4 deriva del taller,19,57,B colchón fijo,3.0,61,4
M4 deriva del taller,19,57,B colchón fijo,4.0,62,3
M4 deriva del taller,19,57,B colchón fijo,6.0,64,1
M4 deriva del taller,19,57,B colchón fijo,8.0,66,0
M4 deriva del taller,19,57,B colchón fijo,10.0,69,0
M4 deriva del taller,19,57,B colchón fijo,12.0,71,0
M4 deriva del taller,19,57,B colchón fijo,15.0,75,0
M4 deriva del taller,19,57,MC completo,0.5,58,7
M4 deriva del taller,19,57,MC completo,0.6,59,6
M4 deriva del taller,19,57,MC completo,0.7,62,3
M4 deriva del taller,19,57,MC completo,0.8,63,2
M4 deriva del taller,19,57,MC completo,0.85,64,1
M4 deriva del taller,19,57,MC completo,0.9,65,0
M4 deriva del taller,19,57,MC completo,0.93,66,0
M4 deriva del taller,19,57,MC completo,0.95,68,0
M4 deriva del taller,19,57,MC completo,0.97,69,0
M4 deriva del taller,19,57,MC sin conformal,0.5,58,7
M4 deriva del taller,19,57,MC sin conformal,0.6,59,6
M4 deriva del taller,19,57,MC sin conformal,0.7,61,4
M4 deriva del taller,19,57,MC sin conformal,0.8,63,2
M4 deriva del taller,19,57,MC sin conformal,0.85,64,1
M4 deriva del taller,19,57,MC sin conformal,0.9,65,0
M4 deriva del taller,19,57,MC sin conformal,0.93,66,0
M4 deriva del taller,19,57,MC sin conformal,0.95,66,0
M4 deriva del taller,19,57,MC sin conformal,0.97,68,0
M4 deriva del taller,19,57,MC sin disponibilidad,0.5,58,7
M4 deriva del taller,19,57,MC sin disponibilidad,0.6,59,6
M4 deriva del taller,19,57,MC sin disponibilidad,0.7,61,4
M4 deriva del taller,19,57,MC sin disponibilidad,0.8,62,3
M4 deriva del taller,19,57,MC sin disponibilidad,0.85,63,2
M4 deriva del taller,19,57,MC sin disponibilidad,0.9,64,1
M4 deriva del taller,19,57,MC sin disponibilidad,0.93,65,0
M4 deriva del taller,19,57,MC sin disponibilidad,0.95,66,0
M4 deriva del taller,19,57,MC sin disponibilidad,0.97,68,0
M4 deriva del taller,19,57,MC sin carga del taller,0.5,58,7
M4 deriva del taller,19,57,MC sin carga del taller,0.6,59,6
M4 deriva del taller,19,57,MC sin carga del taller,0.7,62,3
M4 deriva del taller,19,57,MC sin carga del taller,0.8,63,2
M4 deriva del taller,19,57,MC sin carga del taller,0.85,64,1
M4 deriva del taller,19,57,MC sin carga del taller,0.9,65,0
M4 deriva del taller,19,57,MC sin carga del taller,0.93,66,0
M4 deriva del taller,19,57,MC sin carga del taller,0.95,68,0
M4 deriva del taller,19,57,MC sin carga del taller,0.97,69,0
M4 deriva del taller,19,57,MC con rho = 0,0.5,58,7
M4 deriva del taller,19,57,MC con rho = 0,0.6,59,6
M4 deriva del taller,19,57,MC con rho = 0,0.7,61,4
M4 deriva del taller,19,57,MC con rho = 0,0.8,62,3
M4 deriva del taller,19,57,MC con rho = 0,0.85,63,2
M4 deriva del taller,19,57,MC con rho = 0,0.9,64,1
M4 deriva del taller,19,57,MC con rho = 0,0.93,64,1
M4 deriva del taller,19,57,MC con rho = 0,0.95,65,0
M4 deriva del taller,19,57,MC con rho = 0,0.97,65,0
M4 deriva del taller,19,57,MC sin variables (empírico),0.5,56,9
M4 deriva del taller,19,57,MC sin variables (empírico),0.6,57,8
M4 deriva del taller,19,57,MC sin variables (empírico),0.7,58,7
M4 deriva del taller,19,57,MC sin variables (empírico),0.8,59,6
M4 deriva del taller,19,57,MC sin variables (empírico),0.85,61,4
M4 deriva del taller,19,57,MC sin variables (empírico),0.9,62,3
M4 deriva del taller,19,57,MC sin variables (empírico),0.93,63,2
M4 deriva del taller,19,57,MC sin variables (empírico),0.95,64,1
M4 deriva del taller,19,57,MC sin variables (empírico),0.97,64,1
M4 deriva del taller,17,58,A0 criterio del cotizador,0.0,58,0
M4 deriva del taller,17,58,B colchón fijo,0.0,50,8
M4 deriva del taller,17,58,B colchón fijo,1.0,51,7
M4 deriva del taller,17,58,B colchón fijo,2.0,52,6
M4 deriva del taller,17,58,B colchón fijo,3.0,53,5
M4 deriva del taller,17,58,B colchón fijo,4.0,55,3
M4 deriva del taller,17,58,B colchón fijo,6.0,57,1
M4 deriva del taller,17,58,B colchón fijo,8.0,59,0
M4 deriva del taller,17,58,B colchón fijo,10.0,62,0
M4 deriva del taller,17,58,B colchón fijo,12.0,64,0
M4 deriva del taller,17,58,B colchón fijo,15.0,67,0
M4 deriva del taller,17,58,MC completo,0.5,52,6
M4 deriva del taller,17,58,MC completo,0.6,53,5
M4 deriva del taller,17,58,MC completo,0.7,55,3
M4 deriva del taller,17,58,MC completo,0.8,56,2
M4 deriva del taller,17,58,MC completo,0.85,57,1
M4 deriva del taller,17,58,MC completo,0.9,58,0
M4 deriva del taller,17,58,MC completo,0.93,58,0
M4 deriva del taller,17,58,MC completo,0.95,59,0
M4 deriva del taller,17,58,MC completo,0.97,60,0
M4 deriva del taller,17,58,MC sin conformal,0.5,52,6
M4 deriva del taller,17,58,MC sin conformal,0.6,53,5
M4 deriva del taller,17,58,MC sin conformal,0.7,55,3
M4 deriva del taller,17,58,MC sin conformal,0.8,56,2
M4 deriva del taller,17,58,MC sin conformal,0.85,56,2
M4 deriva del taller,17,58,MC sin conformal,0.9,57,1
M4 deriva del taller,17,58,MC sin conformal,0.93,58,0
M4 deriva del taller,17,58,MC sin conformal,0.95,59,0
M4 deriva del taller,17,58,MC sin conformal,0.97,60,0
M4 deriva del taller,17,58,MC sin disponibilidad,0.5,52,6
M4 deriva del taller,17,58,MC sin disponibilidad,0.6,53,5
M4 deriva del taller,17,58,MC sin disponibilidad,0.7,53,5
M4 deriva del taller,17,58,MC sin disponibilidad,0.8,56,2
M4 deriva del taller,17,58,MC sin disponibilidad,0.85,56,2
M4 deriva del taller,17,58,MC sin disponibilidad,0.9,57,1
M4 deriva del taller,17,58,MC sin disponibilidad,0.93,58,0
M4 deriva del taller,17,58,MC sin disponibilidad,0.95,59,0
M4 deriva del taller,17,58,MC sin disponibilidad,0.97,59,0
M4 deriva del taller,17,58,MC sin carga del taller,0.5,52,6
M4 deriva del taller,17,58,MC sin carga del taller,0.6,53,5
M4 deriva del taller,17,58,MC sin carga del taller,0.7,55,3
M4 deriva del taller,17,58,MC sin carga del taller,0.8,56,2
M4 deriva del taller,17,58,MC sin carga del taller,0.85,57,1
M4 deriva del taller,17,58,MC sin carga del taller,0.9,58,0
M4 deriva del taller,17,58,MC sin carga del taller,0.93,58,0
M4 deriva del taller,17,58,MC sin carga del taller,0.95,59,0
M4 deriva del taller,17,58,MC sin carga del taller,0.97,60,0
M4 deriva del taller,17,58,MC con rho = 0,0.5,52,6
M4 deriva del taller,17,58,MC con rho = 0,0.6,53,5
M4 deriva del taller,17,58,MC con rho = 0,0.7,53,5
M4 deriva del taller,17,58,MC con rho = 0,0.8,55,3
M4 deriva del taller,17,58,MC con rho = 0,0.85,56,2
M4 deriva del taller,17,58,MC con rho = 0,0.9,57,1
M4 deriva del taller,17,58,MC con rho = 0,0.93,57,1
M4 deriva del taller,17,58,MC con rho = 0,0.95,58,0
M4 deriva del taller,17,58,MC con rho = 0,0.97,59,0
M4 deriva del taller,17,58,MC sin variables (empírico),0.5,50,8
M4 deriva del taller,17,58,MC sin variables (empírico),0.6,51,7
M4 deriva del taller,17,58,MC sin variables (empírico),0.7,52,6
M4 deriva del taller,17,58,MC sin variables (empírico),0.8,53,5
M4 deriva del taller,17,58,MC sin variables (empírico),0.85,55,3
M4 deriva del taller,17,58,MC sin variables (empírico),0.9,55,3
M4 deriva del taller,17,58,MC sin variables (empírico),0.93,56,2
M4 deriva del taller,17,58,MC sin variables (empírico),0.95,57,1
M4 deriva del taller,17,58,MC sin variables (empírico),0.97,57,1
M4 deriva del taller,16,57,A0 criterio del cotizador,0.0,57,0
M4 deriva del taller,16,57,B colchón fijo,0.0,60,0
M4 deriva del taller,16,57,B colchón fijo,1.0,61,0
M4 deriva del taller,16,57,B colchón fijo,2.0,62,0
M4 deriva del taller,16,57,B colchón fijo,3.0,63,0
M4 deriva del taller,16,57,B colchón fijo,4.0,65,0
M4 deriva del taller,16,57,B colchón fijo,6.0,67,0
M4 deriva del taller,16,57,B colchón fijo,8.0,69,0
M4 deriva del taller,16,57,B colchón fijo,10.0,72,0
M4 deriva del taller,16,57,B colchón fijo,12.0,74,0
M4 deriva del taller,16,57,B colchón fijo,15.0,77,0
M4 deriva del taller,16,57,MC completo,0.5,62,0
M4 deriva del taller,16,57,MC completo,0.6,63,0
M4 deriva del taller,16,57,MC completo,0.7,66,0
M4 deriva del taller,16,57,MC completo,0.8,68,0
M4 deriva del taller,16,57,MC completo,0.85,69,0
M4 deriva del taller,16,57,MC completo,0.9,70,0
M4 deriva del taller,16,57,MC completo,0.93,72,0
M4 deriva del taller,16,57,MC completo,0.95,73,0
M4 deriva del taller,16,57,MC completo,0.97,75,0
M4 deriva del taller,16,57,MC sin conformal,0.5,62,0
M4 deriva del taller,16,57,MC sin conformal,0.6,63,0
M4 deriva del taller,16,57,MC sin conformal,0.7,65,0
M4 deriva del taller,16,57,MC sin conformal,0.8,67,0
M4 deriva del taller,16,57,MC sin conformal,0.85,68,0
M4 deriva del taller,16,57,MC sin conformal,0.9,70,0
M4 deriva del taller,16,57,MC sin conformal,0.93,72,0
M4 deriva del taller,16,57,MC sin conformal,0.95,73,0
M4 deriva del taller,16,57,MC sin conformal,0.97,74,0
M4 deriva del taller,16,57,MC sin disponibilidad,0.5,61,0
M4 deriva del taller,16,57,MC sin disponibilidad,0.6,62,0
M4 deriva del taller,16,57,MC sin disponibilidad,0.7,65,0
M4 deriva del taller,16,57,MC sin disponibilidad,0.8,66,0
M4 deriva del taller,16,57,MC sin disponibilidad,0.85,68,0
M4 deriva del taller,16,57,MC sin disponibilidad,0.9,69,0
M4 deriva del taller,16,57,MC sin disponibilidad,0.93,70,0
M4 deriva del taller,16,57,MC sin disponibilidad,0.95,72,0
M4 deriva del taller,16,57,MC sin disponibilidad,0.97,73,0
M4 deriva del taller,16,57,MC sin carga del taller,0.5,60,0
M4 deriva del taller,16,57,MC sin carga del taller,0.6,62,0
M4 deriva del taller,16,57,MC sin carga del taller,0.7,63,0
M4 deriva del taller,16,57,MC sin carga del taller,0.8,66,0
M4 deriva del taller,16,57,MC sin carga del taller,0.85,67,0
M4 deriva del taller,16,57,MC sin carga del taller,0.9,68,0
M4 deriva del taller,16,57,MC sin carga del taller,0.93,69,0
M4 deriva del taller,16,57,MC sin carga del taller,0.95,70,0
M4 deriva del taller,16,57,MC sin carga del taller,0.97,72,0
M4 deriva del taller,16,57,MC con rho = 0,0.5,62,0
M4 deriva del taller,16,57,MC con rho = 0,0.6,63,0
M4 deriva del taller,16,57,MC con rho = 0,0.7,65,0
M4 deriva del taller,16,57,MC con rho = 0,0.8,66,0
M4 deriva del taller,16,57,MC con rho = 0,0.85,67,0
M4 deriva del taller,16,57,MC con rho = 0,0.9,68,0
M4 deriva del taller,16,57,MC con rho = 0,0.93,69,0
M4 deriva del taller,16,57,MC con rho = 0,0.95,70,0
M4 deriva del taller,16,57,MC con rho = 0,0.97,72,0
M4 deriva del taller,16,57,MC sin variables (empírico),0.5,60,0
M4 deriva del taller,16,57,MC sin variables (empírico),0.6,61,0
M4 deriva del taller,16,57,MC sin variables (empírico),0.7,62,0
M4 deriva del taller,16,57,MC sin variables (empírico),0.8,65,0
M4 deriva del taller,16,57,MC sin variables (empírico),0.85,66,0
M4 deriva del taller,16,57,MC sin variables (empírico),0.9,67,0
M4 deriva del taller,16,57,MC sin variables (empírico),0.93,68,0
M4 deriva del taller,16,57,MC sin variables (empírico),0.95,69,0
M4 deriva del taller,16,57,MC sin variables (empírico),0.97,70,0
M4 deriva del taller,18,87,A0 criterio del cotizador,0.0,87,0
M4 deriva del taller,18,87,B colchón fijo,0.0,80,5
M4 deriva del taller,18,87,B colchón fijo,1.0,81,4
M4 deriva del taller,18,87,B colchón fijo,2.0,82,3
M4 deriva del taller,18,87,B colchón fijo,3.0,83,2
M4 deriva del taller,18,87,B colchón fijo,4.0,84,1
M4 deriva del taller,18,87,B colchón fijo,6.0,87,0
M4 deriva del taller,18,87,B colchón fijo,8.0,89,0
M4 deriva del taller,18,87,B colchón fijo,10.0,91,0
M4 deriva del taller,18,87,B colchón fijo,12.0,94,0
M4 deriva del taller,18,87,B colchón fijo,15.0,97,0
M4 deriva del taller,18,87,MC completo,0.5,84,1
M4 deriva del taller,18,87,MC completo,0.6,85,0
M4 deriva del taller,18,87,MC completo,0.7,88,0
M4 deriva del taller,18,87,MC completo,0.8,91,0
M4 deriva del taller,18,87,MC completo,0.85,92,0
M4 deriva del taller,18,87,MC completo,0.9,95,0
M4 deriva del taller,18,87,MC completo,0.93,97,0
M4 deriva del taller,18,87,MC completo,0.95,98,0
M4 deriva del taller,18,87,MC completo,0.97,101,0
M4 deriva del taller,18,87,MC sin conformal,0.5,84,1
M4 deriva del taller,18,87,MC sin conformal,0.6,85,0
M4 deriva del taller,18,87,MC sin conformal,0.7,88,0
M4 deriva del taller,18,87,MC sin conformal,0.8,91,0
M4 deriva del taller,18,87,MC sin conformal,0.85,92,0
M4 deriva del taller,18,87,MC sin conformal,0.9,95,0
M4 deriva del taller,18,87,MC sin conformal,0.93,96,0
M4 deriva del taller,18,87,MC sin conformal,0.95,98,0
M4 deriva del taller,18,87,MC sin conformal,0.97,101,0
M4 deriva del taller,18,87,MC sin disponibilidad,0.5,82,3
M4 deriva del taller,18,87,MC sin disponibilidad,0.6,84,1
M4 deriva del taller,18,87,MC sin disponibilidad,0.7,87,0
M4 deriva del taller,18,87,MC sin disponibilidad,0.8,90,0
M4 deriva del taller,18,87,MC sin disponibilidad,0.85,91,0
M4 deriva del taller,18,87,MC sin disponibilidad,0.9,94,0
M4 deriva del taller,18,87,MC sin disponibilidad,0.93,96,0
M4 deriva del taller,18,87,MC sin disponibilidad,0.95,97,0
M4 deriva del taller,18,87,MC sin disponibilidad,0.97,99,0
M4 deriva del taller,18,87,MC sin carga del taller,0.5,84,1
M4 deriva del taller,18,87,MC sin carga del taller,0.6,85,0
M4 deriva del taller,18,87,MC sin carga del taller,0.7,88,0
M4 deriva del taller,18,87,MC sin carga del taller,0.8,91,0
M4 deriva del taller,18,87,MC sin carga del taller,0.85,92,0
M4 deriva del taller,18,87,MC sin carga del taller,0.9,95,0
M4 deriva del taller,18,87,MC sin carga del taller,0.93,97,0
M4 deriva del taller,18,87,MC sin carga del taller,0.95,98,0
M4 deriva del taller,18,87,MC sin carga del taller,0.97,101,0
M4 deriva del taller,18,87,MC con rho = 0,0.5,84,1
M4 deriva del taller,18,87,MC con rho = 0,0.6,85,0
M4 deriva del taller,18,87,MC con rho = 0,0.7,88,0
M4 deriva del taller,18,87,MC con rho = 0,0.8,89,0
M4 deriva del taller,18,87,MC con rho = 0,0.85,90,0
M4 deriva del taller,18,87,MC con rho = 0,0.9,92,0
M4 deriva del taller,18,87,MC con rho = 0,0.93,94,0
M4 deriva del taller,18,87,MC con rho = 0,0.95,95,0
M4 deriva del taller,18,87,MC con rho = 0,0.97,96,0
M4 deriva del taller,18,87,MC sin variables (empírico),0.5,96,0
M4 deriva del taller,18,87,MC sin variables (empírico),0.6,98,0
M4 deriva del taller,18,87,MC sin variables (empírico),0.7,101,0
M4 deriva del taller,18,87,MC sin variables (empírico),0.8,103,0
M4 deriva del taller,18,87,MC sin variables (empírico),0.85,105,0
M4 deriva del taller,18,87,MC sin variables (empírico),0.9,106,0
M4 deriva del taller,18,87,MC sin variables (empírico),0.93,109,0
M4 deriva del taller,18,87,MC sin variables (empírico),0.95,110,0
M4 deriva del taller,18,87,MC sin variables (empírico),0.97,112,0
M4 deriva del taller,20,67,A0 criterio del cotizador,0.0,67,0
M4 deriva del taller,20,67,B colchón fijo,0.0,64,3
M4 deriva del taller,20,67,B colchón fijo,1.0,65,2
M4 deriva del taller,20,67,B colchón fijo,2.0,66,1
M4 deriva del taller,20,67,B colchón fijo,3.0,68,0
M4 deriva del taller,20,67,B colchón fijo,4.0,69,0
M4 deriva del taller,20,67,B colchón fijo,6.0,71,0
M4 deriva del taller,20,67,B colchón fijo,8.0,73,0
M4 deriva del taller,20,67,B colchón fijo,10.0,76,0
M4 deriva del taller,20,67,B colchón fijo,12.0,78,0
M4 deriva del taller,20,67,B colchón fijo,15.0,82,0
M4 deriva del taller,20,67,MC completo,0.5,66,1
M4 deriva del taller,20,67,MC completo,0.6,68,0
M4 deriva del taller,20,67,MC completo,0.7,70,0
M4 deriva del taller,20,67,MC completo,0.8,72,0
M4 deriva del taller,20,67,MC completo,0.85,73,0
M4 deriva del taller,20,67,MC completo,0.9,73,0
M4 deriva del taller,20,67,MC completo,0.93,76,0
M4 deriva del taller,20,67,MC completo,0.95,76,0
M4 deriva del taller,20,67,MC completo,0.97,78,0
M4 deriva del taller,20,67,MC sin conformal,0.5,65,2
M4 deriva del taller,20,67,MC sin conformal,0.6,68,0
M4 deriva del taller,20,67,MC sin conformal,0.7,70,0
M4 deriva del taller,20,67,MC sin conformal,0.8,71,0
M4 deriva del taller,20,67,MC sin conformal,0.85,72,0
M4 deriva del taller,20,67,MC sin conformal,0.9,73,0
M4 deriva del taller,20,67,MC sin conformal,0.93,75,0
M4 deriva del taller,20,67,MC sin conformal,0.95,76,0
M4 deriva del taller,20,67,MC sin conformal,0.97,78,0
M4 deriva del taller,20,67,MC sin disponibilidad,0.5,65,2
M4 deriva del taller,20,67,MC sin disponibilidad,0.6,66,1
M4 deriva del taller,20,67,MC sin disponibilidad,0.7,69,0
M4 deriva del taller,20,67,MC sin disponibilidad,0.8,71,0
M4 deriva del taller,20,67,MC sin disponibilidad,0.85,71,0
M4 deriva del taller,20,67,MC sin disponibilidad,0.9,73,0
M4 deriva del taller,20,67,MC sin disponibilidad,0.93,75,0
M4 deriva del taller,20,67,MC sin disponibilidad,0.95,76,0
M4 deriva del taller,20,67,MC sin disponibilidad,0.97,77,0
M4 deriva del taller,20,67,MC sin carga del taller,0.5,66,1
M4 deriva del taller,20,67,MC sin carga del taller,0.6,68,0
M4 deriva del taller,20,67,MC sin carga del taller,0.7,70,0
M4 deriva del taller,20,67,MC sin carga del taller,0.8,72,0
M4 deriva del taller,20,67,MC sin carga del taller,0.85,73,0
M4 deriva del taller,20,67,MC sin carga del taller,0.9,73,0
M4 deriva del taller,20,67,MC sin carga del taller,0.93,76,0
M4 deriva del taller,20,67,MC sin carga del taller,0.95,76,0
M4 deriva del taller,20,67,MC sin carga del taller,0.97,78,0
M4 deriva del taller,20,67,MC con rho = 0,0.5,66,1
M4 deriva del taller,20,67,MC con rho = 0,0.6,68,0
M4 deriva del taller,20,67,MC con rho = 0,0.7,69,0
M4 deriva del taller,20,67,MC con rho = 0,0.8,70,0
M4 deriva del taller,20,67,MC con rho = 0,0.85,71,0
M4 deriva del taller,20,67,MC con rho = 0,0.9,72,0
M4 deriva del taller,20,67,MC con rho = 0,0.93,73,0
M4 deriva del taller,20,67,MC con rho = 0,0.95,75,0
M4 deriva del taller,20,67,MC con rho = 0,0.97,76,0
M4 deriva del taller,20,67,MC sin variables (empírico),0.5,68,0
M4 deriva del taller,20,67,MC sin variables (empírico),0.6,69,0
M4 deriva del taller,20,67,MC sin variables (empírico),0.7,71,0
M4 deriva del taller,20,67,MC sin variables (empírico),0.8,72,0
M4 deriva del taller,20,67,MC sin variables (empírico),0.85,73,0
M4 deriva del taller,20,67,MC sin variables (empírico),0.9,75,0
M4 deriva del taller,20,67,MC sin variables (empírico),0.93,76,0
M4 deriva del taller,20,67,MC sin variables (empírico),0.95,77,0
M4 deriva del taller,20,67,MC sin variables (empírico),0.97,78,0
M4 deriva del taller,22,63,A0 criterio del cotizador,0.0,63,4
M4 deriva del taller,22,63,B colchón fijo,0.0,65,2
M4 deriva del taller,22,63,B colchón fijo,1.0,66,1
M4 deriva del taller,22,63,B colchón fijo,2.0,68,0
M4 deriva del taller,22,63,B colchón fijo,3.0,69,0
M4 deriva del taller,22,63,B colchón fijo,4.0,70,0
M4 deriva del taller,22,63,B colchón fijo,6.0,72,0
M4 deriva del taller,22,63,B colchón fijo,8.0,75,0
M4 deriva del taller,22,63,B colchón fijo,10.0,77,0
M4 deriva del taller,22,63,B colchón fijo,12.0,79,0
M4 deriva del taller,22,63,B colchón fijo,15.0,83,0
M4 deriva del taller,22,63,MC completo,0.5,66,1
M4 deriva del taller,22,63,MC completo,0.6,69,0
M4 deriva del taller,22,63,MC completo,0.7,70,0
M4 deriva del taller,22,63,MC completo,0.8,72,0
M4 deriva del taller,22,63,MC completo,0.85,72,0
M4 deriva del taller,22,63,MC completo,0.9,75,0
M4 deriva del taller,22,63,MC completo,0.93,75,0
M4 deriva del taller,22,63,MC completo,0.95,76,0
M4 deriva del taller,22,63,MC completo,0.97,77,0
M4 deriva del taller,22,63,MC sin conformal,0.5,66,1
M4 deriva del taller,22,63,MC sin conformal,0.6,69,0
M4 deriva del taller,22,63,MC sin conformal,0.7,70,0
M4 deriva del taller,22,63,MC sin conformal,0.8,71,0
M4 deriva del taller,22,63,MC sin conformal,0.85,72,0
M4 deriva del taller,22,63,MC sin conformal,0.9,73,0
M4 deriva del taller,22,63,MC sin conformal,0.93,75,0
M4 deriva del taller,22,63,MC sin conformal,0.95,76,0
M4 deriva del taller,22,63,MC sin conformal,0.97,77,0
M4 deriva del taller,22,63,MC sin disponibilidad,0.5,66,1
M4 deriva del taller,22,63,MC sin disponibilidad,0.6,68,0
M4 deriva del taller,22,63,MC sin disponibilidad,0.7,69,0
M4 deriva del taller,22,63,MC sin disponibilidad,0.8,70,0
M4 deriva del taller,22,63,MC sin disponibilidad,0.85,71,0
M4 deriva del taller,22,63,MC sin disponibilidad,0.9,73,0
M4 deriva del taller,22,63,MC sin disponibilidad,0.93,73,0
M4 deriva del taller,22,63,MC sin disponibilidad,0.95,75,0
M4 deriva del taller,22,63,MC sin disponibilidad,0.97,76,0
M4 deriva del taller,22,63,MC sin carga del taller,0.5,66,1
M4 deriva del taller,22,63,MC sin carga del taller,0.6,69,0
M4 deriva del taller,22,63,MC sin carga del taller,0.7,70,0
M4 deriva del taller,22,63,MC sin carga del taller,0.8,72,0
M4 deriva del taller,22,63,MC sin carga del taller,0.85,72,0
M4 deriva del taller,22,63,MC sin carga del taller,0.9,75,0
M4 deriva del taller,22,63,MC sin carga del taller,0.93,75,0
M4 deriva del taller,22,63,MC sin carga del taller,0.95,76,0
M4 deriva del taller,22,63,MC sin carga del taller,0.97,77,0
M4 deriva del taller,22,63,MC con rho = 0,0.5,66,1
M4 deriva del taller,22,63,MC con rho = 0,0.6,68,0
M4 deriva del taller,22,63,MC con rho = 0,0.7,69,0
M4 deriva del taller,22,63,MC con rho = 0,0.8,71,0
M4 deriva del taller,22,63,MC con rho = 0,0.85,71,0
M4 deriva del taller,22,63,MC con rho = 0,0.9,72,0
M4 deriva del taller,22,63,MC con rho = 0,0.93,73,0
M4 deriva del taller,22,63,MC con rho = 0,0.95,75,0
M4 deriva del taller,22,63,MC con rho = 0,0.97,76,0
M4 deriva del taller,22,63,MC sin variables (empírico),0.5,65,2
M4 deriva del taller,22,63,MC sin variables (empírico),0.6,66,1
M4 deriva del taller,22,63,MC sin variables (empírico),0.7,68,0
M4 deriva del taller,22,63,MC sin variables (empírico),0.8,70,0
M4 deriva del taller,22,63,MC sin variables (empírico),0.85,71,0
M4 deriva del taller,22,63,MC sin variables (empírico),0.9,72,0
M4 deriva del taller,22,63,MC sin variables (empírico),0.93,73,0
M4 deriva del taller,22,63,MC sin variables (empírico),0.95,75,0
M4 deriva del taller,22,63,MC sin variables (empírico),0.97,76,0
M4 deriva del taller,21,83,A0 criterio del cotizador,0.0,83,4
M4 deriva del taller,21,83,B colchón fijo,0.0,81,6
M4 deriva del taller,21,83,B colchón fijo,1.0,82,5
M4 deriva del taller,21,83,B colchón fijo,2.0,83,4
M4 deriva del taller,21,83,B colchón fijo,3.0,84,3
M4 deriva del taller,21,83,B colchón fijo,4.0,85,2
M4 deriva del taller,21,83,B colchón fijo,6.0,88,0
M4 deriva del taller,21,83,B colchón fijo,8.0,90,0
M4 deriva del taller,21,83,B colchón fijo,10.0,92,0
M4 deriva del taller,21,83,B colchón fijo,12.0,95,0
M4 deriva del taller,21,83,B colchón fijo,15.0,98,0
M4 deriva del taller,21,83,MC completo,0.5,84,3
M4 deriva del taller,21,83,MC completo,0.6,85,2
M4 deriva del taller,21,83,MC completo,0.7,88,0
M4 deriva del taller,21,83,MC completo,0.8,90,0
M4 deriva del taller,21,83,MC completo,0.85,92,0
M4 deriva del taller,21,83,MC completo,0.9,95,0
M4 deriva del taller,21,83,MC completo,0.93,96,0
M4 deriva del taller,21,83,MC completo,0.95,98,0
M4 deriva del taller,21,83,MC completo,0.97,101,0
M4 deriva del taller,21,83,MC sin conformal,0.5,84,3
M4 deriva del taller,21,83,MC sin conformal,0.6,85,2
M4 deriva del taller,21,83,MC sin conformal,0.7,88,0
M4 deriva del taller,21,83,MC sin conformal,0.8,90,0
M4 deriva del taller,21,83,MC sin conformal,0.85,92,0
M4 deriva del taller,21,83,MC sin conformal,0.9,94,0
M4 deriva del taller,21,83,MC sin conformal,0.93,96,0
M4 deriva del taller,21,83,MC sin conformal,0.95,98,0
M4 deriva del taller,21,83,MC sin conformal,0.97,99,0
M4 deriva del taller,21,83,MC sin disponibilidad,0.5,82,5
M4 deriva del taller,21,83,MC sin disponibilidad,0.6,84,3
M4 deriva del taller,21,83,MC sin disponibilidad,0.7,87,0
M4 deriva del taller,21,83,MC sin disponibilidad,0.8,89,0
M4 deriva del taller,21,83,MC sin disponibilidad,0.85,90,0
M4 deriva del taller,21,83,MC sin disponibilidad,0.9,92,0
M4 deriva del taller,21,83,MC sin disponibilidad,0.93,95,0
M4 deriva del taller,21,83,MC sin disponibilidad,0.95,96,0
M4 deriva del taller,21,83,MC sin disponibilidad,0.97,98,0
M4 deriva del taller,21,83,MC sin carga del taller,0.5,84,3
M4 deriva del taller,21,83,MC sin carga del taller,0.6,85,2
M4 deriva del taller,21,83,MC sin carga del taller,0.7,88,0
M4 deriva del taller,21,83,MC sin carga del taller,0.8,90,0
M4 deriva del taller,21,83,MC sin carga del taller,0.85,92,0
M4 deriva del taller,21,83,MC sin carga del taller,0.9,95,0
M4 deriva del taller,21,83,MC sin carga del taller,0.93,96,0
M4 deriva del taller,21,83,MC sin carga del taller,0.95,98,0
M4 deriva del taller,21,83,MC sin carga del taller,0.97,101,0
M4 deriva del taller,21,83,MC con rho = 0,0.5,84,3
M4 deriva del taller,21,83,MC con rho = 0,0.6,85,2
M4 deriva del taller,21,83,MC con rho = 0,0.7,88,0
M4 deriva del taller,21,83,MC con rho = 0,0.8,89,0
M4 deriva del taller,21,83,MC con rho = 0,0.85,90,0
M4 deriva del taller,21,83,MC con rho = 0,0.9,92,0
M4 deriva del taller,21,83,MC con rho = 0,0.93,94,0
M4 deriva del taller,21,83,MC con rho = 0,0.95,94,0
M4 deriva del taller,21,83,MC con rho = 0,0.97,96,0
M4 deriva del taller,21,83,MC sin variables (empírico),0.5,85,2
M4 deriva del taller,21,83,MC sin variables (empírico),0.6,87,0
M4 deriva del taller,21,83,MC sin variables (empírico),0.7,89,0
M4 deriva del taller,21,83,MC sin variables (empírico),0.8,91,0
M4 deriva del taller,21,83,MC sin variables (empírico),0.85,92,0
M4 deriva del taller,21,83,MC sin variables (empírico),0.9,95,0
M4 deriva del taller,21,83,MC sin variables (empírico),0.93,96,0
M4 deriva del taller,21,83,MC sin variables (empírico),0.95,97,0
M4 deriva del taller,21,83,MC sin variables (empírico),0.97,99,0
M4 deriva del taller,24,88,A0 criterio del cotizador,0.0,88,5
M4 deriva del taller,24,88,B colchón fijo,0.0,91,2
M4 deriva del taller,24,88,B colchón fijo,1.0,92,1
M4 deriva del taller,24,88,B colchón fijo,2.0,93,0
M4 deriva del taller,24,88,B colchón fijo,3.0,94,0
M4 deriva del taller,24,88,B colchón fijo,4.0,95,0
M4 deriva del taller,24,88,B colchón fijo,6.0,98,0
M4 deriva del taller,24,88,B colchón fijo,8.0,100,0
M4 deriva del taller,24,88,B colchón fijo,10.0,102,0
M4 deriva del taller,24,88,B colchón fijo,12.0,105,0
M4 deriva del taller,24,88,B colchón fijo,15.0,108,0
M4 deriva del taller,24,88,MC completo,0.5,93,0
M4 deriva del taller,24,88,MC completo,0.6,94,0
M4 deriva del taller,24,88,MC completo,0.7,96,0
M4 deriva del taller,24,88,MC completo,0.8,98,0
M4 deriva del taller,24,88,MC completo,0.85,100,0
M4 deriva del taller,24,88,MC completo,0.9,101,0
M4 deriva del taller,24,88,MC completo,0.93,102,0
M4 deriva del taller,24,88,MC completo,0.95,105,0
M4 deriva del taller,24,88,MC completo,0.97,106,0
M4 deriva del taller,24,88,MC sin conformal,0.5,93,0
M4 deriva del taller,24,88,MC sin conformal,0.6,94,0
M4 deriva del taller,24,88,MC sin conformal,0.7,95,0
M4 deriva del taller,24,88,MC sin conformal,0.8,98,0
M4 deriva del taller,24,88,MC sin conformal,0.85,99,0
M4 deriva del taller,24,88,MC sin conformal,0.9,101,0
M4 deriva del taller,24,88,MC sin conformal,0.93,102,0
M4 deriva del taller,24,88,MC sin conformal,0.95,103,0
M4 deriva del taller,24,88,MC sin conformal,0.97,105,0
M4 deriva del taller,24,88,MC sin disponibilidad,0.5,91,2
M4 deriva del taller,24,88,MC sin disponibilidad,0.6,92,1
M4 deriva del taller,24,88,MC sin disponibilidad,0.7,94,0
M4 deriva del taller,24,88,MC sin disponibilidad,0.8,96,0
M4 deriva del taller,24,88,MC sin disponibilidad,0.85,98,0
M4 deriva del taller,24,88,MC sin disponibilidad,0.9,99,0
M4 deriva del taller,24,88,MC sin disponibilidad,0.93,100,0
M4 deriva del taller,24,88,MC sin disponibilidad,0.95,101,0
M4 deriva del taller,24,88,MC sin disponibilidad,0.97,103,0
M4 deriva del taller,24,88,MC sin carga del taller,0.5,93,0
M4 deriva del taller,24,88,MC sin carga del taller,0.6,94,0
M4 deriva del taller,24,88,MC sin carga del taller,0.7,96,0
M4 deriva del taller,24,88,MC sin carga del taller,0.8,98,0
M4 deriva del taller,24,88,MC sin carga del taller,0.85,100,0
M4 deriva del taller,24,88,MC sin carga del taller,0.9,101,0
M4 deriva del taller,24,88,MC sin carga del taller,0.93,102,0
M4 deriva del taller,24,88,MC sin carga del taller,0.95,105,0
M4 deriva del taller,24,88,MC sin carga del taller,0.97,106,0
M4 deriva del taller,24,88,MC con rho = 0,0.5,93,0
M4 deriva del taller,24,88,MC con rho = 0,0.6,94,0
M4 deriva del taller,24,88,MC con rho = 0,0.7,95,0
M4 deriva del taller,24,88,MC con rho = 0,0.8,98,0
M4 deriva del taller,24,88,MC con rho = 0,0.85,99,0
M4 deriva del taller,24,88,MC con rho = 0,0.9,100,0
M4 deriva del taller,24,88,MC con rho = 0,0.93,101,0
M4 deriva del taller,24,88,MC con rho = 0,0.95,102,0
M4 deriva del taller,24,88,MC con rho = 0,0.97,103,0
M4 deriva del taller,24,88,MC sin variables (empírico),0.5,102,0
M4 deriva del taller,24,88,MC sin variables (empírico),0.6,105,0
M4 deriva del taller,24,88,MC sin variables (empírico),0.7,107,0
M4 deriva del taller,24,88,MC sin variables (empírico),0.8,109,0
M4 deriva del taller,24,88,MC sin variables (empírico),0.85,112,0
M4 deriva del taller,24,88,MC sin variables (empírico),0.9,114,0
M4 deriva del taller,24,88,MC sin variables (empírico),0.93,115,0
M4 deriva del taller,24,88,MC sin variables (empírico),0.95,117,0
M4 deriva del taller,24,88,MC sin variables (empírico),0.97,121,0
M4 deriva del taller,25,55,A0 criterio del cotizador,0.0,55,0
M4 deriva del taller,25,55,B colchón fijo,0.0,50,4
M4 deriva del taller,25,55,B colchón fijo,1.0,51,3
M4 deriva del taller,25,55,B colchón fijo,2.0,52,2
M4 deriva del taller,25,55,B colchón fijo,3.0,53,1
M4 deriva del taller,25,55,B colchón fijo,4.0,55,0
M4 deriva del taller,25,55,B colchón fijo,6.0,57,0
M4 deriva del taller,25,55,B colchón fijo,8.0,59,0
M4 deriva del taller,25,55,B colchón fijo,10.0,62,0
M4 deriva del taller,25,55,B colchón fijo,12.0,64,0
M4 deriva del taller,25,55,B colchón fijo,15.0,67,0
M4 deriva del taller,25,55,MC completo,0.5,53,1
M4 deriva del taller,25,55,MC completo,0.6,55,0
M4 deriva del taller,25,55,MC completo,0.7,56,0
M4 deriva del taller,25,55,MC completo,0.8,58,0
M4 deriva del taller,25,55,MC completo,0.85,58,0
M4 deriva del taller,25,55,MC completo,0.9,59,0
M4 deriva del taller,25,55,MC completo,0.93,60,0
M4 deriva del taller,25,55,MC completo,0.95,62,0
M4 deriva del taller,25,55,MC completo,0.97,63,0
M4 deriva del taller,25,55,MC sin conformal,0.5,53,1
M4 deriva del taller,25,55,MC sin conformal,0.6,55,0
M4 deriva del taller,25,55,MC sin conformal,0.7,56,0
M4 deriva del taller,25,55,MC sin conformal,0.8,57,0
M4 deriva del taller,25,55,MC sin conformal,0.85,58,0
M4 deriva del taller,25,55,MC sin conformal,0.9,59,0
M4 deriva del taller,25,55,MC sin conformal,0.93,60,0
M4 deriva del taller,25,55,MC sin conformal,0.95,62,0
M4 deriva del taller,25,55,MC sin conformal,0.97,62,0
M4 deriva del taller,25,55,MC sin disponibilidad,0.5,53,1
M4 deriva del taller,25,55,MC sin disponibilidad,0.6,53,1
M4 deriva del taller,25,55,MC sin disponibilidad,0.7,56,0
M4 deriva del taller,25,55,MC sin disponibilidad,0.8,57,0
M4 deriva del taller,25,55,MC sin disponibilidad,0.85,57,0
M4 deriva del taller,25,55,MC sin disponibilidad,0.9,58,0
M4 deriva del taller,25,55,MC sin disponibilidad,0.93,59,0
M4 deriva del taller,25,55,MC sin disponibilidad,0.95,60,0
M4 deriva del taller,25,55,MC sin disponibilidad,0.97,62,0
M4 deriva del taller,25,55,MC sin carga del taller,0.5,52,2
M4 deriva del taller,25,55,MC sin carga del taller,0.6,53,1
M4 deriva del taller,25,55,MC sin carga del taller,0.7,55,0
M4 deriva del taller,25,55,MC sin carga del taller,0.8,56,0
M4 deriva del taller,25,55,MC sin carga del taller,0.85,57,0
M4 deriva del taller,25,55,MC sin carga del taller,0.9,58,0
M4 deriva del taller,25,55,MC sin carga del taller,0.93,59,0
M4 deriva del taller,25,55,MC sin carga del taller,0.95,60,0
M4 deriva del taller,25,55,MC sin carga del taller,0.97,60,0
M4 deriva del taller,25,55,MC con rho = 0,0.5,53,1
M4 deriva del taller,25,55,MC con rho = 0,0.6,55,0
M4 deriva del taller,25,55,MC con rho = 0,0.7,56,0
M4 deriva del taller,25,55,MC con rho = 0,0.8,57,0
M4 deriva del taller,25,55,MC con rho = 0,0.85,58,0
M4 deriva del taller,25,55,MC con rho = 0,0.9,58,0
M4 deriva del taller,25,55,MC con rho = 0,0.93,59,0
M4 deriva del taller,25,55,MC con rho = 0,0.95,60,0
M4 deriva del taller,25,55,MC con rho = 0,0.97,60,0
M4 deriva del taller,25,55,MC sin variables (empírico),0.5,56,0
M4 deriva del taller,25,55,MC sin variables (empírico),0.6,57,0
M4 deriva del taller,25,55,MC sin variables (empírico),0.7,58,0
M4 deriva del taller,25,55,MC sin variables (empírico),0.8,59,0
M4 deriva del taller,25,55,MC sin variables (empírico),0.85,60,0
M4 deriva del taller,25,55,MC sin variables (empírico),0.9,62,0
M4 deriva del taller,25,55,MC sin variables (empírico),0.93,63,0
M4 deriva del taller,25,55,MC sin variables (empírico),0.95,63,0
M4 deriva del taller,25,55,MC sin variables (empírico),0.97,64,0
M4 deriva del taller,23,52,A0 criterio del cotizador,0.0,52,0
M4 deriva del taller,23,52,B colchón fijo,0.0,52,0
M4 deriva del taller,23,52,B colchón fijo,1.0,53,0
M4 deriva del taller,23,52,B colchón fijo,2.0,55,0
M4 deriva del taller,23,52,B colchón fijo,3.0,56,0
M4 deriva del taller,23,52,B colchón fijo,4.0,57,0
M4 deriva del taller,23,52,B colchón fijo,6.0,59,0
M4 deriva del taller,23,52,B colchón fijo,8.0,62,0
M4 deriva del taller,23,52,B colchón fijo,10.0,64,0
M4 deriva del taller,23,52,B colchón fijo,12.0,66,0
M4 deriva del taller,23,52,B colchón fijo,15.0,70,0
M4 deriva del taller,23,52,MC completo,0.5,55,0
M4 deriva del taller,23,52,MC completo,0.6,56,0
M4 deriva del taller,23,52,MC completo,0.7,57,0
M4 deriva del taller,23,52,MC completo,0.8,58,0
M4 deriva del taller,23,52,MC completo,0.85,59,0
M4 deriva del taller,23,52,MC completo,0.9,60,0
M4 deriva del taller,23,52,MC completo,0.93,62,0
M4 deriva del taller,23,52,MC completo,0.95,63,0
M4 deriva del taller,23,52,MC completo,0.97,64,0
M4 deriva del taller,23,52,MC sin conformal,0.5,55,0
M4 deriva del taller,23,52,MC sin conformal,0.6,56,0
M4 deriva del taller,23,52,MC sin conformal,0.7,57,0
M4 deriva del taller,23,52,MC sin conformal,0.8,58,0
M4 deriva del taller,23,52,MC sin conformal,0.85,59,0
M4 deriva del taller,23,52,MC sin conformal,0.9,60,0
M4 deriva del taller,23,52,MC sin conformal,0.93,62,0
M4 deriva del taller,23,52,MC sin conformal,0.95,63,0
M4 deriva del taller,23,52,MC sin conformal,0.97,64,0
M4 deriva del taller,23,52,MC sin disponibilidad,0.5,53,0
M4 deriva del taller,23,52,MC sin disponibilidad,0.6,55,0
M4 deriva del taller,23,52,MC sin disponibilidad,0.7,56,0
M4 deriva del taller,23,52,MC sin disponibilidad,0.8,58,0
M4 deriva del taller,23,52,MC sin disponibilidad,0.85,58,0
M4 deriva del taller,23,52,MC sin disponibilidad,0.9,59,0
M4 deriva del taller,23,52,MC sin disponibilidad,0.93,60,0
M4 deriva del taller,23,52,MC sin disponibilidad,0.95,62,0
M4 deriva del taller,23,52,MC sin disponibilidad,0.97,63,0
M4 deriva del taller,23,52,MC sin carga del taller,0.5,55,0
M4 deriva del taller,23,52,MC sin carga del taller,0.6,56,0
M4 deriva del taller,23,52,MC sin carga del taller,0.7,57,0
M4 deriva del taller,23,52,MC sin carga del taller,0.8,58,0
M4 deriva del taller,23,52,MC sin carga del taller,0.85,59,0
M4 deriva del taller,23,52,MC sin carga del taller,0.9,60,0
M4 deriva del taller,23,52,MC sin carga del taller,0.93,62,0
M4 deriva del taller,23,52,MC sin carga del taller,0.95,63,0
M4 deriva del taller,23,52,MC sin carga del taller,0.97,64,0
M4 deriva del taller,23,52,MC con rho = 0,0.5,55,0
M4 deriva del taller,23,52,MC con rho = 0,0.6,56,0
M4 deriva del taller,23,52,MC con rho = 0,0.7,57,0
M4 deriva del taller,23,52,MC con rho = 0,0.8,58,0
M4 deriva del taller,23,52,MC con rho = 0,0.85,59,0
M4 deriva del taller,23,52,MC con rho = 0,0.9,59,0
M4 deriva del taller,23,52,MC con rho = 0,0.93,60,0
M4 deriva del taller,23,52,MC con rho = 0,0.95,62,0
M4 deriva del taller,23,52,MC con rho = 0,0.97,63,0
M4 deriva del taller,23,52,MC sin variables (empírico),0.5,50,2
M4 deriva del taller,23,52,MC sin variables (empírico),0.6,51,1
M4 deriva del taller,23,52,MC sin variables (empírico),0.7,52,0
M4 deriva del taller,23,52,MC sin variables (empírico),0.8,55,0
M4 deriva del taller,23,52,MC sin variables (empírico),0.85,55,0
M4 deriva del taller,23,52,MC sin variables (empírico),0.9,56,0
M4 deriva del taller,23,52,MC sin variables (empírico),0.93,57,0
M4 deriva del taller,23,52,MC sin variables (empírico),0.95,57,0
M4 deriva del taller,23,52,MC sin variables (empírico),0.97,58,0
M5 disponibilidad baja,2,81,A0 criterio del cotizador,0.0,81,0
M5 disponibilidad baja,2,81,B colchón fijo,0.0,84,0
M5 disponibilidad baja,2,81,B colchón fijo,1.0,85,0
M5 disponibilidad baja,2,81,B colchón fijo,2.0,86,0
M5 disponibilidad baja,2,81,B colchón fijo,3.0,88,0
M5 disponibilidad baja,2,81,B colchón fijo,4.0,89,0
M5 disponibilidad baja,2,81,B colchón fijo,6.0,91,0
M5 disponibilidad baja,2,81,B colchón fijo,8.0,93,0
M5 disponibilidad baja,2,81,B colchón fijo,10.0,96,0
M5 disponibilidad baja,2,81,B colchón fijo,12.0,98,0
M5 disponibilidad baja,2,81,B colchón fijo,15.0,102,0
M5 disponibilidad baja,2,81,MC completo,0.5,85,0
M5 disponibilidad baja,2,81,MC completo,0.6,88,0
M5 disponibilidad baja,2,81,MC completo,0.7,90,0
M5 disponibilidad baja,2,81,MC completo,0.8,92,0
M5 disponibilidad baja,2,81,MC completo,0.85,93,0
M5 disponibilidad baja,2,81,MC completo,0.9,95,0
M5 disponibilidad baja,2,81,MC completo,0.93,97,0
M5 disponibilidad baja,2,81,MC completo,0.95,97,0
M5 disponibilidad baja,2,81,MC completo,0.97,99,0
M5 disponibilidad baja,2,81,MC sin conformal,0.5,85,0
M5 disponibilidad baja,2,81,MC sin conformal,0.6,88,0
M5 disponibilidad baja,2,81,MC sin conformal,0.7,90,0
M5 disponibilidad baja,2,81,MC sin conformal,0.8,92,0
M5 disponibilidad baja,2,81,MC sin conformal,0.85,93,0
M5 disponibilidad baja,2,81,MC sin conformal,0.9,95,0
M5 disponibilidad baja,2,81,MC sin conformal,0.93,97,0
M5 disponibilidad baja,2,81,MC sin conformal,0.95,97,0
M5 disponibilidad baja,2,81,MC sin conformal,0.97,99,0
M5 disponibilidad baja,2,81,MC sin disponibilidad,0.5,83,0
M5 disponibilidad baja,2,81,MC sin disponibilidad,0.6,84,0
M5 disponibilidad baja,2,81,MC sin disponibilidad,0.7,86,0
M5 disponibilidad baja,2,81,MC sin disponibilidad,0.8,89,0
M5 disponibilidad baja,2,81,MC sin disponibilidad,0.85,91,0
M5 disponibilidad baja,2,81,MC sin disponibilidad,0.9,92,0
M5 disponibilidad baja,2,81,MC sin disponibilidad,0.93,93,0
M5 disponibilidad baja,2,81,MC sin disponibilidad,0.95,95,0
M5 disponibilidad baja,2,81,MC sin disponibilidad,0.97,96,0
M5 disponibilidad baja,2,81,MC sin carga del taller,0.5,83,0
M5 disponibilidad baja,2,81,MC sin carga del taller,0.6,84,0
M5 disponibilidad baja,2,81,MC sin carga del taller,0.7,86,0
M5 disponibilidad baja,2,81,MC sin carga del taller,0.8,89,0
M5 disponibilidad baja,2,81,MC sin carga del taller,0.85,90,0
M5 disponibilidad baja,2,81,MC sin carga del taller,0.9,92,0
M5 disponibilidad baja,2,81,MC sin carga del taller,0.93,93,0
M5 disponibilidad baja,2,81,MC sin carga del taller,0.95,95,0
M5 disponibilidad baja,2,81,MC sin carga del taller,0.97,96,0
M5 disponibilidad baja,2,81,MC con rho = 0,0.5,86,0
M5 disponibilidad baja,2,81,MC con rho = 0,0.6,88,0
M5 disponibilidad baja,2,81,MC con rho = 0,0.7,89,0
M5 disponibilidad baja,2,81,MC con rho = 0,0.8,91,0
M5 disponibilidad baja,2,81,MC con rho = 0,0.85,92,0
M5 disponibilidad baja,2,81,MC con rho = 0,0.9,93,0
M5 disponibilidad baja,2,81,MC con rho = 0,0.93,95,0
M5 disponibilidad baja,2,81,MC con rho = 0,0.95,96,0
M5 disponibilidad baja,2,81,MC con rho = 0,0.97,97,0
M5 disponibilidad baja,2,81,MC sin variables (empírico),0.5,85,0
M5 disponibilidad baja,2,81,MC sin variables (empírico),0.6,88,0
M5 disponibilidad baja,2,81,MC sin variables (empírico),0.7,90,0
M5 disponibilidad baja,2,81,MC sin variables (empírico),0.8,92,0
M5 disponibilidad baja,2,81,MC sin variables (empírico),0.85,93,0
M5 disponibilidad baja,2,81,MC sin variables (empírico),0.9,95,0
M5 disponibilidad baja,2,81,MC sin variables (empírico),0.93,97,0
M5 disponibilidad baja,2,81,MC sin variables (empírico),0.95,97,0
M5 disponibilidad baja,2,81,MC sin variables (empírico),0.97,99,0
M5 disponibilidad baja,1,83,A0 criterio del cotizador,0.0,83,0
M5 disponibilidad baja,1,83,B colchón fijo,0.0,101,0
M5 disponibilidad baja,1,83,B colchón fijo,1.0,102,0
M5 disponibilidad baja,1,83,B colchón fijo,2.0,103,0
M5 disponibilidad baja,1,83,B colchón fijo,3.0,104,0
M5 disponibilidad baja,1,83,B colchón fijo,4.0,105,0
M5 disponibilidad baja,1,83,B colchón fijo,6.0,108,0
M5 disponibilidad baja,1,83,B colchón fijo,8.0,110,0
M5 disponibilidad baja,1,83,B colchón fijo,10.0,112,0
M5 disponibilidad baja,1,83,B colchón fijo,12.0,115,0
M5 disponibilidad baja,1,83,B colchón fijo,15.0,118,0
M5 disponibilidad baja,1,83,MC completo,0.5,102,0
M5 disponibilidad baja,1,83,MC completo,0.6,105,0
M5 disponibilidad baja,1,83,MC completo,0.7,108,0
M5 disponibilidad baja,1,83,MC completo,0.8,110,0
M5 disponibilidad baja,1,83,MC completo,0.85,111,0
M5 disponibilidad baja,1,83,MC completo,0.9,113,0
M5 disponibilidad baja,1,83,MC completo,0.93,115,0
M5 disponibilidad baja,1,83,MC completo,0.95,117,0
M5 disponibilidad baja,1,83,MC completo,0.97,119,0
M5 disponibilidad baja,1,83,MC sin conformal,0.5,102,0
M5 disponibilidad baja,1,83,MC sin conformal,0.6,105,0
M5 disponibilidad baja,1,83,MC sin conformal,0.7,108,0
M5 disponibilidad baja,1,83,MC sin conformal,0.8,110,0
M5 disponibilidad baja,1,83,MC sin conformal,0.85,111,0
M5 disponibilidad baja,1,83,MC sin conformal,0.9,113,0
M5 disponibilidad baja,1,83,MC sin conformal,0.93,115,0
M5 disponibilidad baja,1,83,MC sin conformal,0.95,117,0
M5 disponibilidad baja,1,83,MC sin conformal,0.97,119,0
M5 disponibilidad baja,1,83,MC sin disponibilidad,0.5,99,0
M5 disponibilidad baja,1,83,MC sin disponibilidad,0.6,102,0
M5 disponibilidad baja,1,83,MC sin disponibilidad,0.7,104,0
M5 disponibilidad baja,1,83,MC sin disponibilidad,0.8,108,0
M5 disponibilidad baja,1,83,MC sin disponibilidad,0.85,109,0
M5 disponibilidad baja,1,83,MC sin disponibilidad,0.9,111,0
M5 disponibilidad baja,1,83,MC sin disponibilidad,0.93,112,0
M5 disponibilidad baja,1,83,MC sin disponibilidad,0.95,113,0
M5 disponibilidad baja,1,83,MC sin disponibilidad,0.97,116,0
M5 disponibilidad baja,1,83,MC sin carga del taller,0.5,95,0
M5 disponibilidad baja,1,83,MC sin carga del taller,0.6,96,0
M5 disponibilidad baja,1,83,MC sin carga del taller,0.7,99,0
M5 disponibilidad baja,1,83,MC sin carga del taller,0.8,102,0
M5 disponibilidad baja,1,83,MC sin carga del taller,0.85,103,0
M5 disponibilidad baja,1,83,MC sin carga del taller,0.9,105,0
M5 disponibilidad baja,1,83,MC sin carga del taller,0.93,108,0
M5 disponibilidad baja,1,83,MC sin carga del taller,0.95,109,0
M5 disponibilidad baja,1,83,MC sin carga del taller,0.97,110,0
M5 disponibilidad baja,1,83,MC con rho = 0,0.5,103,0
M5 disponibilidad baja,1,83,MC con rho = 0,0.6,104,0
M5 disponibilidad baja,1,83,MC con rho = 0,0.7,106,0
M5 disponibilidad baja,1,83,MC con rho = 0,0.8,108,0
M5 disponibilidad baja,1,83,MC con rho = 0,0.85,109,0
M5 disponibilidad baja,1,83,MC con rho = 0,0.9,111,0
M5 disponibilidad baja,1,83,MC con rho = 0,0.93,112,0
M5 disponibilidad baja,1,83,MC con rho = 0,0.95,112,0
M5 disponibilidad baja,1,83,MC con rho = 0,0.97,113,0
M5 disponibilidad baja,1,83,MC sin variables (empírico),0.5,102,0
M5 disponibilidad baja,1,83,MC sin variables (empírico),0.6,105,0
M5 disponibilidad baja,1,83,MC sin variables (empírico),0.7,108,0
M5 disponibilidad baja,1,83,MC sin variables (empírico),0.8,110,0
M5 disponibilidad baja,1,83,MC sin variables (empírico),0.85,111,0
M5 disponibilidad baja,1,83,MC sin variables (empírico),0.9,113,0
M5 disponibilidad baja,1,83,MC sin variables (empírico),0.93,115,0
M5 disponibilidad baja,1,83,MC sin variables (empírico),0.95,117,0
M5 disponibilidad baja,1,83,MC sin variables (empírico),0.97,119,0
M5 disponibilidad baja,3,75,A0 criterio del cotizador,0.0,75,0
M5 disponibilidad baja,3,75,B colchón fijo,0.0,73,1
M5 disponibilidad baja,3,75,B colchón fijo,1.0,74,0
M5 disponibilidad baja,3,75,B colchón fijo,2.0,75,0
M5 disponibilidad baja,3,75,B colchón fijo,3.0,76,0
M5 disponibilidad baja,3,75,B colchón fijo,4.0,77,0
M5 disponibilidad baja,3,75,B colchón fijo,6.0,80,0
M5 disponibilidad baja,3,75,B colchón fijo,8.0,82,0
M5 disponibilidad baja,3,75,B colchón fijo,10.0,84,0
M5 disponibilidad baja,3,75,B colchón fijo,12.0,87,0
M5 disponibilidad baja,3,75,B colchón fijo,15.0,90,0
M5 disponibilidad baja,3,75,MC completo,0.5,76,0
M5 disponibilidad baja,3,75,MC completo,0.6,77,0
M5 disponibilidad baja,3,75,MC completo,0.7,80,0
M5 disponibilidad baja,3,75,MC completo,0.8,82,0
M5 disponibilidad baja,3,75,MC completo,0.85,83,0
M5 disponibilidad baja,3,75,MC completo,0.9,84,0
M5 disponibilidad baja,3,75,MC completo,0.93,87,0
M5 disponibilidad baja,3,75,MC completo,0.95,87,0
M5 disponibilidad baja,3,75,MC completo,0.97,89,0
M5 disponibilidad baja,3,75,MC sin conformal,0.5,76,0
M5 disponibilidad baja,3,75,MC sin conformal,0.6,77,0
M5 disponibilidad baja,3,75,MC sin conformal,0.7,80,0
M5 disponibilidad baja,3,75,MC sin conformal,0.8,82,0
M5 disponibilidad baja,3,75,MC sin conformal,0.85,83,0
M5 disponibilidad baja,3,75,MC sin conformal,0.9,84,0
M5 disponibilidad baja,3,75,MC sin conformal,0.93,87,0
M5 disponibilidad baja,3,75,MC sin conformal,0.95,87,0
M5 disponibilidad baja,3,75,MC sin conformal,0.97,89,0
M5 disponibilidad baja,3,75,MC sin disponibilidad,0.5,74,0
M5 disponibilidad baja,3,75,MC sin disponibilidad,0.6,75,0
M5 disponibilidad baja,3,75,MC sin disponibilidad,0.7,77,0
M5 disponibilidad baja,3,75,MC sin disponibilidad,0.8,78,0
M5 disponibilidad baja,3,75,MC sin disponibilidad,0.85,80,0
M5 disponibilidad baja,3,75,MC sin disponibilidad,0.9,81,0
M5 disponibilidad baja,3,75,MC sin disponibilidad,0.93,82,0
M5 disponibilidad baja,3,75,MC sin disponibilidad,0.95,83,0
M5 disponibilidad baja,3,75,MC sin disponibilidad,0.97,84,0
M5 disponibilidad baja,3,75,MC sin carga del taller,0.5,76,0
M5 disponibilidad baja,3,75,MC sin carga del taller,0.6,77,0
M5 disponibilidad baja,3,75,MC sin carga del taller,0.7,80,0
M5 disponibilidad baja,3,75,MC sin carga del taller,0.8,82,0
M5 disponibilidad baja,3,75,MC sin carga del taller,0.85,83,0
M5 disponibilidad baja,3,75,MC sin carga del taller,0.9,84,0
M5 disponibilidad baja,3,75,MC sin carga del taller,0.93,87,0
M5 disponibilidad baja,3,75,MC sin carga del taller,0.95,87,0
M5 disponibilidad baja,3,75,MC sin carga del taller,0.97,89,0
M5 disponibilidad baja,3,75,MC con rho = 0,0.5,75,0
M5 disponibilidad baja,3,75,MC con rho = 0,0.6,77,0
M5 disponibilidad baja,3,75,MC con rho = 0,0.7,78,0
M5 disponibilidad baja,3,75,MC con rho = 0,0.8,81,0
M5 disponibilidad baja,3,75,MC con rho = 0,0.85,81,0
M5 disponibilidad baja,3,75,MC con rho = 0,0.9,83,0
M5 disponibilidad baja,3,75,MC con rho = 0,0.93,83,0
M5 disponibilidad baja,3,75,MC con rho = 0,0.95,84,0
M5 disponibilidad baja,3,75,MC con rho = 0,0.97,88,0
M5 disponibilidad baja,3,75,MC sin variables (empírico),0.5,76,0
M5 disponibilidad baja,3,75,MC sin variables (empírico),0.6,77,0
M5 disponibilidad baja,3,75,MC sin variables (empírico),0.7,80,0
M5 disponibilidad baja,3,75,MC sin variables (empírico),0.8,82,0
M5 disponibilidad baja,3,75,MC sin variables (empírico),0.85,83,0
M5 disponibilidad baja,3,75,MC sin variables (empírico),0.9,84,0
M5 disponibilidad baja,3,75,MC sin variables (empírico),0.93,87,0
M5 disponibilidad baja,3,75,MC sin variables (empírico),0.95,87,0
M5 disponibilidad baja,3,75,MC sin variables (empírico),0.97,89,0
M5 disponibilidad baja,5,72,A0 criterio del cotizador,0.0,72,0
M5 disponibilidad baja,5,72,B colchón fijo,0.0,68,4
M5 disponibilidad baja,5,72,B colchón fijo,1.0,69,3
M5 disponibilidad baja,5,72,B colchón fijo,2.0,71,1
M5 disponibilidad baja,5,72,B colchón fijo,3.0,72,0
M5 disponibilidad baja,5,72,B colchón fijo,4.0,73,0
M5 disponibilidad baja,5,72,B colchón fijo,6.0,75,0
M5 disponibilidad baja,5,72,B colchón fijo,8.0,78,0
M5 disponibilidad baja,5,72,B colchón fijo,10.0,80,0
M5 disponibilidad baja,5,72,B colchón fijo,12.0,82,0
M5 disponibilidad baja,5,72,B colchón fijo,15.0,86,0
M5 disponibilidad baja,5,72,MC completo,0.5,72,0
M5 disponibilidad baja,5,72,MC completo,0.6,73,0
M5 disponibilidad baja,5,72,MC completo,0.7,74,0
M5 disponibilidad baja,5,72,MC completo,0.8,76,0
M5 disponibilidad baja,5,72,MC completo,0.85,78,0
M5 disponibilidad baja,5,72,MC completo,0.9,79,0
M5 disponibilidad baja,5,72,MC completo,0.93,80,0
M5 disponibilidad baja,5,72,MC completo,0.95,81,0
M5 disponibilidad baja,5,72,MC completo,0.97,82,0
M5 disponibilidad baja,5,72,MC sin conformal,0.5,72,0
M5 disponibilidad baja,5,72,MC sin conformal,0.6,73,0
M5 disponibilidad baja,5,72,MC sin conformal,0.7,74,0
M5 disponibilidad baja,5,72,MC sin conformal,0.8,76,0
M5 disponibilidad baja,5,72,MC sin conformal,0.85,78,0
M5 disponibilidad baja,5,72,MC sin conformal,0.9,79,0
M5 disponibilidad baja,5,72,MC sin conformal,0.93,80,0
M5 disponibilidad baja,5,72,MC sin conformal,0.95,81,0
M5 disponibilidad baja,5,72,MC sin conformal,0.97,82,0
M5 disponibilidad baja,5,72,MC sin disponibilidad,0.5,69,3
M5 disponibilidad baja,5,72,MC sin disponibilidad,0.6,71,1
M5 disponibilidad baja,5,72,MC sin disponibilidad,0.7,72,0
M5 disponibilidad baja,5,72,MC sin disponibilidad,0.8,73,0
M5 disponibilidad baja,5,72,MC sin disponibilidad,0.85,74,0
M5 disponibilidad baja,5,72,MC sin disponibilidad,0.9,75,0
M5 disponibilidad baja,5,72,MC sin disponibilidad,0.93,76,0
M5 disponibilidad baja,5,72,MC sin disponibilidad,0.95,76,0
M5 disponibilidad baja,5,72,MC sin disponibilidad,0.97,78,0
M5 disponibilidad baja,5,72,MC sin carga del taller,0.5,72,0
M5 disponibilidad baja,5,72,MC sin carga del taller,0.6,73,0
M5 disponibilidad baja,5,72,MC sin carga del taller,0.7,74,0
M5 disponibilidad baja,5,72,MC sin carga del taller,0.8,76,0
M5 disponibilidad baja,5,72,MC sin carga del taller,0.85,78,0
M5 disponibilidad baja,5,72,MC sin carga del taller,0.9,79,0
M5 disponibilidad baja,5,72,MC sin carga del taller,0.93,80,0
M5 disponibilidad baja,5,72,MC sin carga del taller,0.95,81,0
M5 disponibilidad baja,5,72,MC sin carga del taller,0.97,82,0
M5 disponibilidad baja,5,72,MC con rho = 0,0.5,72,0
M5 disponibilidad baja,5,72,MC con rho = 0,0.6,73,0
M5 disponibilidad baja,5,72,MC con rho = 0,0.7,74,0
M5 disponibilidad baja,5,72,MC con rho = 0,0.8,75,0
M5 disponibilidad baja,5,72,MC con rho = 0,0.85,76,0
M5 disponibilidad baja,5,72,MC con rho = 0,0.9,78,0
M5 disponibilidad baja,5,72,MC con rho = 0,0.93,79,0
M5 disponibilidad baja,5,72,MC con rho = 0,0.95,80,0
M5 disponibilidad baja,5,72,MC con rho = 0,0.97,81,0
M5 disponibilidad baja,5,72,MC sin variables (empírico),0.5,72,0
M5 disponibilidad baja,5,72,MC sin variables (empírico),0.6,73,0
M5 disponibilidad baja,5,72,MC sin variables (empírico),0.7,74,0
M5 disponibilidad baja,5,72,MC sin variables (empírico),0.8,76,0
M5 disponibilidad baja,5,72,MC sin variables (empírico),0.85,78,0
M5 disponibilidad baja,5,72,MC sin variables (empírico),0.9,79,0
M5 disponibilidad baja,5,72,MC sin variables (empírico),0.93,80,0
M5 disponibilidad baja,5,72,MC sin variables (empírico),0.95,81,0
M5 disponibilidad baja,5,72,MC sin variables (empírico),0.97,82,0
M5 disponibilidad baja,6,61,A0 criterio del cotizador,0.0,61,5
M5 disponibilidad baja,6,61,B colchón fijo,0.0,57,9
M5 disponibilidad baja,6,61,B colchón fijo,1.0,58,8
M5 disponibilidad baja,6,61,B colchón fijo,2.0,60,6
M5 disponibilidad baja,6,61,B colchón fijo,3.0,61,5
M5 disponibilidad baja,6,61,B colchón fijo,4.0,62,4
M5 disponibilidad baja,6,61,B colchón fijo,6.0,64,2
M5 disponibilidad baja,6,61,B colchón fijo,8.0,67,0
M5 disponibilidad baja,6,61,B colchón fijo,10.0,69,0
M5 disponibilidad baja,6,61,B colchón fijo,12.0,71,0
M5 disponibilidad baja,6,61,B colchón fijo,15.0,75,0
M5 disponibilidad baja,6,61,MC completo,0.5,58,8
M5 disponibilidad baja,6,61,MC completo,0.6,60,6
M5 disponibilidad baja,6,61,MC completo,0.7,61,5
M5 disponibilidad baja,6,61,MC completo,0.8,63,3
M5 disponibilidad baja,6,61,MC completo,0.85,64,2
M5 disponibilidad baja,6,61,MC completo,0.9,65,1
M5 disponibilidad baja,6,61,MC completo,0.93,67,0
M5 disponibilidad baja,6,61,MC completo,0.95,68,0
M5 disponibilidad baja,6,61,MC completo,0.97,69,0
M5 disponibilidad baja,6,61,MC sin conformal,0.5,58,8
M5 disponibilidad baja,6,61,MC sin conformal,0.6,60,6
M5 disponibilidad baja,6,61,MC sin conformal,0.7,61,5
M5 disponibilidad baja,6,61,MC sin conformal,0.8,63,3
M5 disponibilidad baja,6,61,MC sin conformal,0.85,64,2
M5 disponibilidad baja,6,61,MC sin conformal,0.9,65,1
M5 disponibilidad baja,6,61,MC sin conformal,0.93,67,0
M5 disponibilidad baja,6,61,MC sin conformal,0.95,68,0
M5 disponibilidad baja,6,61,MC sin conformal,0.97,69,0
M5 disponibilidad baja,6,61,MC sin disponibilidad,0.5,57,9
M5 disponibilidad baja,6,61,MC sin disponibilidad,0.6,57,9
M5 disponibilidad baja,6,61,MC sin disponibilidad,0.7,58,8
M5 disponibilidad baja,6,61,MC sin disponibilidad,0.8,61,5
M5 disponibilidad baja,6,61,MC sin disponibilidad,0.85,61,5
M5 disponibilidad baja,6,61,MC sin disponibilidad,0.9,62,4
M5 disponibilidad baja,6,61,MC sin disponibilidad,0.93,63,3
M5 disponibilidad baja,6,61,MC sin disponibilidad,0.95,63,3
M5 disponibilidad baja,6,61,MC sin disponibilidad,0.97,64,2
M5 disponibilidad baja,6,61,MC sin carga del taller,0.5,58,8
M5 disponibilidad baja,6,61,MC sin carga del taller,0.6,58,8
M5 disponibilidad baja,6,61,MC sin carga del taller,0.7,60,6
M5 disponibilidad baja,6,61,MC sin carga del taller,0.8,61,5
M5 disponibilidad baja,6,61,MC sin carga del taller,0.85,62,4
M5 disponibilidad baja,6,61,MC sin carga del taller,0.9,63,3
M5 disponibilidad baja,6,61,MC sin carga del taller,0.93,65,1
M5 disponibilidad baja,6,61,MC sin carga del taller,0.95,65,1
M5 disponibilidad baja,6,61,MC sin carga del taller,0.97,67,0
M5 disponibilidad baja,6,61,MC con rho = 0,0.5,58,8
M5 disponibilidad baja,6,61,MC con rho = 0,0.6,60,6
M5 disponibilidad baja,6,61,MC con rho = 0,0.7,61,5
M5 disponibilidad baja,6,61,MC con rho = 0,0.8,62,4
M5 disponibilidad baja,6,61,MC con rho = 0,0.85,63,3
M5 disponibilidad baja,6,61,MC con rho = 0,0.9,64,2
M5 disponibilidad baja,6,61,MC con rho = 0,0.93,65,1
M5 disponibilidad baja,6,61,MC con rho = 0,0.95,67,0
M5 disponibilidad baja,6,61,MC con rho = 0,0.97,68,0
M5 disponibilidad baja,6,61,MC sin variables (empírico),0.5,58,8
M5 disponibilidad baja,6,61,MC sin variables (empírico),0.6,60,6
M5 disponibilidad baja,6,61,MC sin variables (empírico),0.7,61,5
M5 disponibilidad baja,6,61,MC sin variables (empírico),0.8,63,3
M5 disponibilidad baja,6,61,MC sin variables (empírico),0.85,64,2
M5 disponibilidad baja,6,61,MC sin variables (empírico),0.9,65,1
M5 disponibilidad baja,6,61,MC sin variables (empírico),0.93,67,0
M5 disponibilidad baja,6,61,MC sin variables (empírico),0.95,68,0
M5 disponibilidad baja,6,61,MC sin variables (empírico),0.97,69,0
M5 disponibilidad baja,4,64,A0 criterio del cotizador,0.0,64,0
M5 disponibilidad baja,4,64,B colchón fijo,0.0,60,4
M5 disponibilidad baja,4,64,B colchón fijo,1.0,62,2
M5 disponibilidad baja,4,64,B colchón fijo,2.0,63,1
M5 disponibilidad baja,4,64,B colchón fijo,3.0,64,0
M5 disponibilidad baja,4,64,B colchón fijo,4.0,65,0
M5 disponibilidad baja,4,64,B colchón fijo,6.0,67,0
M5 disponibilidad baja,4,64,B colchón fijo,8.0,70,0
M5 disponibilidad baja,4,64,B colchón fijo,10.0,72,0
M5 disponibilidad baja,4,64,B colchón fijo,12.0,74,0
M5 disponibilidad baja,4,64,B colchón fijo,15.0,78,0
M5 disponibilidad baja,4,64,MC completo,0.5,62,2
M5 disponibilidad baja,4,64,MC completo,0.6,63,1
M5 disponibilidad baja,4,64,MC completo,0.7,64,0
M5 disponibilidad baja,4,64,MC completo,0.8,66,0
M5 disponibilidad baja,4,64,MC completo,0.85,67,0
M5 disponibilidad baja,4,64,MC completo,0.9,67,0
M5 disponibilidad baja,4,64,MC completo,0.93,69,0
M5 disponibilidad baja,4,64,MC completo,0.95,70,0
M5 disponibilidad baja,4,64,MC completo,0.97,71,0
M5 disponibilidad baja,4,64,MC sin conformal,0.5,62,2
M5 disponibilidad baja,4,64,MC sin conformal,0.6,63,1
M5 disponibilidad baja,4,64,MC sin conformal,0.7,64,0
M5 disponibilidad baja,4,64,MC sin conformal,0.8,66,0
M5 disponibilidad baja,4,64,MC sin conformal,0.85,67,0
M5 disponibilidad baja,4,64,MC sin conformal,0.9,67,0
M5 disponibilidad baja,4,64,MC sin conformal,0.93,69,0
M5 disponibilidad baja,4,64,MC sin conformal,0.95,70,0
M5 disponibilidad baja,4,64,MC sin conformal,0.97,71,0
M5 disponibilidad baja,4,64,MC sin disponibilidad,0.5,60,4
M5 disponibilidad baja,4,64,MC sin disponibilidad,0.6,62,2
M5 disponibilidad baja,4,64,MC sin disponibilidad,0.7,63,1
M5 disponibilidad baja,4,64,MC sin disponibilidad,0.8,64,0
M5 disponibilidad baja,4,64,MC sin disponibilidad,0.85,65,0
M5 disponibilidad baja,4,64,MC sin disponibilidad,0.9,66,0
M5 disponibilidad baja,4,64,MC sin disponibilidad,0.93,66,0
M5 disponibilidad baja,4,64,MC sin disponibilidad,0.95,67,0
M5 disponibilidad baja,4,64,MC sin disponibilidad,0.97,69,0
M5 disponibilidad baja,4,64,MC sin carga del taller,0.5,62,2
M5 disponibilidad baja,4,64,MC sin carga del taller,0.6,63,1
M5 disponibilidad baja,4,64,MC sin carga del taller,0.7,64,0
M5 disponibilidad baja,4,64,MC sin carga del taller,0.8,66,0
M5 disponibilidad baja,4,64,MC sin carga del taller,0.85,67,0
M5 disponibilidad baja,4,64,MC sin carga del taller,0.9,67,0
M5 disponibilidad baja,4,64,MC sin carga del taller,0.93,69,0
M5 disponibilidad baja,4,64,MC sin carga del taller,0.95,70,0
M5 disponibilidad baja,4,64,MC sin carga del taller,0.97,71,0
M5 disponibilidad baja,4,64,MC con rho = 0,0.5,62,2
M5 disponibilidad baja,4,64,MC con rho = 0,0.6,63,1
M5 disponibilidad baja,4,64,MC con rho = 0,0.7,64,0
M5 disponibilidad baja,4,64,MC con rho = 0,0.8,66,0
M5 disponibilidad baja,4,64,MC con rho = 0,0.85,66,0
M5 disponibilidad baja,4,64,MC con rho = 0,0.9,67,0
M5 disponibilidad baja,4,64,MC con rho = 0,0.93,69,0
M5 disponibilidad baja,4,64,MC con rho = 0,0.95,70,0
M5 disponibilidad baja,4,64,MC con rho = 0,0.97,71,0
M5 disponibilidad baja,4,64,MC sin variables (empírico),0.5,62,2
M5 disponibilidad baja,4,64,MC sin variables (empírico),0.6,63,1
M5 disponibilidad baja,4,64,MC sin variables (empírico),0.7,64,0
M5 disponibilidad baja,4,64,MC sin variables (empírico),0.8,66,0
M5 disponibilidad baja,4,64,MC sin variables (empírico),0.85,67,0
M5 disponibilidad baja,4,64,MC sin variables (empírico),0.9,67,0
M5 disponibilidad baja,4,64,MC sin variables (empírico),0.93,69,0
M5 disponibilidad baja,4,64,MC sin variables (empírico),0.95,70,0
M5 disponibilidad baja,4,64,MC sin variables (empírico),0.97,71,0
M5 disponibilidad baja,7,61,A0 criterio del cotizador,0.0,61,0
M5 disponibilidad baja,7,61,B colchón fijo,0.0,59,2
M5 disponibilidad baja,7,61,B colchón fijo,1.0,60,1
M5 disponibilidad baja,7,61,B colchón fijo,2.0,61,0
M5 disponibilidad baja,7,61,B colchón fijo,3.0,63,0
M5 disponibilidad baja,7,61,B colchón fijo,4.0,64,0
M5 disponibilidad baja,7,61,B colchón fijo,6.0,66,0
M5 disponibilidad baja,7,61,B colchón fijo,8.0,68,0
M5 disponibilidad baja,7,61,B colchón fijo,10.0,71,0
M5 disponibilidad baja,7,61,B colchón fijo,12.0,73,0
M5 disponibilidad baja,7,61,B colchón fijo,15.0,77,0
M5 disponibilidad baja,7,61,MC completo,0.5,60,1
M5 disponibilidad baja,7,61,MC completo,0.6,61,0
M5 disponibilidad baja,7,61,MC completo,0.7,63,0
M5 disponibilidad baja,7,61,MC completo,0.8,65,0
M5 disponibilidad baja,7,61,MC completo,0.85,65,0
M5 disponibilidad baja,7,61,MC completo,0.9,66,0
M5 disponibilidad baja,7,61,MC completo,0.93,68,0
M5 disponibilidad baja,7,61,MC completo,0.95,68,0
M5 disponibilidad baja,7,61,MC completo,0.97,71,0
M5 disponibilidad baja,7,61,MC sin conformal,0.5,60,1
M5 disponibilidad baja,7,61,MC sin conformal,0.6,61,0
M5 disponibilidad baja,7,61,MC sin conformal,0.7,63,0
M5 disponibilidad baja,7,61,MC sin conformal,0.8,65,0
M5 disponibilidad baja,7,61,MC sin conformal,0.85,65,0
M5 disponibilidad baja,7,61,MC sin conformal,0.9,66,0
M5 disponibilidad baja,7,61,MC sin conformal,0.93,68,0
M5 disponibilidad baja,7,61,MC sin conformal,0.95,68,0
M5 disponibilidad baja,7,61,MC sin conformal,0.97,71,0
M5 disponibilidad baja,7,61,MC sin disponibilidad,0.5,59,2
M5 disponibilidad baja,7,61,MC sin disponibilidad,0.6,60,1
M5 disponibilidad baja,7,61,MC sin disponibilidad,0.7,61,0
M5 disponibilidad baja,7,61,MC sin disponibilidad,0.8,63,0
M5 disponibilidad baja,7,61,MC sin disponibilidad,0.85,64,0
M5 disponibilidad baja,7,61,MC sin disponibilidad,0.9,65,0
M5 disponibilidad baja,7,61,MC sin disponibilidad,0.93,65,0
M5 disponibilidad baja,7,61,MC sin disponibilidad,0.95,66,0
M5 disponibilidad baja,7,61,MC sin disponibilidad,0.97,67,0
M5 disponibilidad baja,7,61,MC sin carga del taller,0.5,60,1
M5 disponibilidad baja,7,61,MC sin carga del taller,0.6,61,0
M5 disponibilidad baja,7,61,MC sin carga del taller,0.7,63,0
M5 disponibilidad baja,7,61,MC sin carga del taller,0.8,65,0
M5 disponibilidad baja,7,61,MC sin carga del taller,0.85,65,0
M5 disponibilidad baja,7,61,MC sin carga del taller,0.9,66,0
M5 disponibilidad baja,7,61,MC sin carga del taller,0.93,68,0
M5 disponibilidad baja,7,61,MC sin carga del taller,0.95,68,0
M5 disponibilidad baja,7,61,MC sin carga del taller,0.97,71,0
M5 disponibilidad baja,7,61,MC con rho = 0,0.5,60,1
M5 disponibilidad baja,7,61,MC con rho = 0,0.6,61,0
M5 disponibilidad baja,7,61,MC con rho = 0,0.7,63,0
M5 disponibilidad baja,7,61,MC con rho = 0,0.8,64,0
M5 disponibilidad baja,7,61,MC con rho = 0,0.85,65,0
M5 disponibilidad baja,7,61,MC con rho = 0,0.9,66,0
M5 disponibilidad baja,7,61,MC con rho = 0,0.93,66,0
M5 disponibilidad baja,7,61,MC con rho = 0,0.95,67,0
M5 disponibilidad baja,7,61,MC con rho = 0,0.97,68,0
M5 disponibilidad baja,7,61,MC sin variables (empírico),0.5,60,1
M5 disponibilidad baja,7,61,MC sin variables (empírico),0.6,61,0
M5 disponibilidad baja,7,61,MC sin variables (empírico),0.7,63,0
M5 disponibilidad baja,7,61,MC sin variables (empírico),0.8,65,0
M5 disponibilidad baja,7,61,MC sin variables (empírico),0.85,65,0
M5 disponibilidad baja,7,61,MC sin variables (empírico),0.9,66,0
M5 disponibilidad baja,7,61,MC sin variables (empírico),0.93,68,0
M5 disponibilidad baja,7,61,MC sin variables (empírico),0.95,68,0
M5 disponibilidad baja,7,61,MC sin variables (empírico),0.97,71,0
M5 disponibilidad baja,13,66,A0 criterio del cotizador,0.0,66,0
M5 disponibilidad baja,13,66,B colchón fijo,0.0,62,2
M5 disponibilidad baja,13,66,B colchón fijo,1.0,63,1
M5 disponibilidad baja,13,66,B colchón fijo,2.0,64,0
M5 disponibilidad baja,13,66,B colchón fijo,3.0,65,0
M5 disponibilidad baja,13,66,B colchón fijo,4.0,67,0
M5 disponibilidad baja,13,66,B colchón fijo,6.0,69,0
M5 disponibilidad baja,13,66,B colchón fijo,8.0,71,0
M5 disponibilidad baja,13,66,B colchón fijo,10.0,74,0
M5 disponibilidad baja,13,66,B colchón fijo,12.0,76,0
M5 disponibilidad baja,13,66,B colchón fijo,15.0,79,0
M5 disponibilidad baja,13,66,MC completo,0.5,67,0
M5 disponibilidad baja,13,66,MC completo,0.6,69,0
M5 disponibilidad baja,13,66,MC completo,0.7,71,0
M5 disponibilidad baja,13,66,MC completo,0.8,72,0
M5 disponibilidad baja,13,66,MC completo,0.85,74,0
M5 disponibilidad baja,13,66,MC completo,0.9,76,0
M5 disponibilidad baja,13,66,MC completo,0.93,77,0
M5 disponibilidad baja,13,66,MC completo,0.95,78,0
M5 disponibilidad baja,13,66,MC completo,0.97,79,0
M5 disponibilidad baja,13,66,MC sin conformal,0.5,67,0
M5 disponibilidad baja,13,66,MC sin conformal,0.6,68,0
M5 disponibilidad baja,13,66,MC sin conformal,0.7,69,0
M5 disponibilidad baja,13,66,MC sin conformal,0.8,71,0
M5 disponibilidad baja,13,66,MC sin conformal,0.85,72,0
M5 disponibilidad baja,13,66,MC sin conformal,0.9,74,0
M5 disponibilidad baja,13,66,MC sin conformal,0.93,75,0
M5 disponibilidad baja,13,66,MC sin conformal,0.95,76,0
M5 disponibilidad baja,13,66,MC sin conformal,0.97,77,0
M5 disponibilidad baja,13,66,MC sin disponibilidad,0.5,64,0
M5 disponibilidad baja,13,66,MC sin disponibilidad,0.6,67,0
M5 disponibilidad baja,13,66,MC sin disponibilidad,0.7,68,0
M5 disponibilidad baja,13,66,MC sin disponibilidad,0.8,70,0
M5 disponibilidad baja,13,66,MC sin disponibilidad,0.85,71,0
M5 disponibilidad baja,13,66,MC sin disponibilidad,0.9,72,0
M5 disponibilidad baja,13,66,MC sin disponibilidad,0.93,74,0
M5 disponibilidad baja,13,66,MC sin disponibilidad,0.95,75,0
M5 disponibilidad baja,13,66,MC sin disponibilidad,0.97,76,0
M5 disponibilidad baja,13,66,MC sin carga del taller,0.5,67,0
M5 disponibilidad baja,13,66,MC sin carga del taller,0.6,69,0
M5 disponibilidad baja,13,66,MC sin carga del taller,0.7,71,0
M5 disponibilidad baja,13,66,MC sin carga del taller,0.8,72,0
M5 disponibilidad baja,13,66,MC sin carga del taller,0.85,74,0
M5 disponibilidad baja,13,66,MC sin carga del taller,0.9,76,0
M5 disponibilidad baja,13,66,MC sin carga del taller,0.93,77,0
M5 disponibilidad baja,13,66,MC sin carga del taller,0.95,78,0
M5 disponibilidad baja,13,66,MC sin carga del taller,0.97,79,0
M5 disponibilidad baja,13,66,MC con rho = 0,0.5,68,0
M5 disponibilidad baja,13,66,MC con rho = 0,0.6,69,0
M5 disponibilidad baja,13,66,MC con rho = 0,0.7,70,0
M5 disponibilidad baja,13,66,MC con rho = 0,0.8,71,0
M5 disponibilidad baja,13,66,MC con rho = 0,0.85,72,0
M5 disponibilidad baja,13,66,MC con rho = 0,0.9,74,0
M5 disponibilidad baja,13,66,MC con rho = 0,0.93,75,0
M5 disponibilidad baja,13,66,MC con rho = 0,0.95,75,0
M5 disponibilidad baja,13,66,MC con rho = 0,0.97,77,0
M5 disponibilidad baja,13,66,MC sin variables (empírico),0.5,65,0
M5 disponibilidad baja,13,66,MC sin variables (empírico),0.6,67,0
M5 disponibilidad baja,13,66,MC sin variables (empírico),0.7,68,0
M5 disponibilidad baja,13,66,MC sin variables (empírico),0.8,70,0
M5 disponibilidad baja,13,66,MC sin variables (empírico),0.85,71,0
M5 disponibilidad baja,13,66,MC sin variables (empírico),0.9,72,0
M5 disponibilidad baja,13,66,MC sin variables (empírico),0.93,74,0
M5 disponibilidad baja,13,66,MC sin variables (empírico),0.95,74,0
M5 disponibilidad baja,13,66,MC sin variables (empírico),0.97,75,0
M5 disponibilidad baja,8,70,A0 criterio del cotizador,0.0,70,0
M5 disponibilidad baja,8,70,B colchón fijo,0.0,67,1
M5 disponibilidad baja,8,70,B colchón fijo,1.0,68,0
M5 disponibilidad baja,8,70,B colchón fijo,2.0,70,0
M5 disponibilidad baja,8,70,B colchón fijo,3.0,71,0
M5 disponibilidad baja,8,70,B colchón fijo,4.0,72,0
M5 disponibilidad baja,8,70,B colchón fijo,6.0,74,0
M5 disponibilidad baja,8,70,B colchón fijo,8.0,77,0
M5 disponibilidad baja,8,70,B colchón fijo,10.0,79,0
M5 disponibilidad baja,8,70,B colchón fijo,12.0,81,0
M5 disponibilidad baja,8,70,B colchón fijo,15.0,85,0
M5 disponibilidad baja,8,70,MC completo,0.5,70,0
M5 disponibilidad baja,8,70,MC completo,0.6,72,0
M5 disponibilidad baja,8,70,MC completo,0.7,73,0
M5 disponibilidad baja,8,70,MC completo,0.8,75,0
M5 disponibilidad baja,8,70,MC completo,0.85,77,0
M5 disponibilidad baja,8,70,MC completo,0.9,79,0
M5 disponibilidad baja,8,70,MC completo,0.93,80,0
M5 disponibilidad baja,8,70,MC completo,0.95,81,0
M5 disponibilidad baja,8,70,MC completo,0.97,82,0
M5 disponibilidad baja,8,70,MC sin conformal,0.5,70,0
M5 disponibilidad baja,8,70,MC sin conformal,0.6,71,0
M5 disponibilidad baja,8,70,MC sin conformal,0.7,72,0
M5 disponibilidad baja,8,70,MC sin conformal,0.8,74,0
M5 disponibilidad baja,8,70,MC sin conformal,0.85,75,0
M5 disponibilidad baja,8,70,MC sin conformal,0.9,77,0
M5 disponibilidad baja,8,70,MC sin conformal,0.93,78,0
M5 disponibilidad baja,8,70,MC sin conformal,0.95,79,0
M5 disponibilidad baja,8,70,MC sin conformal,0.97,80,0
M5 disponibilidad baja,8,70,MC sin disponibilidad,0.5,66,2
M5 disponibilidad baja,8,70,MC sin disponibilidad,0.6,68,0
M5 disponibilidad baja,8,70,MC sin disponibilidad,0.7,70,0
M5 disponibilidad baja,8,70,MC sin disponibilidad,0.8,72,0
M5 disponibilidad baja,8,70,MC sin disponibilidad,0.85,73,0
M5 disponibilidad baja,8,70,MC sin disponibilidad,0.9,75,0
M5 disponibilidad baja,8,70,MC sin disponibilidad,0.93,77,0
M5 disponibilidad baja,8,70,MC sin disponibilidad,0.95,78,0
M5 disponibilidad baja,8,70,MC sin disponibilidad,0.97,78,0
M5 disponibilidad baja,8,70,MC sin carga del taller,0.5,67,1
M5 disponibilidad baja,8,70,MC sin carga del taller,0.6,68,0
M5 disponibilidad baja,8,70,MC sin carga del taller,0.7,71,0
M5 disponibilidad baja,8,70,MC sin carga del taller,0.8,73,0
M5 disponibilidad baja,8,70,MC sin carga del taller,0.85,74,0
M5 disponibilidad baja,8,70,MC sin carga del taller,0.9,77,0
M5 disponibilidad baja,8,70,MC sin carga del taller,0.93,78,0
M5 disponibilidad baja,8,70,MC sin carga del taller,0.95,79,0
M5 disponibilidad baja,8,70,MC sin carga del taller,0.97,80,0
M5 disponibilidad baja,8,70,MC con rho = 0,0.5,70,0
M5 disponibilidad baja,8,70,MC con rho = 0,0.6,71,0
M5 disponibilidad baja,8,70,MC con rho = 0,0.7,72,0
M5 disponibilidad baja,8,70,MC con rho = 0,0.8,74,0
M5 disponibilidad baja,8,70,MC con rho = 0,0.85,75,0
M5 disponibilidad baja,8,70,MC con rho = 0,0.9,77,0
M5 disponibilidad baja,8,70,MC con rho = 0,0.93,78,0
M5 disponibilidad baja,8,70,MC con rho = 0,0.95,79,0
M5 disponibilidad baja,8,70,MC con rho = 0,0.97,80,0
M5 disponibilidad baja,8,70,MC sin variables (empírico),0.5,72,0
M5 disponibilidad baja,8,70,MC sin variables (empírico),0.6,73,0
M5 disponibilidad baja,8,70,MC sin variables (empírico),0.7,74,0
M5 disponibilidad baja,8,70,MC sin variables (empírico),0.8,75,0
M5 disponibilidad baja,8,70,MC sin variables (empírico),0.85,77,0
M5 disponibilidad baja,8,70,MC sin variables (empírico),0.9,79,0
M5 disponibilidad baja,8,70,MC sin variables (empírico),0.93,80,0
M5 disponibilidad baja,8,70,MC sin variables (empírico),0.95,80,0
M5 disponibilidad baja,8,70,MC sin variables (empírico),0.97,82,0
M5 disponibilidad baja,9,62,A0 criterio del cotizador,0.0,62,0
M5 disponibilidad baja,9,62,B colchón fijo,0.0,59,1
M5 disponibilidad baja,9,62,B colchón fijo,1.0,61,0
M5 disponibilidad baja,9,62,B colchón fijo,2.0,62,0
M5 disponibilidad baja,9,62,B colchón fijo,3.0,63,0
M5 disponibilidad baja,9,62,B colchón fijo,4.0,64,0
M5 disponibilidad baja,9,62,B colchón fijo,6.0,66,0
M5 disponibilidad baja,9,62,B colchón fijo,8.0,69,0
M5 disponibilidad baja,9,62,B colchón fijo,10.0,71,0
M5 disponibilidad baja,9,62,B colchón fijo,12.0,73,0
M5 disponibilidad baja,9,62,B colchón fijo,15.0,77,0
M5 disponibilidad baja,9,62,MC completo,0.5,63,0
M5 disponibilidad baja,9,62,MC completo,0.6,64,0
M5 disponibilidad baja,9,62,MC completo,0.7,65,0
M5 disponibilidad baja,9,62,MC completo,0.8,66,0
M5 disponibilidad baja,9,62,MC completo,0.85,68,0
M5 disponibilidad baja,9,62,MC completo,0.9,69,0
M5 disponibilidad baja,9,62,MC completo,0.93,70,0
M5 disponibilidad baja,9,62,MC completo,0.95,71,0
M5 disponibilidad baja,9,62,MC completo,0.97,72,0
M5 disponibilidad baja,9,62,MC sin conformal,0.5,63,0
M5 disponibilidad baja,9,62,MC sin conformal,0.6,64,0
M5 disponibilidad baja,9,62,MC sin conformal,0.7,65,0
M5 disponibilidad baja,9,62,MC sin conformal,0.8,66,0
M5 disponibilidad baja,9,62,MC sin conformal,0.85,68,0
M5 disponibilidad baja,9,62,MC sin conformal,0.9,69,0
M5 disponibilidad baja,9,62,MC sin conformal,0.93,70,0
M5 disponibilidad baja,9,62,MC sin conformal,0.95,71,0
M5 disponibilidad baja,9,62,MC sin conformal,0.97,72,0
M5 disponibilidad baja,9,62,MC sin disponibilidad,0.5,61,0
M5 disponibilidad baja,9,62,MC sin disponibilidad,0.6,62,0
M5 disponibilidad baja,9,62,MC sin disponibilidad,0.7,63,0
M5 disponibilidad baja,9,62,MC sin disponibilidad,0.8,64,0
M5 disponibilidad baja,9,62,MC sin disponibilidad,0.85,65,0
M5 disponibilidad baja,9,62,MC sin disponibilidad,0.9,66,0
M5 disponibilidad baja,9,62,MC sin disponibilidad,0.93,68,0
M5 disponibilidad baja,9,62,MC sin disponibilidad,0.95,68,0
M5 disponibilidad baja,9,62,MC sin disponibilidad,0.97,69,0
M5 disponibilidad baja,9,62,MC sin carga del taller,0.5,63,0
M5 disponibilidad baja,9,62,MC sin carga del taller,0.6,64,0
M5 disponibilidad baja,9,62,MC sin carga del taller,0.7,65,0
M5 disponibilidad baja,9,62,MC sin carga del taller,0.8,66,0
M5 disponibilidad baja,9,62,MC sin carga del taller,0.85,68,0
M5 disponibilidad baja,9,62,MC sin carga del taller,0.9,69,0
M5 disponibilidad baja,9,62,MC sin carga del taller,0.93,70,0
M5 disponibilidad baja,9,62,MC sin carga del taller,0.95,71,0
M5 disponibilidad baja,9,62,MC sin carga del taller,0.97,72,0
M5 disponibilidad baja,9,62,MC con rho = 0,0.5,63,0
M5 disponibilidad baja,9,62,MC con rho = 0,0.6,64,0
M5 disponibilidad baja,9,62,MC con rho = 0,0.7,65,0
M5 disponibilidad baja,9,62,MC con rho = 0,0.8,66,0
M5 disponibilidad baja,9,62,MC con rho = 0,0.85,68,0
M5 disponibilidad baja,9,62,MC con rho = 0,0.9,69,0
M5 disponibilidad baja,9,62,MC con rho = 0,0.93,70,0
M5 disponibilidad baja,9,62,MC con rho = 0,0.95,71,0
M5 disponibilidad baja,9,62,MC con rho = 0,0.97,71,0
M5 disponibilidad baja,9,62,MC sin variables (empírico),0.5,62,0
M5 disponibilidad baja,9,62,MC sin variables (empírico),0.6,63,0
M5 disponibilidad baja,9,62,MC sin variables (empírico),0.7,64,0
M5 disponibilidad baja,9,62,MC sin variables (empírico),0.8,65,0
M5 disponibilidad baja,9,62,MC sin variables (empírico),0.85,66,0
M5 disponibilidad baja,9,62,MC sin variables (empírico),0.9,68,0
M5 disponibilidad baja,9,62,MC sin variables (empírico),0.93,69,0
M5 disponibilidad baja,9,62,MC sin variables (empírico),0.95,70,0
M5 disponibilidad baja,9,62,MC sin variables (empírico),0.97,71,0
M5 disponibilidad baja,11,47,A0 criterio del cotizador,0.0,47,0
M5 disponibilidad baja,11,47,B colchón fijo,0.0,43,4
M5 disponibilidad baja,11,47,B colchón fijo,1.0,44,3
M5 disponibilidad baja,11,47,B colchón fijo,2.0,46,1
M5 disponibilidad baja,11,47,B colchón fijo,3.0,47,0
M5 disponibilidad baja,11,47,B colchón fijo,4.0,48,0
M5 disponibilidad baja,11,47,B colchón fijo,6.0,50,0
M5 disponibilidad baja,11,47,B colchón fijo,8.0,53,0
M5 disponibilidad baja,11,47,B colchón fijo,10.0,55,0
M5 disponibilidad baja,11,47,B colchón fijo,12.0,57,0
M5 disponibilidad baja,11,47,B colchón fijo,15.0,61,0
M5 disponibilidad baja,11,47,MC completo,0.5,46,1
M5 disponibilidad baja,11,47,MC completo,0.6,47,0
M5 disponibilidad baja,11,47,MC completo,0.7,47,0
M5 disponibilidad baja,11,47,MC completo,0.8,49,0
M5 disponibilidad baja,11,47,MC completo,0.85,49,0
M5 disponibilidad baja,11,47,MC completo,0.9,51,0
M5 disponibilidad baja,11,47,MC completo,0.93,53,0
M5 disponibilidad baja,11,47,MC completo,0.95,53,0
M5 disponibilidad baja,11,47,MC completo,0.97,54,0
M5 disponibilidad baja,11,47,MC sin conformal,0.5,46,1
M5 disponibilidad baja,11,47,MC sin conformal,0.6,46,1
M5 disponibilidad baja,11,47,MC sin conformal,0.7,47,0
M5 disponibilidad baja,11,47,MC sin conformal,0.8,48,0
M5 disponibilidad baja,11,47,MC sin conformal,0.85,49,0
M5 disponibilidad baja,11,47,MC sin conformal,0.9,50,0
M5 disponibilidad baja,11,47,MC sin conformal,0.93,51,0
M5 disponibilidad baja,11,47,MC sin conformal,0.95,53,0
M5 disponibilidad baja,11,47,MC sin conformal,0.97,53,0
M5 disponibilidad baja,11,47,MC sin disponibilidad,0.5,43,4
M5 disponibilidad baja,11,47,MC sin disponibilidad,0.6,44,3
M5 disponibilidad baja,11,47,MC sin disponibilidad,0.7,46,1
M5 disponibilidad baja,11,47,MC sin disponibilidad,0.8,47,0
M5 disponibilidad baja,11,47,MC sin disponibilidad,0.85,47,0
M5 disponibilidad baja,11,47,MC sin disponibilidad,0.9,48,0
M5 disponibilidad baja,11,47,MC sin disponibilidad,0.93,49,0
M5 disponibilidad baja,11,47,MC sin disponibilidad,0.95,49,0
M5 disponibilidad baja,11,47,MC sin disponibilidad,0.97,50,0
M5 disponibilidad baja,11,47,MC sin carga del taller,0.5,43,4
M5 disponibilidad baja,11,47,MC sin carga del taller,0.6,44,3
M5 disponibilidad baja,11,47,MC sin carga del taller,0.7,46,1
M5 disponibilidad baja,11,47,MC sin carga del taller,0.8,47,0
M5 disponibilidad baja,11,47,MC sin carga del taller,0.85,47,0
M5 disponibilidad baja,11,47,MC sin carga del taller,0.9,49,0
M5 disponibilidad baja,11,47,MC sin carga del taller,0.93,49,0
M5 disponibilidad baja,11,47,MC sin carga del taller,0.95,50,0
M5 disponibilidad baja,11,47,MC sin carga del taller,0.97,51,0
M5 disponibilidad baja,11,47,MC con rho = 0,0.5,46,1
M5 disponibilidad baja,11,47,MC con rho = 0,0.6,47,0
M5 disponibilidad baja,11,47,MC con rho = 0,0.7,48,0
M5 disponibilidad baja,11,47,MC con rho = 0,0.8,48,0
M5 disponibilidad baja,11,47,MC con rho = 0,0.85,49,0
M5 disponibilidad baja,11,47,MC con rho = 0,0.9,50,0
M5 disponibilidad baja,11,47,MC con rho = 0,0.93,51,0
M5 disponibilidad baja,11,47,MC con rho = 0,0.95,51,0
M5 disponibilidad baja,11,47,MC con rho = 0,0.97,53,0
M5 disponibilidad baja,11,47,MC sin variables (empírico),0.5,43,4
M5 disponibilidad baja,11,47,MC sin variables (empírico),0.6,44,3
M5 disponibilidad baja,11,47,MC sin variables (empírico),0.7,46,1
M5 disponibilidad baja,11,47,MC sin variables (empírico),0.8,47,0
M5 disponibilidad baja,11,47,MC sin variables (empírico),0.85,47,0
M5 disponibilidad baja,11,47,MC sin variables (empírico),0.9,48,0
M5 disponibilidad baja,11,47,MC sin variables (empírico),0.93,49,0
M5 disponibilidad baja,11,47,MC sin variables (empírico),0.95,50,0
M5 disponibilidad baja,11,47,MC sin variables (empírico),0.97,51,0
M5 disponibilidad baja,14,62,A0 criterio del cotizador,0.0,62,0
M5 disponibilidad baja,14,62,B colchón fijo,0.0,61,1
M5 disponibilidad baja,14,62,B colchón fijo,1.0,62,0
M5 disponibilidad baja,14,62,B colchón fijo,2.0,63,0
M5 disponibilidad baja,14,62,B colchón fijo,3.0,64,0
M5 disponibilidad baja,14,62,B colchón fijo,4.0,65,0
M5 disponibilidad baja,14,62,B colchón fijo,6.0,68,0
M5 disponibilidad baja,14,62,B colchón fijo,8.0,70,0
M5 disponibilidad baja,14,62,B colchón fijo,10.0,72,0
M5 disponibilidad baja,14,62,B colchón fijo,12.0,75,0
M5 disponibilidad baja,14,62,B colchón fijo,15.0,78,0
M5 disponibilidad baja,14,62,MC completo,0.5,64,0
M5 disponibilidad baja,14,62,MC completo,0.6,65,0
M5 disponibilidad baja,14,62,MC completo,0.7,67,0
M5 disponibilidad baja,14,62,MC completo,0.8,69,0
M5 disponibilidad baja,14,62,MC completo,0.85,70,0
M5 disponibilidad baja,14,62,MC completo,0.9,71,0
M5 disponibilidad baja,14,62,MC completo,0.93,72,0
M5 disponibilidad baja,14,62,MC completo,0.95,75,0
M5 disponibilidad baja,14,62,MC completo,0.97,76,0
M5 disponibilidad baja,14,62,MC sin conformal,0.5,64,0
M5 disponibilidad baja,14,62,MC sin conformal,0.6,65,0
M5 disponibilidad baja,14,62,MC sin conformal,0.7,67,0
M5 disponibilidad baja,14,62,MC sin conformal,0.8,68,0
M5 disponibilidad baja,14,62,MC sin conformal,0.85,69,0
M5 disponibilidad baja,14,62,MC sin conformal,0.9,71,0
M5 disponibilidad baja,14,62,MC sin conformal,0.93,72,0
M5 disponibilidad baja,14,62,MC sin conformal,0.95,74,0
M5 disponibilidad baja,14,62,MC sin conformal,0.97,75,0
M5 disponibilidad baja,14,62,MC sin disponibilidad,0.5,62,0
M5 disponibilidad baja,14,62,MC sin disponibilidad,0.6,63,0
M5 disponibilidad baja,14,62,MC sin disponibilidad,0.7,65,0
M5 disponibilidad baja,14,62,MC sin disponibilidad,0.8,67,0
M5 disponibilidad baja,14,62,MC sin disponibilidad,0.85,68,0
M5 disponibilidad baja,14,62,MC sin disponibilidad,0.9,69,0
M5 disponibilidad baja,14,62,MC sin disponibilidad,0.93,69,0
M5 disponibilidad baja,14,62,MC sin disponibilidad,0.95,70,0
M5 disponibilidad baja,14,62,MC sin disponibilidad,0.97,71,0
M5 disponibilidad baja,14,62,MC sin carga del taller,0.5,64,0
M5 disponibilidad baja,14,62,MC sin carga del taller,0.6,65,0
M5 disponibilidad baja,14,62,MC sin carga del taller,0.7,67,0
M5 disponibilidad baja,14,62,MC sin carga del taller,0.8,69,0
M5 disponibilidad baja,14,62,MC sin carga del taller,0.85,70,0
M5 disponibilidad baja,14,62,MC sin carga del taller,0.9,71,0
M5 disponibilidad baja,14,62,MC sin carga del taller,0.93,72,0
M5 disponibilidad baja,14,62,MC sin carga del taller,0.95,75,0
M5 disponibilidad baja,14,62,MC sin carga del taller,0.97,76,0
M5 disponibilidad baja,14,62,MC con rho = 0,0.5,64,0
M5 disponibilidad baja,14,62,MC con rho = 0,0.6,65,0
M5 disponibilidad baja,14,62,MC con rho = 0,0.7,67,0
M5 disponibilidad baja,14,62,MC con rho = 0,0.8,68,0
M5 disponibilidad baja,14,62,MC con rho = 0,0.85,69,0
M5 disponibilidad baja,14,62,MC con rho = 0,0.9,70,0
M5 disponibilidad baja,14,62,MC con rho = 0,0.93,71,0
M5 disponibilidad baja,14,62,MC con rho = 0,0.95,72,0
M5 disponibilidad baja,14,62,MC con rho = 0,0.97,74,0
M5 disponibilidad baja,14,62,MC sin variables (empírico),0.5,62,0
M5 disponibilidad baja,14,62,MC sin variables (empírico),0.6,63,0
M5 disponibilidad baja,14,62,MC sin variables (empírico),0.7,64,0
M5 disponibilidad baja,14,62,MC sin variables (empírico),0.8,65,0
M5 disponibilidad baja,14,62,MC sin variables (empírico),0.85,67,0
M5 disponibilidad baja,14,62,MC sin variables (empírico),0.9,68,0
M5 disponibilidad baja,14,62,MC sin variables (empírico),0.93,69,0
M5 disponibilidad baja,14,62,MC sin variables (empírico),0.95,70,0
M5 disponibilidad baja,14,62,MC sin variables (empírico),0.97,71,0
M5 disponibilidad baja,10,52,A0 criterio del cotizador,0.0,52,0
M5 disponibilidad baja,10,52,B colchón fijo,0.0,46,6
M5 disponibilidad baja,10,52,B colchón fijo,1.0,47,5
M5 disponibilidad baja,10,52,B colchón fijo,2.0,48,4
M5 disponibilidad baja,10,52,B colchón fijo,3.0,49,3
M5 disponibilidad baja,10,52,B colchón fijo,4.0,50,2
M5 disponibilidad baja,10,52,B colchón fijo,6.0,53,0
M5 disponibilidad baja,10,52,B colchón fijo,8.0,55,0
M5 disponibilidad baja,10,52,B colchón fijo,10.0,57,0
M5 disponibilidad baja,10,52,B colchón fijo,12.0,60,0
M5 disponibilidad baja,10,52,B colchón fijo,15.0,63,0
M5 disponibilidad baja,10,52,MC completo,0.5,47,5
M5 disponibilidad baja,10,52,MC completo,0.6,48,4
M5 disponibilidad baja,10,52,MC completo,0.7,49,3
M5 disponibilidad baja,10,52,MC completo,0.8,50,2
M5 disponibilidad baja,10,52,MC completo,0.85,50,2
M5 disponibilidad baja,10,52,MC completo,0.9,51,1
M5 disponibilidad baja,10,52,MC completo,0.93,53,0
M5 disponibilidad baja,10,52,MC completo,0.95,54,0
M5 disponibilidad baja,10,52,MC completo,0.97,55,0
M5 disponibilidad baja,10,52,MC sin conformal,0.5,47,5
M5 disponibilidad baja,10,52,MC sin conformal,0.6,48,4
M5 disponibilidad baja,10,52,MC sin conformal,0.7,48,4
M5 disponibilidad baja,10,52,MC sin conformal,0.8,50,2
M5 disponibilidad baja,10,52,MC sin conformal,0.85,50,2
M5 disponibilidad baja,10,52,MC sin conformal,0.9,51,1
M5 disponibilidad baja,10,52,MC sin conformal,0.93,53,0
M5 disponibilidad baja,10,52,MC sin conformal,0.95,53,0
M5 disponibilidad baja,10,52,MC sin conformal,0.97,55,0
M5 disponibilidad baja,10,52,MC sin disponibilidad,0.5,44,8
M5 disponibilidad baja,10,52,MC sin disponibilidad,0.6,46,6
M5 disponibilidad baja,10,52,MC sin disponibilidad,0.7,47,5
M5 disponibilidad baja,10,52,MC sin disponibilidad,0.8,48,4
M5 disponibilidad baja,10,52,MC sin disponibilidad,0.85,48,4
M5 disponibilidad baja,10,52,MC sin disponibilidad,0.9,49,3
M5 disponibilidad baja,10,52,MC sin disponibilidad,0.93,50,2
M5 disponibilidad baja,10,52,MC sin disponibilidad,0.95,50,2
M5 disponibilidad baja,10,52,MC sin disponibilidad,0.97,51,1
M5 disponibilidad baja,10,52,MC sin carga del taller,0.5,46,6
M5 disponibilidad baja,10,52,MC sin carga del taller,0.6,47,5
M5 disponibilidad baja,10,52,MC sin carga del taller,0.7,48,4
M5 disponibilidad baja,10,52,MC sin carga del taller,0.8,49,3
M5 disponibilidad baja,10,52,MC sin carga del taller,0.85,49,3
M5 disponibilidad baja,10,52,MC sin carga del taller,0.9,50,2
M5 disponibilidad baja,10,52,MC sin carga del taller,0.93,51,1
M5 disponibilidad baja,10,52,MC sin carga del taller,0.95,53,0
M5 disponibilidad baja,10,52,MC sin carga del taller,0.97,54,0
M5 disponibilidad baja,10,52,MC con rho = 0,0.5,47,5
M5 disponibilidad baja,10,52,MC con rho = 0,0.6,48,4
M5 disponibilidad baja,10,52,MC con rho = 0,0.7,48,4
M5 disponibilidad baja,10,52,MC con rho = 0,0.8,49,3
M5 disponibilidad baja,10,52,MC con rho = 0,0.85,50,2
M5 disponibilidad baja,10,52,MC con rho = 0,0.9,51,1
M5 disponibilidad baja,10,52,MC con rho = 0,0.93,53,0
M5 disponibilidad baja,10,52,MC con rho = 0,0.95,53,0
M5 disponibilidad baja,10,52,MC con rho = 0,0.97,54,0
M5 disponibilidad baja,10,52,MC sin variables (empírico),0.5,47,5
M5 disponibilidad baja,10,52,MC sin variables (empírico),0.6,48,4
M5 disponibilidad baja,10,52,MC sin variables (empírico),0.7,49,3
M5 disponibilidad baja,10,52,MC sin variables (empírico),0.8,50,2
M5 disponibilidad baja,10,52,MC sin variables (empírico),0.85,50,2
M5 disponibilidad baja,10,52,MC sin variables (empírico),0.9,51,1
M5 disponibilidad baja,10,52,MC sin variables (empírico),0.93,53,0
M5 disponibilidad baja,10,52,MC sin variables (empírico),0.95,54,0
M5 disponibilidad baja,10,52,MC sin variables (empírico),0.97,55,0
M5 disponibilidad baja,12,66,A0 criterio del cotizador,0.0,66,4
M5 disponibilidad baja,12,66,B colchón fijo,0.0,66,4
M5 disponibilidad baja,12,66,B colchón fijo,1.0,67,3
M5 disponibilidad baja,12,66,B colchón fijo,2.0,68,2
M5 disponibilidad baja,12,66,B colchón fijo,3.0,69,1
M5 disponibilidad baja,12,66,B colchón fijo,4.0,70,0
M5 disponibilidad baja,12,66,B colchón fijo,6.0,73,0
M5 disponibilidad baja,12,66,B colchón fijo,8.0,75,0
M5 disponibilidad baja,12,66,B colchón fijo,10.0,77,0
M5 disponibilidad baja,12,66,B colchón fijo,12.0,80,0
M5 disponibilidad baja,12,66,B colchón fijo,15.0,83,0
M5 disponibilidad baja,12,66,MC completo,0.5,68,2
M5 disponibilidad baja,12,66,MC completo,0.6,70,0
M5 disponibilidad baja,12,66,MC completo,0.7,72,0
M5 disponibilidad baja,12,66,MC completo,0.8,74,0
M5 disponibilidad baja,12,66,MC completo,0.85,75,0
M5 disponibilidad baja,12,66,MC completo,0.9,76,0
M5 disponibilidad baja,12,66,MC completo,0.93,77,0
M5 disponibilidad baja,12,66,MC completo,0.95,79,0
M5 disponibilidad baja,12,66,MC completo,0.97,80,0
M5 disponibilidad baja,12,66,MC sin conformal,0.5,68,2
M5 disponibilidad baja,12,66,MC sin conformal,0.6,69,1
M5 disponibilidad baja,12,66,MC sin conformal,0.7,72,0
M5 disponibilidad baja,12,66,MC sin conformal,0.8,73,0
M5 disponibilidad baja,12,66,MC sin conformal,0.85,74,0
M5 disponibilidad baja,12,66,MC sin conformal,0.9,75,0
M5 disponibilidad baja,12,66,MC sin conformal,0.93,76,0
M5 disponibilidad baja,12,66,MC sin conformal,0.95,77,0
M5 disponibilidad baja,12,66,MC sin conformal,0.97,79,0
M5 disponibilidad baja,12,66,MC sin disponibilidad,0.5,66,4
M5 disponibilidad baja,12,66,MC sin disponibilidad,0.6,67,3
M5 disponibilidad baja,12,66,MC sin disponibilidad,0.7,68,2
M5 disponibilidad baja,12,66,MC sin disponibilidad,0.8,70,0
M5 disponibilidad baja,12,66,MC sin disponibilidad,0.85,70,0
M5 disponibilidad baja,12,66,MC sin disponibilidad,0.9,72,0
M5 disponibilidad baja,12,66,MC sin disponibilidad,0.93,73,0
M5 disponibilidad baja,12,66,MC sin disponibilidad,0.95,74,0
M5 disponibilidad baja,12,66,MC sin disponibilidad,0.97,75,0
M5 disponibilidad baja,12,66,MC sin carga del taller,0.5,65,5
M5 disponibilidad baja,12,66,MC sin carga del taller,0.6,66,4
M5 disponibilidad baja,12,66,MC sin carga del taller,0.7,67,3
M5 disponibilidad baja,12,66,MC sin carga del taller,0.8,69,1
M5 disponibilidad baja,12,66,MC sin carga del taller,0.85,70,0
M5 disponibilidad baja,12,66,MC sin carga del taller,0.9,72,0
M5 disponibilidad baja,12,66,MC sin carga del taller,0.93,73,0
M5 disponibilidad baja,12,66,MC sin carga del taller,0.95,74,0
M5 disponibilidad baja,12,66,MC sin carga del taller,0.97,75,0
M5 disponibilidad baja,12,66,MC con rho = 0,0.5,69,1
M5 disponibilidad baja,12,66,MC con rho = 0,0.6,70,0
M5 disponibilidad baja,12,66,MC con rho = 0,0.7,72,0
M5 disponibilidad baja,12,66,MC con rho = 0,0.8,73,0
M5 disponibilidad baja,12,66,MC con rho = 0,0.85,74,0
M5 disponibilidad baja,12,66,MC con rho = 0,0.9,75,0
M5 disponibilidad baja,12,66,MC con rho = 0,0.93,76,0
M5 disponibilidad baja,12,66,MC con rho = 0,0.95,76,0
M5 disponibilidad baja,12,66,MC con rho = 0,0.97,79,0
M5 disponibilidad baja,12,66,MC sin variables (empírico),0.5,67,3
M5 disponibilidad baja,12,66,MC sin variables (empírico),0.6,68,2
M5 disponibilidad baja,12,66,MC sin variables (empírico),0.7,69,1
M5 disponibilidad baja,12,66,MC sin variables (empírico),0.8,70,0
M5 disponibilidad baja,12,66,MC sin variables (empírico),0.85,72,0
M5 disponibilidad baja,12,66,MC sin variables (empírico),0.9,73,0
M5 disponibilidad baja,12,66,MC sin variables (empírico),0.93,74,0
M5 disponibilidad baja,12,66,MC sin variables (empírico),0.95,75,0
M5 disponibilidad baja,12,66,MC sin variables (empírico),0.97,76,0
M5 disponibilidad baja,15,76,A0 criterio del cotizador,0.0,76,0
M5 disponibilidad baja,15,76,B colchón fijo,0.0,68,6
M5 disponibilidad baja,15,76,B colchón fijo,1.0,69,5
M5 disponibilidad baja,15,76,B colchón fijo,2.0,70,4
M5 disponibilidad baja,15,76,B colchón fijo,3.0,71,3
M5 disponibilidad baja,15,76,B colchón fijo,4.0,73,1
M5 disponibilidad baja,15,76,B colchón fijo,6.0,75,0
M5 disponibilidad baja,15,76,B colchón fijo,8.0,77,0
M5 disponibilidad baja,15,76,B colchón fijo,10.0,80,0
M5 disponibilidad baja,15,76,B colchón fijo,12.0,82,0
M5 disponibilidad baja,15,76,B colchón fijo,15.0,85,0
M5 disponibilidad baja,15,76,MC completo,0.5,70,4
M5 disponibilidad baja,15,76,MC completo,0.6,71,3
M5 disponibilidad baja,15,76,MC completo,0.7,74,0
M5 disponibilidad baja,15,76,MC completo,0.8,76,0
M5 disponibilidad baja,15,76,MC completo,0.85,76,0
M5 disponibilidad baja,15,76,MC completo,0.9,78,0
M5 disponibilidad baja,15,76,MC completo,0.93,78,0
M5 disponibilidad baja,15,76,MC completo,0.95,80,0
M5 disponibilidad baja,15,76,MC completo,0.97,82,0
M5 disponibilidad baja,15,76,MC sin conformal,0.5,70,4
M5 disponibilidad baja,15,76,MC sin conformal,0.6,71,3
M5 disponibilidad baja,15,76,MC sin conformal,0.7,74,0
M5 disponibilidad baja,15,76,MC sin conformal,0.8,75,0
M5 disponibilidad baja,15,76,MC sin conformal,0.85,76,0
M5 disponibilidad baja,15,76,MC sin conformal,0.9,77,0
M5 disponibilidad baja,15,76,MC sin conformal,0.93,78,0
M5 disponibilidad baja,15,76,MC sin conformal,0.95,80,0
M5 disponibilidad baja,15,76,MC sin conformal,0.97,81,0
M5 disponibilidad baja,15,76,MC sin disponibilidad,0.5,68,6
M5 disponibilidad baja,15,76,MC sin disponibilidad,0.6,69,5
M5 disponibilidad baja,15,76,MC sin disponibilidad,0.7,70,4
M5 disponibilidad baja,15,76,MC sin disponibilidad,0.8,73,1
M5 disponibilidad baja,15,76,MC sin disponibilidad,0.85,74,0
M5 disponibilidad baja,15,76,MC sin disponibilidad,0.9,75,0
M5 disponibilidad baja,15,76,MC sin disponibilidad,0.93,76,0
M5 disponibilidad baja,15,76,MC sin disponibilidad,0.95,76,0
M5 disponibilidad baja,15,76,MC sin disponibilidad,0.97,77,0
M5 disponibilidad baja,15,76,MC sin carga del taller,0.5,70,4
M5 disponibilidad baja,15,76,MC sin carga del taller,0.6,71,3
M5 disponibilidad baja,15,76,MC sin carga del taller,0.7,74,0
M5 disponibilidad baja,15,76,MC sin carga del taller,0.8,76,0
M5 disponibilidad baja,15,76,MC sin carga del taller,0.85,76,0
M5 disponibilidad baja,15,76,MC sin carga del taller,0.9,78,0
M5 disponibilidad baja,15,76,MC sin carga del taller,0.93,78,0
M5 disponibilidad baja,15,76,MC sin carga del taller,0.95,80,0
M5 disponibilidad baja,15,76,MC sin carga del taller,0.97,82,0
M5 disponibilidad baja,15,76,MC con rho = 0,0.5,70,4
M5 disponibilidad baja,15,76,MC con rho = 0,0.6,71,3
M5 disponibilidad baja,15,76,MC con rho = 0,0.7,73,1
M5 disponibilidad baja,15,76,MC con rho = 0,0.8,75,0
M5 disponibilidad baja,15,76,MC con rho = 0,0.85,75,0
M5 disponibilidad baja,15,76,MC con rho = 0,0.9,77,0
M5 disponibilidad baja,15,76,MC con rho = 0,0.93,78,0
M5 disponibilidad baja,15,76,MC con rho = 0,0.95,78,0
M5 disponibilidad baja,15,76,MC con rho = 0,0.97,81,0
M5 disponibilidad baja,15,76,MC sin variables (empírico),0.5,69,5
M5 disponibilidad baja,15,76,MC sin variables (empírico),0.6,71,3
M5 disponibilidad baja,15,76,MC sin variables (empírico),0.7,73,1
M5 disponibilidad baja,15,76,MC sin variables (empírico),0.8,74,0
M5 disponibilidad baja,15,76,MC sin variables (empírico),0.85,75,0
M5 disponibilidad baja,15,76,MC sin variables (empírico),0.9,76,0
M5 disponibilidad baja,15,76,MC sin variables (empírico),0.93,77,0
M5 disponibilidad baja,15,76,MC sin variables (empírico),0.95,78,0
M5 disponibilidad baja,15,76,MC sin variables (empírico),0.97,80,0
M5 disponibilidad baja,19,57,A0 criterio del cotizador,0.0,57,8
M5 disponibilidad baja,19,57,B colchón fijo,0.0,56,9
M5 disponibilidad baja,19,57,B colchón fijo,1.0,57,8
M5 disponibilidad baja,19,57,B colchón fijo,2.0,58,7
M5 disponibilidad baja,19,57,B colchón fijo,3.0,59,6
M5 disponibilidad baja,19,57,B colchón fijo,4.0,61,4
M5 disponibilidad baja,19,57,B colchón fijo,6.0,63,2
M5 disponibilidad baja,19,57,B colchón fijo,8.0,65,0
M5 disponibilidad baja,19,57,B colchón fijo,10.0,68,0
M5 disponibilidad baja,19,57,B colchón fijo,12.0,70,0
M5 disponibilidad baja,19,57,B colchón fijo,15.0,73,0
M5 disponibilidad baja,19,57,MC completo,0.5,57,8
M5 disponibilidad baja,19,57,MC completo,0.6,58,7
M5 disponibilidad baja,19,57,MC completo,0.7,59,6
M5 disponibilidad baja,19,57,MC completo,0.8,62,3
M5 disponibilidad baja,19,57,MC completo,0.85,63,2
M5 disponibilidad baja,19,57,MC completo,0.9,64,1
M5 disponibilidad baja,19,57,MC completo,0.93,65,0
M5 disponibilidad baja,19,57,MC completo,0.95,66,0
M5 disponibilidad baja,19,57,MC completo,0.97,66,0
M5 disponibilidad baja,19,57,MC sin conformal,0.5,57,8
M5 disponibilidad baja,19,57,MC sin conformal,0.6,58,7
M5 disponibilidad baja,19,57,MC sin conformal,0.7,59,6
M5 disponibilidad baja,19,57,MC sin conformal,0.8,61,4
M5 disponibilidad baja,19,57,MC sin conformal,0.85,62,3
M5 disponibilidad baja,19,57,MC sin conformal,0.9,63,2
M5 disponibilidad baja,19,57,MC sin conformal,0.93,64,1
M5 disponibilidad baja,19,57,MC sin conformal,0.95,65,0
M5 disponibilidad baja,19,57,MC sin conformal,0.97,66,0
M5 disponibilidad baja,19,57,MC sin disponibilidad,0.5,55,10
M5 disponibilidad baja,19,57,MC sin disponibilidad,0.6,56,9
M5 disponibilidad baja,19,57,MC sin disponibilidad,0.7,58,7
M5 disponibilidad baja,19,57,MC sin disponibilidad,0.8,59,6
M5 disponibilidad baja,19,57,MC sin disponibilidad,0.85,61,4
M5 disponibilidad baja,19,57,MC sin disponibilidad,0.9,62,3
M5 disponibilidad baja,19,57,MC sin disponibilidad,0.93,62,3
M5 disponibilidad baja,19,57,MC sin disponibilidad,0.95,63,2
M5 disponibilidad baja,19,57,MC sin disponibilidad,0.97,64,1
M5 disponibilidad baja,19,57,MC sin carga del taller,0.5,57,8
M5 disponibilidad baja,19,57,MC sin carga del taller,0.6,58,7
M5 disponibilidad baja,19,57,MC sin carga del taller,0.7,59,6
M5 disponibilidad baja,19,57,MC sin carga del taller,0.8,62,3
M5 disponibilidad baja,19,57,MC sin carga del taller,0.85,63,2
M5 disponibilidad baja,19,57,MC sin carga del taller,0.9,64,1
M5 disponibilidad baja,19,57,MC sin carga del taller,0.93,65,0
M5 disponibilidad baja,19,57,MC sin carga del taller,0.95,66,0
M5 disponibilidad baja,19,57,MC sin carga del taller,0.97,66,0
M5 disponibilidad baja,19,57,MC con rho = 0,0.5,57,8
M5 disponibilidad baja,19,57,MC con rho = 0,0.6,58,7
M5 disponibilidad baja,19,57,MC con rho = 0,0.7,59,6
M5 disponibilidad baja,19,57,MC con rho = 0,0.8,61,4
M5 disponibilidad baja,19,57,MC con rho = 0,0.85,61,4
M5 disponibilidad baja,19,57,MC con rho = 0,0.9,62,3
M5 disponibilidad baja,19,57,MC con rho = 0,0.93,63,2
M5 disponibilidad baja,19,57,MC con rho = 0,0.95,64,1
M5 disponibilidad baja,19,57,MC con rho = 0,0.97,65,0
M5 disponibilidad baja,19,57,MC sin variables (empírico),0.5,56,9
M5 disponibilidad baja,19,57,MC sin variables (empírico),0.6,56,9
M5 disponibilidad baja,19,57,MC sin variables (empírico),0.7,58,7
M5 disponibilidad baja,19,57,MC sin variables (empírico),0.8,59,6
M5 disponibilidad baja,19,57,MC sin variables (empírico),0.85,61,4
M5 disponibilidad baja,19,57,MC sin variables (empírico),0.9,62,3
M5 disponibilidad baja,19,57,MC sin variables (empírico),0.93,63,2
M5 disponibilidad baja,19,57,MC sin variables (empírico),0.95,64,1
M5 disponibilidad baja,19,57,MC sin variables (empírico),0.97,65,0
M5 disponibilidad baja,17,58,A0 criterio del cotizador,0.0,58,0
M5 disponibilidad baja,17,58,B colchón fijo,0.0,52,6
M5 disponibilidad baja,17,58,B colchón fijo,1.0,53,5
M5 disponibilidad baja,17,58,B colchón fijo,2.0,55,3
M5 disponibilidad baja,17,58,B colchón fijo,3.0,56,2
M5 disponibilidad baja,17,58,B colchón fijo,4.0,57,1
M5 disponibilidad baja,17,58,B colchón fijo,6.0,59,0
M5 disponibilidad baja,17,58,B colchón fijo,8.0,62,0
M5 disponibilidad baja,17,58,B colchón fijo,10.0,64,0
M5 disponibilidad baja,17,58,B colchón fijo,12.0,66,0
M5 disponibilidad baja,17,58,B colchón fijo,15.0,70,0
M5 disponibilidad baja,17,58,MC completo,0.5,53,5
M5 disponibilidad baja,17,58,MC completo,0.6,55,3
M5 disponibilidad baja,17,58,MC completo,0.7,56,2
M5 disponibilidad baja,17,58,MC completo,0.8,58,0
M5 disponibilidad baja,17,58,MC completo,0.85,59,0
M5 disponibilidad baja,17,58,MC completo,0.9,60,0
M5 disponibilidad baja,17,58,MC completo,0.93,60,0
M5 disponibilidad baja,17,58,MC completo,0.95,62,0
M5 disponibilidad baja,17,58,MC completo,0.97,64,0
M5 disponibilidad baja,17,58,MC sin conformal,0.5,53,5
M5 disponibilidad baja,17,58,MC sin conformal,0.6,55,3
M5 disponibilidad baja,17,58,MC sin conformal,0.7,56,2
M5 disponibilidad baja,17,58,MC sin conformal,0.8,57,1
M5 disponibilidad baja,17,58,MC sin conformal,0.85,57,1
M5 disponibilidad baja,17,58,MC sin conformal,0.9,58,0
M5 disponibilidad baja,17,58,MC sin conformal,0.93,59,0
M5 disponibilidad baja,17,58,MC sin conformal,0.95,60,0
M5 disponibilidad baja,17,58,MC sin conformal,0.97,62,0
M5 disponibilidad baja,17,58,MC sin disponibilidad,0.5,52,6
M5 disponibilidad baja,17,58,MC sin disponibilidad,0.6,53,5
M5 disponibilidad baja,17,58,MC sin disponibilidad,0.7,55,3
M5 disponibilidad baja,17,58,MC sin disponibilidad,0.8,56,2
M5 disponibilidad baja,17,58,MC sin disponibilidad,0.85,57,1
M5 disponibilidad baja,17,58,MC sin disponibilidad,0.9,58,0
M5 disponibilidad baja,17,58,MC sin disponibilidad,0.93,58,0
M5 disponibilidad baja,17,58,MC sin disponibilidad,0.95,59,0
M5 disponibilidad baja,17,58,MC sin disponibilidad,0.97,59,0
M5 disponibilidad baja,17,58,MC sin carga del taller,0.5,53,5
M5 disponibilidad baja,17,58,MC sin carga del taller,0.6,55,3
M5 disponibilidad baja,17,58,MC sin carga del taller,0.7,56,2
M5 disponibilidad baja,17,58,MC sin carga del taller,0.8,58,0
M5 disponibilidad baja,17,58,MC sin carga del taller,0.85,59,0
M5 disponibilidad baja,17,58,MC sin carga del taller,0.9,60,0
M5 disponibilidad baja,17,58,MC sin carga del taller,0.93,60,0
M5 disponibilidad baja,17,58,MC sin carga del taller,0.95,62,0
M5 disponibilidad baja,17,58,MC sin carga del taller,0.97,64,0
M5 disponibilidad baja,17,58,MC con rho = 0,0.5,53,5
M5 disponibilidad baja,17,58,MC con rho = 0,0.6,55,3
M5 disponibilidad baja,17,58,MC con rho = 0,0.7,56,2
M5 disponibilidad baja,17,58,MC con rho = 0,0.8,57,1
M5 disponibilidad baja,17,58,MC con rho = 0,0.85,57,1
M5 disponibilidad baja,17,58,MC con rho = 0,0.9,58,0
M5 disponibilidad baja,17,58,MC con rho = 0,0.93,59,0
M5 disponibilidad baja,17,58,MC con rho = 0,0.95,60,0
M5 disponibilidad baja,17,58,MC con rho = 0,0.97,62,0
M5 disponibilidad baja,17,58,MC sin variables (empírico),0.5,50,8
M5 disponibilidad baja,17,58,MC sin variables (empírico),0.6,51,7
M5 disponibilidad baja,17,58,MC sin variables (empírico),0.7,52,6
M5 disponibilidad baja,17,58,MC sin variables (empírico),0.8,53,5
M5 disponibilidad baja,17,58,MC sin variables (empírico),0.85,53,5
M5 disponibilidad baja,17,58,MC sin variables (empírico),0.9,55,3
M5 disponibilidad baja,17,58,MC sin variables (empírico),0.93,56,2
M5 disponibilidad baja,17,58,MC sin variables (empírico),0.95,57,1
M5 disponibilidad baja,17,58,MC sin variables (empírico),0.97,58,0
M5 disponibilidad baja,16,57,A0 criterio del cotizador,0.0,57,0
M5 disponibilidad baja,16,57,B colchón fijo,0.0,61,0
M5 disponibilidad baja,16,57,B colchón fijo,1.0,62,0
M5 disponibilidad baja,16,57,B colchón fijo,2.0,63,0
M5 disponibilidad baja,16,57,B colchón fijo,3.0,65,0
M5 disponibilidad baja,16,57,B colchón fijo,4.0,66,0
M5 disponibilidad baja,16,57,B colchón fijo,6.0,68,0
M5 disponibilidad baja,16,57,B colchón fijo,8.0,70,0
M5 disponibilidad baja,16,57,B colchón fijo,10.0,73,0
M5 disponibilidad baja,16,57,B colchón fijo,12.0,75,0
M5 disponibilidad baja,16,57,B colchón fijo,15.0,79,0
M5 disponibilidad baja,16,57,MC completo,0.5,63,0
M5 disponibilidad baja,16,57,MC completo,0.6,66,0
M5 disponibilidad baja,16,57,MC completo,0.7,67,0
M5 disponibilidad baja,16,57,MC completo,0.8,69,0
M5 disponibilidad baja,16,57,MC completo,0.85,70,0
M5 disponibilidad baja,16,57,MC completo,0.9,72,0
M5 disponibilidad baja,16,57,MC completo,0.93,74,0
M5 disponibilidad baja,16,57,MC completo,0.95,74,0
M5 disponibilidad baja,16,57,MC completo,0.97,76,0
M5 disponibilidad baja,16,57,MC sin conformal,0.5,63,0
M5 disponibilidad baja,16,57,MC sin conformal,0.6,65,0
M5 disponibilidad baja,16,57,MC sin conformal,0.7,67,0
M5 disponibilidad baja,16,57,MC sin conformal,0.8,69,0
M5 disponibilidad baja,16,57,MC sin conformal,0.85,70,0
M5 disponibilidad baja,16,57,MC sin conformal,0.9,72,0
M5 disponibilidad baja,16,57,MC sin conformal,0.93,73,0
M5 disponibilidad baja,16,57,MC sin conformal,0.95,74,0
M5 disponibilidad baja,16,57,MC sin conformal,0.97,75,0
M5 disponibilidad baja,16,57,MC sin disponibilidad,0.5,60,0
M5 disponibilidad baja,16,57,MC sin disponibilidad,0.6,62,0
M5 disponibilidad baja,16,57,MC sin disponibilidad,0.7,63,0
M5 disponibilidad baja,16,57,MC sin disponibilidad,0.8,66,0
M5 disponibilidad baja,16,57,MC sin disponibilidad,0.85,67,0
M5 disponibilidad baja,16,57,MC sin disponibilidad,0.9,68,0
M5 disponibilidad baja,16,57,MC sin disponibilidad,0.93,69,0
M5 disponibilidad baja,16,57,MC sin disponibilidad,0.95,69,0
M5 disponibilidad baja,16,57,MC sin disponibilidad,0.97,70,0
M5 disponibilidad baja,16,57,MC sin carga del taller,0.5,61,0
M5 disponibilidad baja,16,57,MC sin carga del taller,0.6,62,0
M5 disponibilidad baja,16,57,MC sin carga del taller,0.7,65,0
M5 disponibilidad baja,16,57,MC sin carga del taller,0.8,66,0
M5 disponibilidad baja,16,57,MC sin carga del taller,0.85,67,0
M5 disponibilidad baja,16,57,MC sin carga del taller,0.9,68,0
M5 disponibilidad baja,16,57,MC sin carga del taller,0.93,69,0
M5 disponibilidad baja,16,57,MC sin carga del taller,0.95,70,0
M5 disponibilidad baja,16,57,MC sin carga del taller,0.97,73,0
M5 disponibilidad baja,16,57,MC con rho = 0,0.5,63,0
M5 disponibilidad baja,16,57,MC con rho = 0,0.6,65,0
M5 disponibilidad baja,16,57,MC con rho = 0,0.7,66,0
M5 disponibilidad baja,16,57,MC con rho = 0,0.8,68,0
M5 disponibilidad baja,16,57,MC con rho = 0,0.85,69,0
M5 disponibilidad baja,16,57,MC con rho = 0,0.9,69,0
M5 disponibilidad baja,16,57,MC con rho = 0,0.93,70,0
M5 disponibilidad baja,16,57,MC con rho = 0,0.95,72,0
M5 disponibilidad baja,16,57,MC con rho = 0,0.97,73,0
M5 disponibilidad baja,16,57,MC sin variables (empírico),0.5,59,0
M5 disponibilidad baja,16,57,MC sin variables (empírico),0.6,61,0
M5 disponibilidad baja,16,57,MC sin variables (empírico),0.7,62,0
M5 disponibilidad baja,16,57,MC sin variables (empírico),0.8,65,0
M5 disponibilidad baja,16,57,MC sin variables (empírico),0.85,66,0
M5 disponibilidad baja,16,57,MC sin variables (empírico),0.9,67,0
M5 disponibilidad baja,16,57,MC sin variables (empírico),0.93,68,0
M5 disponibilidad baja,16,57,MC sin variables (empírico),0.95,69,0
M5 disponibilidad baja,16,57,MC sin variables (empírico),0.97,70,0
M5 disponibilidad baja,18,87,A0 criterio del cotizador,0.0,87,0
M5 disponibilidad baja,18,87,B colchón fijo,0.0,81,4
M5 disponibilidad baja,18,87,B colchón fijo,1.0,82,3
M5 disponibilidad baja,18,87,B colchón fijo,2.0,83,2
M5 disponibilidad baja,18,87,B colchón fijo,3.0,84,1
M5 disponibilidad baja,18,87,B colchón fijo,4.0,85,0
M5 disponibilidad baja,18,87,B colchón fijo,6.0,88,0
M5 disponibilidad baja,18,87,B colchón fijo,8.0,90,0
M5 disponibilidad baja,18,87,B colchón fijo,10.0,92,0
M5 disponibilidad baja,18,87,B colchón fijo,12.0,95,0
M5 disponibilidad baja,18,87,B colchón fijo,15.0,98,0
M5 disponibilidad baja,18,87,MC completo,0.5,88,0
M5 disponibilidad baja,18,87,MC completo,0.6,90,0
M5 disponibilidad baja,18,87,MC completo,0.7,94,0
M5 disponibilidad baja,18,87,MC completo,0.8,97,0
M5 disponibilidad baja,18,87,MC completo,0.85,99,0
M5 disponibilidad baja,18,87,MC completo,0.9,103,0
M5 disponibilidad baja,18,87,MC completo,0.93,104,0
M5 disponibilidad baja,18,87,MC completo,0.95,106,0
M5 disponibilidad baja,18,87,MC completo,0.97,110,0
M5 disponibilidad baja,18,87,MC sin conformal,0.5,88,0
M5 disponibilidad baja,18,87,MC sin conformal,0.6,90,0
M5 disponibilidad baja,18,87,MC sin conformal,0.7,92,0
M5 disponibilidad baja,18,87,MC sin conformal,0.8,96,0
M5 disponibilidad baja,18,87,MC sin conformal,0.85,98,0
M5 disponibilidad baja,18,87,MC sin conformal,0.9,101,0
M5 disponibilidad baja,18,87,MC sin conformal,0.93,103,0
M5 disponibilidad baja,18,87,MC sin conformal,0.95,104,0
M5 disponibilidad baja,18,87,MC sin conformal,0.97,106,0
M5 disponibilidad baja,18,87,MC sin disponibilidad,0.5,84,1
M5 disponibilidad baja,18,87,MC sin disponibilidad,0.6,87,0
M5 disponibilidad baja,18,87,MC sin disponibilidad,0.7,89,0
M5 disponibilidad baja,18,87,MC sin disponibilidad,0.8,92,0
M5 disponibilidad baja,18,87,MC sin disponibilidad,0.85,95,0
M5 disponibilidad baja,18,87,MC sin disponibilidad,0.9,97,0
M5 disponibilidad baja,18,87,MC sin disponibilidad,0.93,98,0
M5 disponibilidad baja,18,87,MC sin disponibilidad,0.95,101,0
M5 disponibilidad baja,18,87,MC sin disponibilidad,0.97,103,0
M5 disponibilidad baja,18,87,MC sin carga del taller,0.5,88,0
M5 disponibilidad baja,18,87,MC sin carga del taller,0.6,90,0
M5 disponibilidad baja,18,87,MC sin carga del taller,0.7,94,0
M5 disponibilidad baja,18,87,MC sin carga del taller,0.8,97,0
M5 disponibilidad baja,18,87,MC sin carga del taller,0.85,99,0
M5 disponibilidad baja,18,87,MC sin carga del taller,0.9,103,0
M5 disponibilidad baja,18,87,MC sin carga del taller,0.93,104,0
M5 disponibilidad baja,18,87,MC sin carga del taller,0.95,106,0
M5 disponibilidad baja,18,87,MC sin carga del taller,0.97,110,0
M5 disponibilidad baja,18,87,MC con rho = 0,0.5,88,0
M5 disponibilidad baja,18,87,MC con rho = 0,0.6,90,0
M5 disponibilidad baja,18,87,MC con rho = 0,0.7,92,0
M5 disponibilidad baja,18,87,MC con rho = 0,0.8,94,0
M5 disponibilidad baja,18,87,MC con rho = 0,0.85,96,0
M5 disponibilidad baja,18,87,MC con rho = 0,0.9,97,0
M5 disponibilidad baja,18,87,MC con rho = 0,0.93,99,0
M5 disponibilidad baja,18,87,MC con rho = 0,0.95,101,0
M5 disponibilidad baja,18,87,MC con rho = 0,0.97,104,0
M5 disponibilidad baja,18,87,MC sin variables (empírico),0.5,94,0
M5 disponibilidad baja,18,87,MC sin variables (empírico),0.6,97,0
M5 disponibilidad baja,18,87,MC sin variables (empírico),0.7,99,0
M5 disponibilidad baja,18,87,MC sin variables (empírico),0.8,102,0
M5 disponibilidad baja,18,87,MC sin variables (empírico),0.85,104,0
M5 disponibilidad baja,18,87,MC sin variables (empírico),0.9,106,0
M5 disponibilidad baja,18,87,MC sin variables (empírico),0.93,108,0
M5 disponibilidad baja,18,87,MC sin variables (empírico),0.95,109,0
M5 disponibilidad baja,18,87,MC sin variables (empírico),0.97,111,0
M5 disponibilidad baja,20,67,A0 criterio del cotizador,0.0,67,0
M5 disponibilidad baja,20,67,B colchón fijo,0.0,69,0
M5 disponibilidad baja,20,67,B colchón fijo,1.0,70,0
M5 disponibilidad baja,20,67,B colchón fijo,2.0,71,0
M5 disponibilidad baja,20,67,B colchón fijo,3.0,72,0
M5 disponibilidad baja,20,67,B colchón fijo,4.0,73,0
M5 disponibilidad baja,20,67,B colchón fijo,6.0,76,0
M5 disponibilidad baja,20,67,B colchón fijo,8.0,78,0
M5 disponibilidad baja,20,67,B colchón fijo,10.0,80,0
M5 disponibilidad baja,20,67,B colchón fijo,12.0,83,0
M5 disponibilidad baja,20,67,B colchón fijo,15.0,86,0
M5 disponibilidad baja,20,67,MC completo,0.5,73,0
M5 disponibilidad baja,20,67,MC completo,0.6,75,0
M5 disponibilidad baja,20,67,MC completo,0.7,77,0
M5 disponibilidad baja,20,67,MC completo,0.8,79,0
M5 disponibilidad baja,20,67,MC completo,0.85,80,0
M5 disponibilidad baja,20,67,MC completo,0.9,82,0
M5 disponibilidad baja,20,67,MC completo,0.93,83,0
M5 disponibilidad baja,20,67,MC completo,0.95,84,0
M5 disponibilidad baja,20,67,MC completo,0.97,86,0
M5 disponibilidad baja,20,67,MC sin conformal,0.5,73,0
M5 disponibilidad baja,20,67,MC sin conformal,0.6,75,0
M5 disponibilidad baja,20,67,MC sin conformal,0.7,77,0
M5 disponibilidad baja,20,67,MC sin conformal,0.8,78,0
M5 disponibilidad baja,20,67,MC sin conformal,0.85,79,0
M5 disponibilidad baja,20,67,MC sin conformal,0.9,80,0
M5 disponibilidad baja,20,67,MC sin conformal,0.93,82,0
M5 disponibilidad baja,20,67,MC sin conformal,0.95,84,0
M5 disponibilidad baja,20,67,MC sin conformal,0.97,85,0
M5 disponibilidad baja,20,67,MC sin disponibilidad,0.5,71,0
M5 disponibilidad baja,20,67,MC sin disponibilidad,0.6,72,0
M5 disponibilidad baja,20,67,MC sin disponibilidad,0.7,75,0
M5 disponibilidad baja,20,67,MC sin disponibilidad,0.8,76,0
M5 disponibilidad baja,20,67,MC sin disponibilidad,0.85,77,0
M5 disponibilidad baja,20,67,MC sin disponibilidad,0.9,78,0
M5 disponibilidad baja,20,67,MC sin disponibilidad,0.93,79,0
M5 disponibilidad baja,20,67,MC sin disponibilidad,0.95,79,0
M5 disponibilidad baja,20,67,MC sin disponibilidad,0.97,80,0
M5 disponibilidad baja,20,67,MC sin carga del taller,0.5,73,0
M5 disponibilidad baja,20,67,MC sin carga del taller,0.6,75,0
M5 disponibilidad baja,20,67,MC sin carga del taller,0.7,77,0
M5 disponibilidad baja,20,67,MC sin carga del taller,0.8,79,0
M5 disponibilidad baja,20,67,MC sin carga del taller,0.85,80,0
M5 disponibilidad baja,20,67,MC sin carga del taller,0.9,82,0
M5 disponibilidad baja,20,67,MC sin carga del taller,0.93,83,0
M5 disponibilidad baja,20,67,MC sin carga del taller,0.95,84,0
M5 disponibilidad baja,20,67,MC sin carga del taller,0.97,86,0
M5 disponibilidad baja,20,67,MC con rho = 0,0.5,73,0
M5 disponibilidad baja,20,67,MC con rho = 0,0.6,75,0
M5 disponibilidad baja,20,67,MC con rho = 0,0.7,76,0
M5 disponibilidad baja,20,67,MC con rho = 0,0.8,77,0
M5 disponibilidad baja,20,67,MC con rho = 0,0.85,78,0
M5 disponibilidad baja,20,67,MC con rho = 0,0.9,79,0
M5 disponibilidad baja,20,67,MC con rho = 0,0.93,80,0
M5 disponibilidad baja,20,67,MC con rho = 0,0.95,82,0
M5 disponibilidad baja,20,67,MC con rho = 0,0.97,83,0
M5 disponibilidad baja,20,67,MC sin variables (empírico),0.5,66,1
M5 disponibilidad baja,20,67,MC sin variables (empírico),0.6,68,0
M5 disponibilidad baja,20,67,MC sin variables (empírico),0.7,70,0
M5 disponibilidad baja,20,67,MC sin variables (empírico),0.8,71,0
M5 disponibilidad baja,20,67,MC sin variables (empírico),0.85,72,0
M5 disponibilidad baja,20,67,MC sin variables (empírico),0.9,75,0
M5 disponibilidad baja,20,67,MC sin variables (empírico),0.93,76,0
M5 disponibilidad baja,20,67,MC sin variables (empírico),0.95,77,0
M5 disponibilidad baja,20,67,MC sin variables (empírico),0.97,78,0
M5 disponibilidad baja,22,63,A0 criterio del cotizador,0.0,63,4
M5 disponibilidad baja,22,63,B colchón fijo,0.0,61,6
M5 disponibilidad baja,22,63,B colchón fijo,1.0,62,5
M5 disponibilidad baja,22,63,B colchón fijo,2.0,63,4
M5 disponibilidad baja,22,63,B colchón fijo,3.0,64,3
M5 disponibilidad baja,22,63,B colchón fijo,4.0,65,2
M5 disponibilidad baja,22,63,B colchón fijo,6.0,68,0
M5 disponibilidad baja,22,63,B colchón fijo,8.0,70,0
M5 disponibilidad baja,22,63,B colchón fijo,10.0,72,0
M5 disponibilidad baja,22,63,B colchón fijo,12.0,75,0
M5 disponibilidad baja,22,63,B colchón fijo,15.0,78,0
M5 disponibilidad baja,22,63,MC completo,0.5,64,3
M5 disponibilidad baja,22,63,MC completo,0.6,65,2
M5 disponibilidad baja,22,63,MC completo,0.7,68,0
M5 disponibilidad baja,22,63,MC completo,0.8,70,0
M5 disponibilidad baja,22,63,MC completo,0.85,70,0
M5 disponibilidad baja,22,63,MC completo,0.9,72,0
M5 disponibilidad baja,22,63,MC completo,0.93,73,0
M5 disponibilidad baja,22,63,MC completo,0.95,76,0
M5 disponibilidad baja,22,63,MC completo,0.97,77,0
M5 disponibilidad baja,22,63,MC sin conformal,0.5,64,3
M5 disponibilidad baja,22,63,MC sin conformal,0.6,65,2
M5 disponibilidad baja,22,63,MC sin conformal,0.7,68,0
M5 disponibilidad baja,22,63,MC sin conformal,0.8,69,0
M5 disponibilidad baja,22,63,MC sin conformal,0.85,70,0
M5 disponibilidad baja,22,63,MC sin conformal,0.9,71,0
M5 disponibilidad baja,22,63,MC sin conformal,0.93,73,0
M5 disponibilidad baja,22,63,MC sin conformal,0.95,75,0
M5 disponibilidad baja,22,63,MC sin conformal,0.97,76,0
M5 disponibilidad baja,22,63,MC sin disponibilidad,0.5,62,5
M5 disponibilidad baja,22,63,MC sin disponibilidad,0.6,63,4
M5 disponibilidad baja,22,63,MC sin disponibilidad,0.7,65,2
M5 disponibilidad baja,22,63,MC sin disponibilidad,0.8,68,0
M5 disponibilidad baja,22,63,MC sin disponibilidad,0.85,68,0
M5 disponibilidad baja,22,63,MC sin disponibilidad,0.9,70,0
M5 disponibilidad baja,22,63,MC sin disponibilidad,0.93,71,0
M5 disponibilidad baja,22,63,MC sin disponibilidad,0.95,71,0
M5 disponibilidad baja,22,63,MC sin disponibilidad,0.97,72,0
M5 disponibilidad baja,22,63,MC sin carga del taller,0.5,64,3
M5 disponibilidad baja,22,63,MC sin carga del taller,0.6,65,2
M5 disponibilidad baja,22,63,MC sin carga del taller,0.7,68,0
M5 disponibilidad baja,22,63,MC sin carga del taller,0.8,70,0
M5 disponibilidad baja,22,63,MC sin carga del taller,0.85,70,0
M5 disponibilidad baja,22,63,MC sin carga del taller,0.9,72,0
M5 disponibilidad baja,22,63,MC sin carga del taller,0.93,73,0
M5 disponibilidad baja,22,63,MC sin carga del taller,0.95,76,0
M5 disponibilidad baja,22,63,MC sin carga del taller,0.97,77,0
M5 disponibilidad baja,22,63,MC con rho = 0,0.5,64,3
M5 disponibilidad baja,22,63,MC con rho = 0,0.6,65,2
M5 disponibilidad baja,22,63,MC con rho = 0,0.7,66,1
M5 disponibilidad baja,22,63,MC con rho = 0,0.8,69,0
M5 disponibilidad baja,22,63,MC con rho = 0,0.85,69,0
M5 disponibilidad baja,22,63,MC con rho = 0,0.9,70,0
M5 disponibilidad baja,22,63,MC con rho = 0,0.93,71,0
M5 disponibilidad baja,22,63,MC con rho = 0,0.95,72,0
M5 disponibilidad baja,22,63,MC con rho = 0,0.97,73,0
M5 disponibilidad baja,22,63,MC sin variables (empírico),0.5,64,3
M5 disponibilidad baja,22,63,MC sin variables (empírico),0.6,65,2
M5 disponibilidad baja,22,63,MC sin variables (empírico),0.7,66,1
M5 disponibilidad baja,22,63,MC sin variables (empírico),0.8,69,0
M5 disponibilidad baja,22,63,MC sin variables (empírico),0.85,70,0
M5 disponibilidad baja,22,63,MC sin variables (empírico),0.9,71,0
M5 disponibilidad baja,22,63,MC sin variables (empírico),0.93,72,0
M5 disponibilidad baja,22,63,MC sin variables (empírico),0.95,73,0
M5 disponibilidad baja,22,63,MC sin variables (empírico),0.97,76,0
M5 disponibilidad baja,21,83,A0 criterio del cotizador,0.0,83,4
M5 disponibilidad baja,21,83,B colchón fijo,0.0,91,0
M5 disponibilidad baja,21,83,B colchón fijo,1.0,92,0
M5 disponibilidad baja,21,83,B colchón fijo,2.0,94,0
M5 disponibilidad baja,21,83,B colchón fijo,3.0,95,0
M5 disponibilidad baja,21,83,B colchón fijo,4.0,96,0
M5 disponibilidad baja,21,83,B colchón fijo,6.0,98,0
M5 disponibilidad baja,21,83,B colchón fijo,8.0,101,0
M5 disponibilidad baja,21,83,B colchón fijo,10.0,103,0
M5 disponibilidad baja,21,83,B colchón fijo,12.0,105,0
M5 disponibilidad baja,21,83,B colchón fijo,15.0,109,0
M5 disponibilidad baja,21,83,MC completo,0.5,95,0
M5 disponibilidad baja,21,83,MC completo,0.6,97,0
M5 disponibilidad baja,21,83,MC completo,0.7,99,0
M5 disponibilidad baja,21,83,MC completo,0.8,103,0
M5 disponibilidad baja,21,83,MC completo,0.85,104,0
M5 disponibilidad baja,21,83,MC completo,0.9,106,0
M5 disponibilidad baja,21,83,MC completo,0.93,108,0
M5 disponibilidad baja,21,83,MC completo,0.95,109,0
M5 disponibilidad baja,21,83,MC completo,0.97,111,0
M5 disponibilidad baja,21,83,MC sin conformal,0.5,94,0
M5 disponibilidad baja,21,83,MC sin conformal,0.6,96,0
M5 disponibilidad baja,21,83,MC sin conformal,0.7,98,0
M5 disponibilidad baja,21,83,MC sin conformal,0.8,102,0
M5 disponibilidad baja,21,83,MC sin conformal,0.85,103,0
M5 disponibilidad baja,21,83,MC sin conformal,0.9,104,0
M5 disponibilidad baja,21,83,MC sin conformal,0.93,106,0
M5 disponibilidad baja,21,83,MC sin conformal,0.95,108,0
M5 disponibilidad baja,21,83,MC sin conformal,0.97,109,0
M5 disponibilidad baja,21,83,MC sin disponibilidad,0.5,90,0
M5 disponibilidad baja,21,83,MC sin disponibilidad,0.6,92,0
M5 disponibilidad baja,21,83,MC sin disponibilidad,0.7,95,0
M5 disponibilidad baja,21,83,MC sin disponibilidad,0.8,97,0
M5 disponibilidad baja,21,83,MC sin disponibilidad,0.85,98,0
M5 disponibilidad baja,21,83,MC sin disponibilidad,0.9,101,0
M5 disponibilidad baja,21,83,MC sin disponibilidad,0.93,102,0
M5 disponibilidad baja,21,83,MC sin disponibilidad,0.95,103,0
M5 disponibilidad baja,21,83,MC sin disponibilidad,0.97,105,0
M5 disponibilidad baja,21,83,MC sin carga del taller,0.5,95,0
M5 disponibilidad baja,21,83,MC sin carga del taller,0.6,97,0
M5 disponibilidad baja,21,83,MC sin carga del taller,0.7,99,0
M5 disponibilidad baja,21,83,MC sin carga del taller,0.8,103,0
M5 disponibilidad baja,21,83,MC sin carga del taller,0.85,104,0
M5 disponibilidad baja,21,83,MC sin carga del taller,0.9,106,0
M5 disponibilidad baja,21,83,MC sin carga del taller,0.93,108,0
M5 disponibilidad baja,21,83,MC sin carga del taller,0.95,109,0
M5 disponibilidad baja,21,83,MC sin carga del taller,0.97,111,0
M5 disponibilidad baja,21,83,MC con rho = 0,0.5,94,0
M5 disponibilidad baja,21,83,MC con rho = 0,0.6,96,0
M5 disponibilidad baja,21,83,MC con rho = 0,0.7,97,0
M5 disponibilidad baja,21,83,MC con rho = 0,0.8,99,0
M5 disponibilidad baja,21,83,MC con rho = 0,0.85,101,0
M5 disponibilidad baja,21,83,MC con rho = 0,0.9,103,0
M5 disponibilidad baja,21,83,MC con rho = 0,0.93,104,0
M5 disponibilidad baja,21,83,MC con rho = 0,0.95,105,0
M5 disponibilidad baja,21,83,MC con rho = 0,0.97,106,0
M5 disponibilidad baja,21,83,MC sin variables (empírico),0.5,84,3
M5 disponibilidad baja,21,83,MC sin variables (empírico),0.6,87,0
M5 disponibilidad baja,21,83,MC sin variables (empírico),0.7,88,0
M5 disponibilidad baja,21,83,MC sin variables (empírico),0.8,90,0
M5 disponibilidad baja,21,83,MC sin variables (empírico),0.85,92,0
M5 disponibilidad baja,21,83,MC sin variables (empírico),0.9,94,0
M5 disponibilidad baja,21,83,MC sin variables (empírico),0.93,95,0
M5 disponibilidad baja,21,83,MC sin variables (empírico),0.95,96,0
M5 disponibilidad baja,21,83,MC sin variables (empírico),0.97,97,0
M5 disponibilidad baja,24,88,A0 criterio del cotizador,0.0,88,5
M5 disponibilidad baja,24,88,B colchón fijo,0.0,89,4
M5 disponibilidad baja,24,88,B colchón fijo,1.0,91,2
M5 disponibilidad baja,24,88,B colchón fijo,2.0,92,1
M5 disponibilidad baja,24,88,B colchón fijo,3.0,93,0
M5 disponibilidad baja,24,88,B colchón fijo,4.0,94,0
M5 disponibilidad baja,24,88,B colchón fijo,6.0,96,0
M5 disponibilidad baja,24,88,B colchón fijo,8.0,99,0
M5 disponibilidad baja,24,88,B colchón fijo,10.0,101,0
M5 disponibilidad baja,24,88,B colchón fijo,12.0,103,0
M5 disponibilidad baja,24,88,B colchón fijo,15.0,107,0
M5 disponibilidad baja,24,88,MC completo,0.5,92,1
M5 disponibilidad baja,24,88,MC completo,0.6,94,0
M5 disponibilidad baja,24,88,MC completo,0.7,96,0
M5 disponibilidad baja,24,88,MC completo,0.8,99,0
M5 disponibilidad baja,24,88,MC completo,0.85,100,0
M5 disponibilidad baja,24,88,MC completo,0.9,102,0
M5 disponibilidad baja,24,88,MC completo,0.93,103,0
M5 disponibilidad baja,24,88,MC completo,0.95,106,0
M5 disponibilidad baja,24,88,MC completo,0.97,108,0
M5 disponibilidad baja,24,88,MC sin conformal,0.5,92,1
M5 disponibilidad baja,24,88,MC sin conformal,0.6,94,0
M5 disponibilidad baja,24,88,MC sin conformal,0.7,95,0
M5 disponibilidad baja,24,88,MC sin conformal,0.8,98,0
M5 disponibilidad baja,24,88,MC sin conformal,0.85,100,0
M5 disponibilidad baja,24,88,MC sin conformal,0.9,101,0
M5 disponibilidad baja,24,88,MC sin conformal,0.93,102,0
M5 disponibilidad baja,24,88,MC sin conformal,0.95,105,0
M5 disponibilidad baja,24,88,MC sin conformal,0.97,107,0
M5 disponibilidad baja,24,88,MC sin disponibilidad,0.5,88,5
M5 disponibilidad baja,24,88,MC sin disponibilidad,0.6,89,4
M5 disponibilidad baja,24,88,MC sin disponibilidad,0.7,92,1
M5 disponibilidad baja,24,88,MC sin disponibilidad,0.8,94,0
M5 disponibilidad baja,24,88,MC sin disponibilidad,0.85,95,0
M5 disponibilidad baja,24,88,MC sin disponibilidad,0.9,96,0
M5 disponibilidad baja,24,88,MC sin disponibilidad,0.93,99,0
M5 disponibilidad baja,24,88,MC sin disponibilidad,0.95,99,0
M5 disponibilidad baja,24,88,MC sin disponibilidad,0.97,101,0
M5 disponibilidad baja,24,88,MC sin carga del taller,0.5,92,1
M5 disponibilidad baja,24,88,MC sin carga del taller,0.6,94,0
M5 disponibilidad baja,24,88,MC sin carga del taller,0.7,96,0
M5 disponibilidad baja,24,88,MC sin carga del taller,0.8,99,0
M5 disponibilidad baja,24,88,MC sin carga del taller,0.85,100,0
M5 disponibilidad baja,24,88,MC sin carga del taller,0.9,102,0
M5 disponibilidad baja,24,88,MC sin carga del taller,0.93,103,0
M5 disponibilidad baja,24,88,MC sin carga del taller,0.95,106,0
M5 disponibilidad baja,24,88,MC sin carga del taller,0.97,108,0
M5 disponibilidad baja,24,88,MC con rho = 0,0.5,92,1
M5 disponibilidad baja,24,88,MC con rho = 0,0.6,93,0
M5 disponibilidad baja,24,88,MC con rho = 0,0.7,95,0
M5 disponibilidad baja,24,88,MC con rho = 0,0.8,98,0
M5 disponibilidad baja,24,88,MC con rho = 0,0.85,99,0
M5 disponibilidad baja,24,88,MC con rho = 0,0.9,100,0
M5 disponibilidad baja,24,88,MC con rho = 0,0.93,102,0
M5 disponibilidad baja,24,88,MC con rho = 0,0.95,103,0
M5 disponibilidad baja,24,88,MC con rho = 0,0.97,106,0
M5 disponibilidad baja,24,88,MC sin variables (empírico),0.5,102,0
M5 disponibilidad baja,24,88,MC sin variables (empírico),0.6,103,0
M5 disponibilidad baja,24,88,MC sin variables (empírico),0.7,106,0
M5 disponibilidad baja,24,88,MC sin variables (empírico),0.8,109,0
M5 disponibilidad baja,24,88,MC sin variables (empírico),0.85,110,0
M5 disponibilidad baja,24,88,MC sin variables (empírico),0.9,113,0
M5 disponibilidad baja,24,88,MC sin variables (empírico),0.93,114,0
M5 disponibilidad baja,24,88,MC sin variables (empírico),0.95,115,0
M5 disponibilidad baja,24,88,MC sin variables (empírico),0.97,119,0
M5 disponibilidad baja,25,55,A0 criterio del cotizador,0.0,55,0
M5 disponibilidad baja,25,55,B colchón fijo,0.0,53,1
M5 disponibilidad baja,25,55,B colchón fijo,1.0,55,0
M5 disponibilidad baja,25,55,B colchón fijo,2.0,56,0
M5 disponibilidad baja,25,55,B colchón fijo,3.0,57,0
M5 disponibilidad baja,25,55,B colchón fijo,4.0,58,0
M5 disponibilidad baja,25,55,B colchón fijo,6.0,60,0
M5 disponibilidad baja,25,55,B colchón fijo,8.0,63,0
M5 disponibilidad baja,25,55,B colchón fijo,10.0,65,0
M5 disponibilidad baja,25,55,B colchón fijo,12.0,67,0
M5 disponibilidad baja,25,55,B colchón fijo,15.0,71,0
M5 disponibilidad baja,25,55,MC completo,0.5,55,0
M5 disponibilidad baja,25,55,MC completo,0.6,56,0
M5 disponibilidad baja,25,55,MC completo,0.7,57,0
M5 disponibilidad baja,25,55,MC completo,0.8,58,0
M5 disponibilidad baja,25,55,MC completo,0.85,59,0
M5 disponibilidad baja,25,55,MC completo,0.9,62,0
M5 disponibilidad baja,25,55,MC completo,0.93,62,0
M5 disponibilidad baja,25,55,MC completo,0.95,63,0
M5 disponibilidad baja,25,55,MC completo,0.97,64,0
M5 disponibilidad baja,25,55,MC sin conformal,0.5,55,0
M5 disponibilidad baja,25,55,MC sin conformal,0.6,56,0
M5 disponibilidad baja,25,55,MC sin conformal,0.7,57,0
M5 disponibilidad baja,25,55,MC sin conformal,0.8,58,0
M5 disponibilidad baja,25,55,MC sin conformal,0.85,59,0
M5 disponibilidad baja,25,55,MC sin conformal,0.9,60,0
M5 disponibilidad baja,25,55,MC sin conformal,0.93,62,0
M5 disponibilidad baja,25,55,MC sin conformal,0.95,63,0
M5 disponibilidad baja,25,55,MC sin conformal,0.97,63,0
M5 disponibilidad baja,25,55,MC sin disponibilidad,0.5,53,1
M5 disponibilidad baja,25,55,MC sin disponibilidad,0.6,55,0
M5 disponibilidad baja,25,55,MC sin disponibilidad,0.7,56,0
M5 disponibilidad baja,25,55,MC sin disponibilidad,0.8,57,0
M5 disponibilidad baja,25,55,MC sin disponibilidad,0.85,57,0
M5 disponibilidad baja,25,55,MC sin disponibilidad,0.9,58,0
M5 disponibilidad baja,25,55,MC sin disponibilidad,0.93,59,0
M5 disponibilidad baja,25,55,MC sin disponibilidad,0.95,60,0
M5 disponibilidad baja,25,55,MC sin disponibilidad,0.97,62,0
M5 disponibilidad baja,25,55,MC sin carga del taller,0.5,53,1
M5 disponibilidad baja,25,55,MC sin carga del taller,0.6,55,0
M5 disponibilidad baja,25,55,MC sin carga del taller,0.7,56,0
M5 disponibilidad baja,25,55,MC sin carga del taller,0.8,57,0
M5 disponibilidad baja,25,55,MC sin carga del taller,0.85,58,0
M5 disponibilidad baja,25,55,MC sin carga del taller,0.9,59,0
M5 disponibilidad baja,25,55,MC sin carga del taller,0.93,62,0
M5 disponibilidad baja,25,55,MC sin carga del taller,0.95,62,0
M5 disponibilidad baja,25,55,MC sin carga del taller,0.97,63,0
M5 disponibilidad baja,25,55,MC con rho = 0,0.5,55,0
M5 disponibilidad baja,25,55,MC con rho = 0,0.6,56,0
M5 disponibilidad baja,25,55,MC con rho = 0,0.7,57,0
M5 disponibilidad baja,25,55,MC con rho = 0,0.8,58,0
M5 disponibilidad baja,25,55,MC con rho = 0,0.85,59,0
M5 disponibilidad baja,25,55,MC con rho = 0,0.9,60,0
M5 disponibilidad baja,25,55,MC con rho = 0,0.93,60,0
M5 disponibilidad baja,25,55,MC con rho = 0,0.95,62,0
M5 disponibilidad baja,25,55,MC con rho = 0,0.97,63,0
M5 disponibilidad baja,25,55,MC sin variables (empírico),0.5,56,0
M5 disponibilidad baja,25,55,MC sin variables (empírico),0.6,57,0
M5 disponibilidad baja,25,55,MC sin variables (empírico),0.7,58,0
M5 disponibilidad baja,25,55,MC sin variables (empírico),0.8,59,0
M5 disponibilidad baja,25,55,MC sin variables (empírico),0.85,60,0
M5 disponibilidad baja,25,55,MC sin variables (empírico),0.9,62,0
M5 disponibilidad baja,25,55,MC sin variables (empírico),0.93,63,0
M5 disponibilidad baja,25,55,MC sin variables (empírico),0.95,64,0
M5 disponibilidad baja,25,55,MC sin variables (empírico),0.97,65,0
M5 disponibilidad baja,23,52,A0 criterio del cotizador,0.0,52,0
M5 disponibilidad baja,23,52,B colchón fijo,0.0,50,2
M5 disponibilidad baja,23,52,B colchón fijo,1.0,51,1
M5 disponibilidad baja,23,52,B colchón fijo,2.0,52,0
M5 disponibilidad baja,23,52,B colchón fijo,3.0,53,0
M5 disponibilidad baja,23,52,B colchón fijo,4.0,55,0
M5 disponibilidad baja,23,52,B colchón fijo,6.0,57,0
M5 disponibilidad baja,23,52,B colchón fijo,8.0,59,0
M5 disponibilidad baja,23,52,B colchón fijo,10.0,62,0
M5 disponibilidad baja,23,52,B colchón fijo,12.0,64,0
M5 disponibilidad baja,23,52,B colchón fijo,15.0,67,0
M5 disponibilidad baja,23,52,MC completo,0.5,53,0
M5 disponibilidad baja,23,52,MC completo,0.6,55,0
M5 disponibilidad baja,23,52,MC completo,0.7,56,0
M5 disponibilidad baja,23,52,MC completo,0.8,57,0
M5 disponibilidad baja,23,52,MC completo,0.85,58,0
M5 disponibilidad baja,23,52,MC completo,0.9,59,0
M5 disponibilidad baja,23,52,MC completo,0.93,60,0
M5 disponibilidad baja,23,52,MC completo,0.95,62,0
M5 disponibilidad baja,23,52,MC completo,0.97,63,0
M5 disponibilidad baja,23,52,MC sin conformal,0.5,52,0
M5 disponibilidad baja,23,52,MC sin conformal,0.6,55,0
M5 disponibilidad baja,23,52,MC sin conformal,0.7,55,0
M5 disponibilidad baja,23,52,MC sin conformal,0.8,57,0
M5 disponibilidad baja,23,52,MC sin conformal,0.85,58,0
M5 disponibilidad baja,23,52,MC sin conformal,0.9,59,0
M5 disponibilidad baja,23,52,MC sin conformal,0.93,60,0
M5 disponibilidad baja,23,52,MC sin conformal,0.95,60,0
M5 disponibilidad baja,23,52,MC sin conformal,0.97,62,0
M5 disponibilidad baja,23,52,MC sin disponibilidad,0.5,51,1
M5 disponibilidad baja,23,52,MC sin disponibilidad,0.6,52,0
M5 disponibilidad baja,23,52,MC sin disponibilidad,0.7,53,0
M5 disponibilidad baja,23,52,MC sin disponibilidad,0.8,55,0
M5 disponibilidad baja,23,52,MC sin disponibilidad,0.85,55,0
M5 disponibilidad baja,23,52,MC sin disponibilidad,0.9,56,0
M5 disponibilidad baja,23,52,MC sin disponibilidad,0.93,57,0
M5 disponibilidad baja,23,52,MC sin disponibilidad,0.95,58,0
M5 disponibilidad baja,23,52,MC sin disponibilidad,0.97,58,0
M5 disponibilidad baja,23,52,MC sin carga del taller,0.5,53,0
M5 disponibilidad baja,23,52,MC sin carga del taller,0.6,55,0
M5 disponibilidad baja,23,52,MC sin carga del taller,0.7,56,0
M5 disponibilidad baja,23,52,MC sin carga del taller,0.8,57,0
M5 disponibilidad baja,23,52,MC sin carga del taller,0.85,58,0
M5 disponibilidad baja,23,52,MC sin carga del taller,0.9,59,0
M5 disponibilidad baja,23,52,MC sin carga del taller,0.93,60,0
M5 disponibilidad baja,23,52,MC sin carga del taller,0.95,62,0
M5 disponibilidad baja,23,52,MC sin carga del taller,0.97,63,0
M5 disponibilidad baja,23,52,MC con rho = 0,0.5,53,0
M5 disponibilidad baja,23,52,MC con rho = 0,0.6,55,0
M5 disponibilidad baja,23,52,MC con rho = 0,0.7,56,0
M5 disponibilidad baja,23,52,MC con rho = 0,0.8,57,0
M5 disponibilidad baja,23,52,MC con rho = 0,0.85,57,0
M5 disponibilidad baja,23,52,MC con rho = 0,0.9,58,0
M5 disponibilidad baja,23,52,MC con rho = 0,0.93,59,0
M5 disponibilidad baja,23,52,MC con rho = 0,0.95,60,0
M5 disponibilidad baja,23,52,MC con rho = 0,0.97,62,0
M5 disponibilidad baja,23,52,MC sin variables (empírico),0.5,50,2
M5 disponibilidad baja,23,52,MC sin variables (empírico),0.6,51,1
M5 disponibilidad baja,23,52,MC sin variables (empírico),0.7,52,0
M5 disponibilidad baja,23,52,MC sin variables (empírico),0.8,55,0
M5 disponibilidad baja,23,52,MC sin variables (empírico),0.85,56,0
M5 disponibilidad baja,23,52,MC sin variables (empírico),0.9,57,0
M5 disponibilidad baja,23,52,MC sin variables (empírico),0.93,57,0
M5 disponibilidad baja,23,52,MC sin variables (empírico),0.95,58,0
M5 disponibilidad baja,23,52,MC sin variables (empírico),0.97,59,0
