mundo,cod,ini,politica,plan,real,commit,fin,tarde,cumple,penalidad,costo,total,lead,intervino,palancas,p_commit
M1 ratio casi correcto,1,2021-02-20,A0 como se hizo,2021-05-13,2021-05-12,2021-05-13,2021-05-12,0,True,0.0,0.0,0.0,83,False,,0.142
M1 ratio casi correcto,1,2021-02-20,A1 DSS fecha α=0.80,2021-05-13,2021-05-12,2021-06-03,2021-05-12,0,True,0.0,0.0,0.0,104,False,,0.801
M1 ratio casi correcto,1,2021-02-20,A2 DSS fecha α*,2021-05-13,2021-05-12,2021-06-10,2021-05-12,0,True,0.0,0.0,0.0,111,False,,0.926
M1 ratio casi correcto,1,2021-02-20,A3 fecha original + gestión al inicio,2021-05-13,2021-05-12,2021-05-13,2021-04-27,0,True,0.0,0.6864153539142097,0.6864153539142097,83,True,Segundo turno en Habilitado · sierra cinta + Expeditar Granallado y pintura (externo),0.15166666666666667
M1 ratio casi correcto,1,2021-02-20,A4 fecha original + re-pronóstico 40 %,2021-05-13,2021-05-12,2021-05-13,2021-05-03,0,True,0.0,0.5207128171015789,0.5207128171015789,83,True,Segundo turno en Habilitado · sierra cinta + Expeditar Granallado y pintura (externo),0.19333333333333333
M1 ratio casi correcto,1,2021-02-20,A5 sistema completo (α* + re-pronóstico 40 %),2021-05-13,2021-05-12,2021-06-10,2021-05-11,0,True,0.0,0.020712817101578865,0.020712817101578865,111,True,Segundo turno en Habilitado · sierra cinta,0.9483333333333334
M1 ratio casi correcto,2,2021-02-19,A0 como se hizo,2021-05-10,2021-05-10,2021-05-10,2021-05-10,0,True,0.0,0.0,0.0,81,False,,0.289
M1 ratio casi correcto,2,2021-02-19,A1 DSS fecha α=0.80,2021-05-10,2021-05-10,2021-05-24,2021-05-10,0,True,0.0,0.0,0.0,95,False,,0.824
M1 ratio casi correcto,2,2021-02-19,A2 DSS fecha α*,2021-05-10,2021-05-10,2021-05-31,2021-05-10,0,True,0.0,0.0,0.0,102,False,,0.937
M1 ratio casi correcto,2,2021-02-19,A3 fecha original + gestión al inicio,2021-05-10,2021-05-10,2021-05-10,2021-04-30,0,True,0.0,0.725761906105614,0.725761906105614,81,True,Segundo turno en Habilitado · sierra cinta + +2 persona(s) en Limpieza + Expeditar Granallado y pintura (externo),0.305
M1 ratio casi correcto,2,2021-02-19,A4 fecha original + re-pronóstico 40 %,2021-05-10,2021-05-10,2021-05-10,2021-05-03,0,True,0.0,0.5319937014818688,0.5319937014818688,81,True,+2 persona(s) en Limpieza + Expeditar Granallado y pintura (externo),0.355
M1 ratio casi correcto,2,2021-02-19,A5 sistema completo (α* + re-pronóstico 40 %),2021-05-10,2021-05-10,2021-05-31,2021-05-10,0,True,0.0,0.0,0.0,102,False,,0.97
M1 ratio casi correcto,3,2021-09-04,A0 como se hizo,2021-11-17,2021-11-16,2021-11-17,2021-11-16,0,True,0.0,0.0,0.0,75,False,,0.523
M1 ratio casi correcto,3,2021-09-04,A1 DSS fecha α=0.80,2021-11-17,2021-11-16,2021-11-25,2021-11-16,0,True,0.0,0.0,0.0,83,False,,0.818
M1 ratio casi correcto,3,2021-09-04,A2 DSS fecha α*,2021-11-17,2021-11-16,2021-12-01,2021-11-16,0,True,0.0,0.0,0.0,89,False,,0.934
M1 ratio casi correcto,3,2021-09-04,A3 fecha original + gestión al inicio,2021-11-17,2021-11-16,2021-11-17,2021-11-06,0,True,0.0,0.5842830247441887,0.5842830247441887,75,True,+2 persona(s) en Soldeo + +2 persona(s) en Limpieza + Expeditar Granallado y pintura (externo),0.48
M1 ratio casi correcto,3,2021-09-04,A4 fecha original + re-pronóstico 40 %,2021-11-17,2021-11-16,2021-11-17,2021-11-08,0,True,0.0,0.5357297869124327,0.5357297869124327,75,True,+2 persona(s) en Limpieza + Expeditar Granallado y pintura (externo),0.4066666666666667
M1 ratio casi correcto,3,2021-09-04,A5 sistema completo (α* + re-pronóstico 40 %),2021-11-17,2021-11-16,2021-12-01,2021-11-15,0,True,0.0,0.035729786912432684,0.035729786912432684,89,True,+2 persona(s) en Limpieza,0.935
M1 ratio casi correcto,4,2022-02-02,A0 como se hizo,2022-04-06,2022-04-06,2022-04-06,2022-04-06,0,True,0.0,0.0,0.0,64,False,,0.344
M1 ratio casi correcto,4,2022-02-02,A1 DSS fecha α=0.80,2022-04-06,2022-04-06,2022-04-16,2022-04-06,0,True,0.0,0.0,0.0,74,False,,0.809
M1 ratio casi correcto,4,2022-02-02,A2 DSS fecha α*,2022-04-06,2022-04-06,2022-04-22,2022-04-06,0,True,0.0,0.0,0.0,80,False,,0.935
M1 ratio casi correcto,4,2022-02-02,A3 fecha original + gestión al inicio,2022-04-06,2022-04-06,2022-04-06,2022-03-30,0,True,0.0,0.7429576142554771,0.7429576142554771,64,True,Segundo turno en Habilitado · mesa CNC + +2 persona(s) en Soldeo + Expeditar Granallado y pintura (externo),0.31333333333333335
M1 ratio casi correcto,4,2022-02-02,A4 fecha original + re-pronóstico 40 %,2022-04-06,2022-04-06,2022-04-06,2022-03-30,0,True,0.0,0.5,0.5,64,True,Expeditar Granallado y pintura (externo),0.345
M1 ratio casi correcto,4,2022-02-02,A5 sistema completo (α* + re-pronóstico 40 %),2022-04-06,2022-04-06,2022-04-22,2022-04-06,0,True,0.0,0.0,0.0,80,False,,0.9383333333333334
M1 ratio casi correcto,5,2022-01-03,A0 como se hizo,2022-03-15,2022-03-15,2022-03-15,2022-03-15,0,True,0.0,0.0,0.0,72,False,,0.435
M1 ratio casi correcto,5,2022-01-03,A1 DSS fecha α=0.80,2022-03-15,2022-03-15,2022-03-24,2022-03-15,0,True,0.0,0.0,0.0,81,False,,0.823
M1 ratio casi correcto,5,2022-01-03,A2 DSS fecha α*,2022-03-15,2022-03-15,2022-03-31,2022-03-15,0,True,0.0,0.0,0.0,88,False,,0.94
M1 ratio casi correcto,5,2022-01-03,A3 fecha original + gestión al inicio,2022-03-15,2022-03-15,2022-03-15,2022-03-08,0,True,0.0,0.6953535446518873,0.6953535446518873,72,True,Segundo turno en Habilitado · mesa CNC + +2 persona(s) en Soldeo + Expeditar Granallado y pintura (externo),0.43666666666666665
M1 ratio casi correcto,5,2022-01-03,A4 fecha original + re-pronóstico 40 %,2022-03-15,2022-03-15,2022-03-15,2022-03-08,0,True,0.0,0.5,0.5,72,True,Expeditar Granallado y pintura (externo),0.3466666666666667
M1 ratio casi correcto,5,2022-01-03,A5 sistema completo (α* + re-pronóstico 40 %),2022-03-15,2022-03-15,2022-03-31,2022-03-08,0,True,0.0,0.5,0.5,88,True,Expeditar Granallado y pintura (externo),0.9033333333333333
M1 ratio casi correcto,6,2022-01-07,A0 como se hizo,2022-03-08,2022-03-13,2022-03-08,2022-03-13,5,False,5.0,0.0,5.0,61,False,,0.12
M1 ratio casi correcto,6,2022-01-07,A1 DSS fecha α=0.80,2022-03-08,2022-03-13,2022-03-19,2022-03-13,0,True,0.0,0.0,0.0,72,False,,0.808
M1 ratio casi correcto,6,2022-01-07,A2 DSS fecha α*,2022-03-08,2022-03-13,2022-03-24,2022-03-13,0,True,0.0,0.0,0.0,77,False,,0.926
M1 ratio casi correcto,6,2022-01-07,A3 fecha original + gestión al inicio,2022-03-08,2022-03-13,2022-03-08,2022-03-05,0,True,0.0,0.6076467355601405,0.6076467355601405,61,True,+2 persona(s) en Armado + +2 persona(s) en Limpieza + Expeditar Granallado y pintura (externo),0.12666666666666668
M1 ratio casi correcto,6,2022-01-07,A4 fecha original + re-pronóstico 40 %,2022-03-08,2022-03-13,2022-03-08,2022-03-07,0,True,0.0,0.6201501682827746,0.6201501682827746,61,True,+2 persona(s) en Soldeo + +2 persona(s) en Limpieza + Expeditar Granallado y pintura (externo),0.005
M1 ratio casi correcto,6,2022-01-07,A5 sistema completo (α* + re-pronóstico 40 %),2022-03-08,2022-03-13,2022-03-24,2022-03-08,0,True,0.0,0.5269996099358472,0.5269996099358472,77,True,+1 persona(s) en Limpieza + Expeditar Granallado y pintura (externo),0.7633333333333333
M1 ratio casi correcto,7,2022-03-22,A0 como se hizo,2022-05-21,2022-05-21,2022-05-21,2022-05-21,0,True,0.0,0.0,0.0,61,False,,0.55
M1 ratio casi correcto,7,2022-03-22,A1 DSS fecha α=0.80,2022-05-21,2022-05-21,2022-05-27,2022-05-21,0,True,0.0,0.0,0.0,67,False,,0.819
M1 ratio casi correcto,7,2022-03-22,A2 DSS fecha α*,2022-05-21,2022-05-21,2022-06-01,2022-05-21,0,True,0.0,0.0,0.0,72,False,,0.926
M1 ratio casi correcto,7,2022-03-22,A3 fecha original + gestión al inicio,2022-05-21,2022-05-21,2022-05-21,2022-05-16,0,True,0.0,0.5176266619442863,0.5176266619442863,61,True,+1 persona(s) en Armado + Expeditar Granallado y pintura (externo),0.5683333333333334
M1 ratio casi correcto,7,2022-03-22,A4 fecha original + re-pronóstico 40 %,2022-05-21,2022-05-21,2022-05-21,2022-05-16,0,True,0.0,0.5,0.5,61,True,Expeditar Granallado y pintura (externo),0.525
M1 ratio casi correcto,7,2022-03-22,A5 sistema completo (α* + re-pronóstico 40 %),2022-05-21,2022-05-21,2022-06-01,2022-05-21,0,True,0.0,0.0,0.0,72,False,,0.93
M1 ratio casi correcto,8,2023-02-14,A0 como se hizo,2023-04-24,2023-04-22,2023-04-24,2023-04-22,0,True,0.0,0.0,0.0,70,False,,0.333
M1 ratio casi correcto,8,2023-02-14,A1 DSS fecha α=0.80,2023-04-24,2023-04-22,2023-05-04,2023-04-22,0,True,0.0,0.0,0.0,80,False,,0.835
M1 ratio casi correcto,8,2023-02-14,A2 DSS fecha α*,2023-04-24,2023-04-22,2023-05-09,2023-04-22,0,True,0.0,0.0,0.0,85,False,,0.93
M1 ratio casi correcto,8,2023-02-14,A3 fecha original + gestión al inicio,2023-04-24,2023-04-22,2023-04-24,2023-04-17,0,True,0.0,0.5485691156810185,0.5485691156810185,70,True,+1 persona(s) en Armado + +2 persona(s) en Limpieza + Expeditar Granallado y pintura (externo),0.3433333333333333
M1 ratio casi correcto,8,2023-02-14,A4 fecha original + re-pronóstico 40 %,2023-04-24,2023-04-22,2023-04-24,2023-04-17,0,True,0.0,0.5310751477295821,0.5310751477295821,70,True,+2 persona(s) en Limpieza + Expeditar Granallado y pintura (externo),0.20333333333333334
M1 ratio casi correcto,8,2023-02-14,A5 sistema completo (α* + re-pronóstico 40 %),2023-04-24,2023-04-22,2023-05-09,2023-04-22,0,True,0.0,0.031075147729582076,0.031075147729582076,85,True,+2 persona(s) en Limpieza,0.9083333333333333
M1 ratio casi correcto,9,2023-05-18,A0 como se hizo,2023-07-18,2023-07-16,2023-07-18,2023-07-16,0,True,0.0,0.0,0.0,62,False,,0.542
M1 ratio casi correcto,9,2023-05-18,A1 DSS fecha α=0.80,2023-07-18,2023-07-16,2023-07-24,2023-07-16,0,True,0.0,0.0,0.0,68,False,,0.823
M1 ratio casi correcto,9,2023-05-18,A2 DSS fecha α*,2023-07-18,2023-07-16,2023-07-28,2023-07-16,0,True,0.0,0.0,0.0,72,False,,0.932
M1 ratio casi correcto,9,2023-05-18,A3 fecha original + gestión al inicio,2023-07-18,2023-07-16,2023-07-18,2023-07-08,0,True,0.0,0.5296188447209539,0.5296188447209539,62,True,+2 persona(s) en Limpieza + Expeditar Granallado y pintura (externo),0.5616666666666666
M1 ratio casi correcto,9,2023-05-18,A4 fecha original + re-pronóstico 40 %,2023-07-18,2023-07-16,2023-07-18,2023-07-10,0,True,0.0,0.5,0.5,62,True,Expeditar Granallado y pintura (externo),0.5683333333333334
M1 ratio casi correcto,9,2023-05-18,A5 sistema completo (α* + re-pronóstico 40 %),2023-07-18,2023-07-16,2023-07-28,2023-07-15,0,True,0.0,0.0,0.0,72,False,,0.95
M1 ratio casi correcto,10,2023-08-11,A0 como se hizo,2023-10-01,2023-10-01,2023-10-01,2023-10-01,0,True,0.0,0.0,0.0,52,False,,0.391
M1 ratio casi correcto,10,2023-08-11,A1 DSS fecha α=0.80,2023-10-01,2023-10-01,2023-10-07,2023-10-01,0,True,0.0,0.0,0.0,58,False,,0.841
M1 ratio casi correcto,10,2023-08-11,A2 DSS fecha α*,2023-10-01,2023-10-01,2023-10-11,2023-10-01,0,True,0.0,0.0,0.0,62,False,,0.946
M1 ratio casi correcto,10,2023-08-11,A3 fecha original + gestión al inicio,2023-10-01,2023-10-01,2023-10-01,2023-09-26,0,True,0.0,0.5685797931528752,0.5685797931528752,52,True,+1 persona(s) en Armado + +2 persona(s) en Limpieza + Expeditar Granallado y pintura (externo),0.375
M1 ratio casi correcto,10,2023-08-11,A4 fecha original + re-pronóstico 40 %,2023-10-01,2023-10-01,2023-10-01,2023-09-25,0,True,0.0,0.7384554812795968,0.7384554812795968,52,True,+2 persona(s) en Limpieza + Horas extra en Despacho a pintura + Expeditar Granallado y pintura (externo),0.23666666666666666
M1 ratio casi correcto,10,2023-08-11,A5 sistema completo (α* + re-pronóstico 40 %),2023-10-01,2023-10-01,2023-10-11,2023-09-29,0,True,0.0,0.04279358503630521,0.04279358503630521,62,True,+2 persona(s) en Limpieza,0.8666666666666667
M1 ratio casi correcto,11,2023-06-02,A0 como se hizo,2023-07-18,2023-07-18,2023-07-18,2023-07-18,0,True,0.0,0.0,0.0,47,False,,0.282
M1 ratio casi correcto,11,2023-06-02,A1 DSS fecha α=0.80,2023-07-18,2023-07-18,2023-07-25,2023-07-18,0,True,0.0,0.0,0.0,54,False,,0.856
M1 ratio casi correcto,11,2023-06-02,A2 DSS fecha α*,2023-07-18,2023-07-18,2023-07-27,2023-07-18,0,True,0.0,0.0,0.0,56,False,,0.932
M1 ratio casi correcto,11,2023-06-02,A3 fecha original + gestión al inicio,2023-07-18,2023-07-18,2023-07-18,2023-07-13,0,True,0.0,0.6351388980763502,0.6351388980763502,47,True,+2 persona(s) en Armado + +2 persona(s) en Limpieza + Expeditar Granallado y pintura (externo),0.26166666666666666
M1 ratio casi correcto,11,2023-06-02,A4 fecha original + re-pronóstico 40 %,2023-07-18,2023-07-18,2023-07-18,2023-07-13,0,True,0.0,0.6511797662132119,0.6511797662132119,47,True,+2 persona(s) en Soldeo + +2 persona(s) en Limpieza + Expeditar Granallado y pintura (externo),0.12
M1 ratio casi correcto,11,2023-06-02,A5 sistema completo (α* + re-pronóstico 40 %),2023-07-18,2023-07-18,2023-07-27,2023-07-17,0,True,0.0,0.11207913809943221,0.11207913809943221,56,True,+1 persona(s) en Soldeo + +2 persona(s) en Limpieza,0.8483333333333334
M1 ratio casi correcto,12,2023-08-13,A0 como se hizo,2023-10-17,2023-10-21,2023-10-17,2023-10-21,4,False,4.0,0.0,4.0,66,False,,0.063
M1 ratio casi correcto,12,2023-08-13,A1 DSS fecha α=0.80,2023-10-17,2023-10-21,2023-11-02,2023-10-21,0,True,0.0,0.0,0.0,82,False,,0.807
M1 ratio casi correcto,12,2023-08-13,A2 DSS fecha α*,2023-10-17,2023-10-21,2023-11-08,2023-10-21,0,True,0.0,0.0,0.0,88,False,,0.947
M1 ratio casi correcto,12,2023-08-13,A3 fecha original + gestión al inicio,2023-10-17,2023-10-21,2023-10-17,2023-10-13,0,True,0.0,0.863878152987785,0.863878152987785,66,True,Segundo turno en Habilitado · sierra cinta + +2 persona(s) en Limpieza + Expeditar Granallado y pintura (externo),0.04833333333333333
M1 ratio casi correcto,12,2023-08-13,A4 fecha original + re-pronóstico 40 %,2023-10-17,2023-10-21,2023-10-17,2023-10-14,0,True,0.0,0.6000892544297124,0.6000892544297124,66,True,+2 persona(s) en Soldeo + +2 persona(s) en Limpieza + Expeditar Granallado y pintura (externo),0.023333333333333334
M1 ratio casi correcto,12,2023-08-13,A5 sistema completo (α* + re-pronóstico 40 %),2023-10-17,2023-10-21,2023-11-08,2023-10-20,0,True,0.0,0.04188799622687725,0.04188799622687725,88,True,+2 persona(s) en Limpieza,0.9233333333333333
M1 ratio casi correcto,13,2023-02-03,A0 como se hizo,2023-04-09,2023-04-07,2023-04-09,2023-04-07,0,True,0.0,0.0,0.0,66,False,,0.4
M1 ratio casi correcto,13,2023-02-03,A1 DSS fecha α=0.80,2023-04-09,2023-04-07,2023-04-17,2023-04-07,0,True,0.0,0.0,0.0,74,False,,0.814
M1 ratio casi correcto,13,2023-02-03,A2 DSS fecha α*,2023-04-09,2023-04-07,2023-04-21,2023-04-07,0,True,0.0,0.0,0.0,78,False,,0.944
M1 ratio casi correcto,13,2023-02-03,A3 fecha original + gestión al inicio,2023-04-09,2023-04-07,2023-04-09,2023-03-30,0,True,0.0,0.640495146154049,0.640495146154049,66,True,+2 persona(s) en Limpieza + Expeditar Granallado y pintura (externo) + Horas extra en Despacho a obra,0.44
M1 ratio casi correcto,13,2023-02-03,A4 fecha original + re-pronóstico 40 %,2023-04-09,2023-04-07,2023-04-09,2023-03-31,0,True,0.0,0.6090674902704873,0.6090674902704873,66,True,Expeditar Granallado y pintura (externo) + Horas extra en Despacho a obra,0.5
M1 ratio casi correcto,13,2023-02-03,A5 sistema completo (α* + re-pronóstico 40 %),2023-04-09,2023-04-07,2023-04-21,2023-04-07,0,True,0.0,0.0,0.0,78,False,,0.9616666666666667
M1 ratio casi correcto,14,2023-08-04,A0 como se hizo,2023-10-04,2023-10-04,2023-10-04,2023-10-04,0,True,0.0,0.0,0.0,62,False,,0.514
M1 ratio casi correcto,14,2023-08-04,A1 DSS fecha α=0.80,2023-10-04,2023-10-04,2023-10-10,2023-10-04,0,True,0.0,0.0,0.0,68,False,,0.802
M1 ratio casi correcto,14,2023-08-04,A2 DSS fecha α*,2023-10-04,2023-10-04,2023-10-16,2023-10-04,0,True,0.0,0.0,0.0,74,False,,0.94
M1 ratio casi correcto,14,2023-08-04,A3 fecha original + gestión al inicio,2023-10-04,2023-10-04,2023-10-04,2023-09-27,0,True,0.0,0.5508376648124906,0.5508376648124906,62,True,+2 persona(s) en Armado + +1 persona(s) en Limpieza + Expeditar Granallado y pintura (externo),0.5316666666666666
M1 ratio casi correcto,14,2023-08-04,A4 fecha original + re-pronóstico 40 %,2023-10-04,2023-10-04,2023-10-04,2023-09-27,0,True,0.0,0.5,0.5,62,True,Expeditar Granallado y pintura (externo),0.5483333333333333
M1 ratio casi correcto,14,2023-08-04,A5 sistema completo (α* + re-pronóstico 40 %),2023-10-04,2023-10-04,2023-10-16,2023-10-04,0,True,0.0,0.0,0.0,74,False,,0.9383333333333334
M1 ratio casi correcto,15,2023-09-23,A0 como se hizo,2023-12-07,2023-12-05,2023-12-07,2023-12-05,0,True,0.0,0.0,0.0,76,False,,0.606
M1 ratio casi correcto,15,2023-09-23,A1 DSS fecha α=0.80,2023-12-07,2023-12-05,2023-12-13,2023-12-05,0,True,0.0,0.0,0.0,82,False,,0.823
M1 ratio casi correcto,15,2023-09-23,A2 DSS fecha α*,2023-12-07,2023-12-05,2023-12-19,2023-12-05,0,True,0.0,0.0,0.0,88,False,,0.939
M1 ratio casi correcto,15,2023-09-23,A3 fecha original + gestión al inicio,2023-12-07,2023-12-05,2023-12-07,2023-11-27,0,True,0.0,0.5340407727178911,0.5340407727178911,76,True,+2 persona(s) en Limpieza + Expeditar Granallado y pintura (externo),0.6183333333333333
M1 ratio casi correcto,15,2023-09-23,A4 fecha original + re-pronóstico 40 %,2023-12-07,2023-12-05,2023-12-07,2023-11-27,0,True,0.0,0.5340407727178911,0.5340407727178911,76,True,+2 persona(s) en Limpieza + Expeditar Granallado y pintura (externo),0.5766666666666667
M1 ratio casi correcto,15,2023-09-23,A5 sistema completo (α* + re-pronóstico 40 %),2023-12-07,2023-12-05,2023-12-19,2023-12-04,0,True,0.0,0.0340407727178911,0.0340407727178911,88,True,+2 persona(s) en Limpieza,0.9416666666666667
M1 ratio casi correcto,16,2024-06-09,A0 como se hizo,2024-08-04,2024-08-02,2024-08-04,2024-08-02,0,True,0.0,0.0,0.0,57,False,,0.374
M1 ratio casi correcto,16,2024-06-09,A1 DSS fecha α=0.80,2024-08-04,2024-08-02,2024-08-12,2024-08-02,0,True,0.0,0.0,0.0,65,False,,0.822
M1 ratio casi correcto,16,2024-06-09,A2 DSS fecha α*,2024-08-04,2024-08-02,2024-08-16,2024-08-02,0,True,0.0,0.0,0.0,69,False,,0.949
M1 ratio casi correcto,16,2024-06-09,A3 fecha original + gestión al inicio,2024-08-04,2024-08-02,2024-08-04,2024-07-27,0,True,0.0,0.5801150936796811,0.5801150936796811,57,True,+2 persona(s) en Armado + +2 persona(s) en Limpieza + Expeditar Granallado y pintura (externo),0.4116666666666667
M1 ratio casi correcto,16,2024-06-09,A4 fecha original + re-pronóstico 40 %,2024-08-04,2024-08-02,2024-08-04,2024-07-26,0,True,0.0,0.7175053014920612,0.7175053014920612,57,True,+2 persona(s) en Limpieza + Horas extra en Despacho a pintura + Expeditar Granallado y pintura (externo),0.19
M1 ratio casi correcto,16,2024-06-09,A5 sistema completo (α* + re-pronóstico 40 %),2024-08-04,2024-08-02,2024-08-16,2024-08-01,0,True,0.0,0.03918861104983579,0.03918861104983579,69,True,+2 persona(s) en Limpieza,0.9166666666666666
M1 ratio casi correcto,17,2024-04-10,A0 como se hizo,2024-06-06,2024-06-06,2024-06-06,2024-06-06,0,True,0.0,0.0,0.0,58,False,,0.394
M1 ratio casi correcto,17,2024-04-10,A1 DSS fecha α=0.80,2024-06-06,2024-06-06,2024-06-13,2024-06-06,0,True,0.0,0.0,0.0,65,False,,0.832
M1 ratio casi correcto,17,2024-04-10,A2 DSS fecha α*,2024-06-06,2024-06-06,2024-06-17,2024-06-06,0,True,0.0,0.0,0.0,69,False,,0.929
M1 ratio casi correcto,17,2024-04-10,A3 fecha original + gestión al inicio,2024-06-06,2024-06-06,2024-06-06,2024-05-29,0,True,0.0,0.6077424383684584,0.6077424383684584,58,True,+2 persona(s) en Armado + +2 persona(s) en Limpieza + Expeditar Granallado y pintura (externo),0.425
M1 ratio casi correcto,17,2024-04-10,A4 fecha original + re-pronóstico 40 %,2024-06-06,2024-06-06,2024-06-06,2024-05-31,0,True,0.0,0.6518185806515516,0.6518185806515516,58,True,+2 persona(s) en Limpieza + Expeditar Granallado y pintura (externo) + Horas extra en Despacho a obra,0.3383333333333333
M1 ratio casi correcto,17,2024-04-10,A5 sistema completo (α* + re-pronóstico 40 %),2024-06-06,2024-06-06,2024-06-17,2024-06-05,0,True,0.0,0.047719704763262885,0.047719704763262885,69,True,+2 persona(s) en Limpieza,0.905
M1 ratio casi correcto,18,2024-08-03,A0 como se hizo,2024-10-28,2024-10-26,2024-10-28,2024-10-26,0,True,0.0,0.0,0.0,87,False,,0.441
M1 ratio casi correcto,18,2024-08-03,A1 DSS fecha α=0.80,2024-10-28,2024-10-26,2024-11-07,2024-10-26,0,True,0.0,0.0,0.0,97,False,,0.821
M1 ratio casi correcto,18,2024-08-03,A2 DSS fecha α*,2024-10-28,2024-10-26,2024-11-13,2024-10-26,0,True,0.0,0.0,0.0,103,False,,0.926
M1 ratio casi correcto,18,2024-08-03,A3 fecha original + gestión al inicio,2024-10-28,2024-10-26,2024-10-28,2024-10-18,0,True,0.0,0.5514705383137237,0.5514705383137237,87,True,+2 persona(s) en Armado + +2 persona(s) en Limpieza + Expeditar Granallado y pintura (externo),0.425
M1 ratio casi correcto,18,2024-08-03,A4 fecha original + re-pronóstico 40 %,2024-10-28,2024-10-26,2024-10-28,2024-10-18,0,True,0.0,0.5248318234050434,0.5248318234050434,87,True,+2 persona(s) en Limpieza + Expeditar Granallado y pintura (externo),0.3433333333333333
M1 ratio casi correcto,18,2024-08-03,A5 sistema completo (α* + re-pronóstico 40 %),2024-10-28,2024-10-26,2024-11-13,2024-10-25,0,True,0.0,0.024831823405043404,0.024831823405043404,103,True,+2 persona(s) en Limpieza,0.89
M1 ratio casi correcto,19,2024-01-11,A0 como se hizo,2024-03-07,2024-03-15,2024-03-07,2024-03-15,8,False,8.0,0.0,8.0,57,False,,0.025
M1 ratio casi correcto,19,2024-01-11,A1 DSS fecha α=0.80,2024-03-07,2024-03-15,2024-03-23,2024-03-15,0,True,0.0,0.0,0.0,73,False,,0.846
M1 ratio casi correcto,19,2024-01-11,A2 DSS fecha α*,2024-03-07,2024-03-15,2024-03-27,2024-03-15,0,True,0.0,0.0,0.0,77,False,,0.936
M1 ratio casi correcto,19,2024-01-11,A3 fecha original + gestión al inicio,2024-03-07,2024-03-15,2024-03-07,2024-03-07,0,True,0.0,0.623164404269043,0.623164404269043,57,True,+2 persona(s) en Armado + +2 persona(s) en Limpieza + Expeditar Granallado y pintura (externo),0.04
M1 ratio casi correcto,19,2024-01-11,A4 fecha original + re-pronóstico 40 %,2024-03-07,2024-03-15,2024-03-07,2024-03-07,0,True,0.0,0.6903605648816342,0.6903605648816342,57,True,+2 persona(s) en Limpieza + Expeditar Granallado y pintura (externo) + Horas extra en Despacho a obra,0.035
M1 ratio casi correcto,19,2024-01-11,A5 sistema completo (α* + re-pronóstico 40 %),2024-03-07,2024-03-15,2024-03-27,2024-03-13,0,True,0.0,0.05662304704996526,0.05662304704996526,77,True,+2 persona(s) en Limpieza,0.9583333333333334
M1 ratio casi correcto,20,2025-05-08,A0 como se hizo,2025-07-13,2025-07-13,2025-07-13,2025-07-13,0,True,0.0,0.0,0.0,67,False,,0.426
M1 ratio casi correcto,20,2025-05-08,A1 DSS fecha α=0.80,2025-07-13,2025-07-13,2025-07-22,2025-07-13,0,True,0.0,0.0,0.0,76,False,,0.807
M1 ratio casi correcto,20,2025-05-08,A2 DSS fecha α*,2025-07-13,2025-07-13,2025-07-28,2025-07-13,0,True,0.0,0.0,0.0,82,False,,0.927
M1 ratio casi correcto,20,2025-05-08,A3 fecha original + gestión al inicio,2025-07-13,2025-07-13,2025-07-13,2025-07-04,0,True,0.0,0.511993681548327,0.511993681548327,67,True,+2 persona(s) en Limpieza + Expeditar Granallado y pintura (externo),0.38666666666666666
M1 ratio casi correcto,20,2025-05-08,A4 fecha original + re-pronóstico 40 %,2025-07-13,2025-07-13,2025-07-13,2025-07-05,0,True,0.0,0.5,0.5,67,True,Expeditar Granallado y pintura (externo),0.5683333333333334
M1 ratio casi correcto,20,2025-05-08,A5 sistema completo (α* + re-pronóstico 40 %),2025-07-13,2025-07-13,2025-07-28,2025-07-12,0,True,0.0,0.0,0.0,82,False,,0.97
M1 ratio casi correcto,21,2025-09-20,A0 como se hizo,2025-12-11,2025-12-15,2025-12-11,2025-12-15,4,False,4.0,0.0,4.0,83,False,,0.258
M1 ratio casi correcto,21,2025-09-20,A1 DSS fecha α=0.80,2025-12-11,2025-12-15,2025-12-25,2025-12-15,0,True,0.0,0.0,0.0,97,False,,0.81
M1 ratio casi correcto,21,2025-09-20,A2 DSS fecha α*,2025-12-11,2025-12-15,2026-01-02,2025-12-15,0,True,0.0,0.0,0.0,105,False,,0.937
M1 ratio casi correcto,21,2025-09-20,A3 fecha original + gestión al inicio,2025-12-11,2025-12-15,2025-12-11,2025-12-04,0,True,0.0,0.7480482409410448,0.7480482409410448,83,True,Segundo turno en Habilitado · mesa CNC + +2 persona(s) en Limpieza + Expeditar Granallado y pintura (externo),0.225
M1 ratio casi correcto,21,2025-09-20,A4 fecha original + re-pronóstico 40 %,2025-12-11,2025-12-15,2025-12-11,2025-12-06,0,True,0.0,0.5346617601482287,0.5346617601482287,83,True,+2 persona(s) en Limpieza + Expeditar Granallado y pintura (externo),0.16666666666666666
M1 ratio casi correcto,21,2025-09-20,A5 sistema completo (α* + re-pronóstico 40 %),2025-12-11,2025-12-15,2026-01-02,2025-12-13,0,True,0.0,0.03466176014822871,0.03466176014822871,105,True,+2 persona(s) en Limpieza,0.9316666666666666
M1 ratio casi correcto,22,2025-07-03,A0 como se hizo,2025-09-03,2025-09-07,2025-09-03,2025-09-07,4,False,4.0,0.0,4.0,63,False,,0.244
M1 ratio casi correcto,22,2025-07-03,A1 DSS fecha α=0.80,2025-09-03,2025-09-07,2025-09-13,2025-09-07,0,True,0.0,0.0,0.0,73,False,,0.82
M1 ratio casi correcto,22,2025-07-03,A2 DSS fecha α*,2025-09-03,2025-09-07,2025-09-19,2025-09-07,0,True,0.0,0.0,0.0,79,False,,0.948
M1 ratio casi correcto,22,2025-07-03,A3 fecha original + gestión al inicio,2025-09-03,2025-09-07,2025-09-03,2025-08-28,0,True,0.0,0.7798905223777485,0.7798905223777485,63,True,Segundo turno en Habilitado · mesa CNC + +2 persona(s) en Limpieza + Expeditar Granallado y pintura (externo),0.255
M1 ratio casi correcto,22,2025-07-03,A4 fecha original + re-pronóstico 40 %,2025-09-03,2025-09-07,2025-09-03,2025-08-30,0,True,0.0,0.5406331771772508,0.5406331771772508,63,True,+2 persona(s) en Limpieza + Expeditar Granallado y pintura (externo),0.17166666666666666
M1 ratio casi correcto,22,2025-07-03,A5 sistema completo (α* + re-pronóstico 40 %),2025-09-03,2025-09-07,2025-09-19,2025-09-05,0,True,0.0,0.04063317717725084,0.04063317717725084,79,True,+2 persona(s) en Limpieza,0.945
M1 ratio casi correcto,23,2026-08-05,A0 como se hizo,2026-09-25,2026-09-25,2026-09-25,2026-09-25,0,True,0.0,0.0,0.0,52,False,,0.431
M1 ratio casi correcto,23,2026-08-05,A1 DSS fecha α=0.80,2026-09-25,2026-09-25,2026-10-02,2026-09-25,0,True,0.0,0.0,0.0,59,False,,0.817
M1 ratio casi correcto,23,2026-08-05,A2 DSS fecha α*,2026-09-25,2026-09-25,2026-10-07,2026-09-25,0,True,0.0,0.0,0.0,64,False,,0.937
M1 ratio casi correcto,23,2026-08-05,A3 fecha original + gestión al inicio,2026-09-25,2026-09-25,2026-09-25,2026-09-18,0,True,0.0,0.5653709044641008,0.5653709044641008,52,True,+2 persona(s) en Armado + +2 persona(s) en Soldeo + Expeditar Granallado y pintura (externo),0.475
M1 ratio casi correcto,23,2026-08-05,A4 fecha original + re-pronóstico 40 %,2026-09-25,2026-09-25,2026-09-25,2026-09-19,0,True,0.0,0.5,0.5,52,True,Expeditar Granallado y pintura (externo),0.43166666666666664
M1 ratio casi correcto,23,2026-08-05,A5 sistema completo (α* + re-pronóstico 40 %),2026-09-25,2026-09-25,2026-10-07,2026-09-25,0,True,0.0,0.0,0.0,64,False,,0.935
M1 ratio casi correcto,24,2026-02-17,A0 como se hizo,2026-05-15,2026-05-20,2026-05-15,2026-05-20,5,False,5.0,0.0,5.0,88,False,,0.214
M1 ratio casi correcto,24,2026-02-17,A1 DSS fecha α=0.80,2026-05-15,2026-05-20,2026-05-30,2026-05-20,0,True,0.0,0.0,0.0,103,False,,0.806
M1 ratio casi correcto,24,2026-02-17,A2 DSS fecha α*,2026-05-15,2026-05-20,2026-06-06,2026-05-20,0,True,0.0,0.0,0.0,110,False,,0.934
M1 ratio casi correcto,24,2026-02-17,A3 fecha original + gestión al inicio,2026-05-15,2026-05-20,2026-05-15,2026-05-05,0,True,0.0,0.8851640513552068,0.8851640513552068,88,True,Segundo turno en Habilitado · sierra cinta + Segundo turno en Habilitado · mesa CNC + Expeditar Granallado y pintura (externo),0.23
M1 ratio casi correcto,24,2026-02-17,A4 fecha original + re-pronóstico 40 %,2026-05-15,2026-05-20,2026-05-15,2026-05-11,0,True,0.0,0.5251860687728321,0.5251860687728321,88,True,+2 persona(s) en Limpieza + Expeditar Granallado y pintura (externo),0.345
M1 ratio casi correcto,24,2026-02-17,A5 sistema completo (α* + re-pronóstico 40 %),2026-05-15,2026-05-20,2026-06-06,2026-05-20,0,True,0.0,0.025186068772832106,0.025186068772832106,110,True,+2 persona(s) en Limpieza,0.9633333333333334
M1 ratio casi correcto,25,2026-03-25,A0 como se hizo,2026-05-18,2026-05-17,2026-05-18,2026-05-17,0,True,0.0,0.0,0.0,55,False,,0.24
M1 ratio casi correcto,25,2026-03-25,A1 DSS fecha α=0.80,2026-05-18,2026-05-17,2026-05-29,2026-05-17,0,True,0.0,0.0,0.0,66,False,,0.807
M1 ratio casi correcto,25,2026-03-25,A2 DSS fecha α*,2026-05-18,2026-05-17,2026-06-04,2026-05-17,0,True,0.0,0.0,0.0,72,False,,0.933
M1 ratio casi correcto,25,2026-03-25,A3 fecha original + gestión al inicio,2026-05-18,2026-05-17,2026-05-18,2026-05-08,0,True,0.0,0.8479215763021917,0.8479215763021917,55,True,Segundo turno en Habilitado · sierra cinta + Expeditar Granallado y pintura (externo),0.255
M1 ratio casi correcto,25,2026-03-25,A4 fecha original + re-pronóstico 40 %,2026-05-18,2026-05-17,2026-05-18,2026-05-11,0,True,0.0,0.5,0.5,55,True,Expeditar Granallado y pintura (externo),0.20333333333333334
M1 ratio casi correcto,25,2026-03-25,A5 sistema completo (α* + re-pronóstico 40 %),2026-05-18,2026-05-17,2026-06-04,2026-05-16,0,True,0.0,0.0,0.0,72,False,,0.9266666666666666
M2 sesgo sistemático,1,2021-02-20,A0 como se hizo,2021-05-13,2021-05-12,2021-05-13,2021-05-12,0,True,0.0,0.0,0.0,83,False,,0.113
M2 sesgo sistemático,1,2021-02-20,A1 DSS fecha α=0.80,2021-05-13,2021-05-12,2021-06-04,2021-05-12,0,True,0.0,0.0,0.0,105,False,,0.802
M2 sesgo sistemático,1,2021-02-20,A2 DSS fecha α*,2021-05-13,2021-05-12,2021-06-12,2021-05-12,0,True,0.0,0.0,0.0,113,False,,0.931
M2 sesgo sistemático,1,2021-02-20,A3 fecha original + gestión al inicio,2021-05-13,2021-05-12,2021-05-13,2021-05-04,0,True,0.0,1.100671695945787,1.100671695945787,83,True,Segundo turno en Habilitado · sierra cinta + Segundo turno en Habilitado · mesa CNC + Expeditar Granallado y pintura (externo),0.13
M2 sesgo sistemático,1,2021-02-20,A4 fecha original + re-pronóstico 40 %,2021-05-13,2021-05-12,2021-05-13,2021-05-04,0,True,0.0,0.5,0.5,83,True,Expeditar Granallado y pintura (externo),0.24
M2 sesgo sistemático,1,2021-02-20,A5 sistema completo (α* + re-pronóstico 40 %),2021-05-13,2021-05-12,2021-06-12,2021-05-12,0,True,0.0,0.0,0.0,113,False,,0.9666666666666667
M2 sesgo sistemático,2,2021-02-19,A0 como se hizo,2021-05-10,2021-05-10,2021-05-10,2021-05-10,0,True,0.0,0.0,0.0,81,False,,0.249
M2 sesgo sistemático,2,2021-02-19,A1 DSS fecha α=0.80,2021-05-10,2021-05-10,2021-05-25,2021-05-10,0,True,0.0,0.0,0.0,96,False,,0.825
M2 sesgo sistemático,2,2021-02-19,A2 DSS fecha α*,2021-05-10,2021-05-10,2021-05-31,2021-05-10,0,True,0.0,0.0,0.0,102,False,,0.93
M2 sesgo sistemático,2,2021-02-19,A3 fecha original + gestión al inicio,2021-05-10,2021-05-10,2021-05-10,2021-04-29,0,True,0.0,0.8549407091881109,0.8549407091881109,81,True,Segundo turno en Habilitado · sierra cinta + +2 persona(s) en Limpieza + Expeditar Granallado y pintura (externo),0.2783333333333333
M2 sesgo sistemático,2,2021-02-19,A4 fecha original + re-pronóstico 40 %,2021-05-10,2021-05-10,2021-05-10,2021-05-01,0,True,0.0,0.5319937014818688,0.5319937014818688,81,True,+2 persona(s) en Limpieza + Expeditar Granallado y pintura (externo),0.21333333333333335
M2 sesgo sistemático,2,2021-02-19,A5 sistema completo (α* + re-pronóstico 40 %),2021-05-10,2021-05-10,2021-05-31,2021-05-08,0,True,0.0,0.031993701481868704,0.031993701481868704,102,True,+2 persona(s) en Limpieza,0.9416666666666667
M2 sesgo sistemático,3,2021-09-04,A0 como se hizo,2021-11-17,2021-11-16,2021-11-17,2021-11-16,0,True,0.0,0.0,0.0,75,False,,0.498
M2 sesgo sistemático,3,2021-09-04,A1 DSS fecha α=0.80,2021-11-17,2021-11-16,2021-11-25,2021-11-16,0,True,0.0,0.0,0.0,83,False,,0.809
M2 sesgo sistemático,3,2021-09-04,A2 DSS fecha α*,2021-11-17,2021-11-16,2021-12-01,2021-11-16,0,True,0.0,0.0,0.0,89,False,,0.926
M2 sesgo sistemático,3,2021-09-04,A3 fecha original + gestión al inicio,2021-11-17,2021-11-16,2021-11-17,2021-11-09,0,True,0.0,0.5842830247441887,0.5842830247441887,75,True,+2 persona(s) en Soldeo + +2 persona(s) en Limpieza + Expeditar Granallado y pintura (externo),0.44666666666666666
M2 sesgo sistemático,3,2021-09-04,A4 fecha original + re-pronóstico 40 %,2021-11-17,2021-11-16,2021-11-17,2021-11-09,0,True,0.0,0.5842830247441887,0.5842830247441887,75,True,+2 persona(s) en Soldeo + +2 persona(s) en Limpieza + Expeditar Granallado y pintura (externo),0.15
M2 sesgo sistemático,3,2021-09-04,A5 sistema completo (α* + re-pronóstico 40 %),2021-11-17,2021-11-16,2021-12-01,2021-11-10,0,True,0.0,0.5,0.5,89,True,Expeditar Granallado y pintura (externo),0.8116666666666666
M2 sesgo sistemático,4,2022-02-02,A0 como se hizo,2022-04-06,2022-04-06,2022-04-06,2022-04-06,0,True,0.0,0.0,0.0,64,False,,0.343
M2 sesgo sistemático,4,2022-02-02,A1 DSS fecha α=0.80,2022-04-06,2022-04-06,2022-04-16,2022-04-06,0,True,0.0,0.0,0.0,74,False,,0.808
M2 sesgo sistemático,4,2022-02-02,A2 DSS fecha α*,2022-04-06,2022-04-06,2022-04-22,2022-04-06,0,True,0.0,0.0,0.0,80,False,,0.93
M2 sesgo sistemático,4,2022-02-02,A3 fecha original + gestión al inicio,2022-04-06,2022-04-06,2022-04-06,2022-03-28,0,True,0.0,0.7354100341734962,0.7354100341734962,64,True,Segundo turno en Habilitado · mesa CNC + +2 persona(s) en Limpieza + Expeditar Granallado y pintura (externo),0.31333333333333335
M2 sesgo sistemático,4,2022-02-02,A4 fecha original + re-pronóstico 40 %,2022-04-06,2022-04-06,2022-04-06,2022-03-31,0,True,0.0,0.5155157794881223,0.5155157794881223,64,True,+2 persona(s) en Limpieza + Expeditar Granallado y pintura (externo),0.12833333333333333
M2 sesgo sistemático,4,2022-02-02,A5 sistema completo (α* + re-pronóstico 40 %),2022-04-06,2022-04-06,2022-04-22,2022-03-31,0,True,0.0,0.5,0.5,80,True,Expeditar Granallado y pintura (externo),0.8666666666666667
M2 sesgo sistemático,5,2022-01-03,A0 como se hizo,2022-03-15,2022-03-15,2022-03-15,2022-03-15,0,True,0.0,0.0,0.0,72,False,,0.442
M2 sesgo sistemático,5,2022-01-03,A1 DSS fecha α=0.80,2022-03-15,2022-03-15,2022-03-24,2022-03-15,0,True,0.0,0.0,0.0,81,False,,0.815
M2 sesgo sistemático,5,2022-01-03,A2 DSS fecha α*,2022-03-15,2022-03-15,2022-03-31,2022-03-15,0,True,0.0,0.0,0.0,88,False,,0.938
M2 sesgo sistemático,5,2022-01-03,A3 fecha original + gestión al inicio,2022-03-15,2022-03-15,2022-03-15,2022-03-05,0,True,0.0,0.8512619891937176,0.8512619891937176,72,True,Segundo turno en Habilitado · sierra cinta + Segundo turno en Habilitado · mesa CNC + Expeditar Granallado y pintura (externo),0.45
M2 sesgo sistemático,5,2022-01-03,A4 fecha original + re-pronóstico 40 %,2022-03-15,2022-03-15,2022-03-15,2022-03-07,0,True,0.0,0.5,0.5,72,True,Expeditar Granallado y pintura (externo),0.5
M2 sesgo sistemático,5,2022-01-03,A5 sistema completo (α* + re-pronóstico 40 %),2022-03-15,2022-03-15,2022-03-31,2022-03-15,0,True,0.0,0.0,0.0,88,False,,0.955
M2 sesgo sistemático,6,2022-01-07,A0 como se hizo,2022-03-08,2022-03-13,2022-03-08,2022-03-13,5,False,5.0,0.0,5.0,61,False,,0.155
M2 sesgo sistemático,6,2022-01-07,A1 DSS fecha α=0.80,2022-03-08,2022-03-13,2022-03-21,2022-03-13,0,True,0.0,0.0,0.0,74,False,,0.814
M2 sesgo sistemático,6,2022-01-07,A2 DSS fecha α*,2022-03-08,2022-03-13,2022-03-25,2022-03-13,0,True,0.0,0.0,0.0,78,False,,0.932
M2 sesgo sistemático,6,2022-01-07,A3 fecha original + gestión al inicio,2022-03-08,2022-03-13,2022-03-08,2022-03-03,0,True,0.0,0.6200105899476943,0.6200105899476943,61,True,+2 persona(s) en Soldeo + +2 persona(s) en Limpieza + Expeditar Granallado y pintura (externo),0.13333333333333333
M2 sesgo sistemático,6,2022-01-07,A4 fecha original + re-pronóstico 40 %,2022-03-08,2022-03-13,2022-03-08,2022-03-05,0,True,0.0,0.5411270512861494,0.5411270512861494,61,True,+2 persona(s) en Limpieza + Expeditar Granallado y pintura (externo),0.3416666666666667
M2 sesgo sistemático,6,2022-01-07,A5 sistema completo (α* + re-pronóstico 40 %),2022-03-08,2022-03-13,2022-03-25,2022-03-12,0,True,0.0,0.0,0.0,78,False,,0.985
M2 sesgo sistemático,7,2022-03-22,A0 como se hizo,2022-05-21,2022-05-21,2022-05-21,2022-05-21,0,True,0.0,0.0,0.0,61,False,,0.534
M2 sesgo sistemático,7,2022-03-22,A1 DSS fecha α=0.80,2022-05-21,2022-05-21,2022-05-27,2022-05-21,0,True,0.0,0.0,0.0,67,False,,0.8
M2 sesgo sistemático,7,2022-03-22,A2 DSS fecha α*,2022-05-21,2022-05-21,2022-06-02,2022-05-21,0,True,0.0,0.0,0.0,73,False,,0.934
M2 sesgo sistemático,7,2022-03-22,A3 fecha original + gestión al inicio,2022-05-21,2022-05-21,2022-05-21,2022-05-14,0,True,0.0,0.5730209772529428,0.5730209772529428,61,True,+2 persona(s) en Soldeo + +2 persona(s) en Limpieza + Expeditar Granallado y pintura (externo),0.545
M2 sesgo sistemático,7,2022-03-22,A4 fecha original + re-pronóstico 40 %,2022-05-21,2022-05-21,2022-05-21,2022-05-13,0,True,0.0,0.7159724209647438,0.7159724209647438,61,True,+2 persona(s) en Limpieza + Horas extra en Despacho a pintura + Expeditar Granallado y pintura (externo),0.36833333333333335
M2 sesgo sistemático,7,2022-03-22,A5 sistema completo (α* + re-pronóstico 40 %),2022-05-21,2022-05-21,2022-06-02,2022-05-16,0,True,0.0,0.5,0.5,73,True,Expeditar Granallado y pintura (externo),0.885
M2 sesgo sistemático,8,2023-02-14,A0 como se hizo,2023-04-24,2023-04-22,2023-04-24,2023-04-22,0,True,0.0,0.0,0.0,70,False,,0.294
M2 sesgo sistemático,8,2023-02-14,A1 DSS fecha α=0.80,2023-04-24,2023-04-22,2023-05-08,2023-04-22,0,True,0.0,0.0,0.0,84,False,,0.811
M2 sesgo sistemático,8,2023-02-14,A2 DSS fecha α*,2023-04-24,2023-04-22,2023-05-15,2023-04-22,0,True,0.0,0.0,0.0,91,False,,0.939
M2 sesgo sistemático,8,2023-02-14,A3 fecha original + gestión al inicio,2023-04-24,2023-04-22,2023-04-24,2023-04-15,0,True,0.0,0.7214242627135378,0.7214242627135378,70,True,Segundo turno en Habilitado · sierra cinta + +2 persona(s) en Limpieza + Expeditar Granallado y pintura (externo),0.2866666666666667
M2 sesgo sistemático,8,2023-02-14,A4 fecha original + re-pronóstico 40 %,2023-04-24,2023-04-22,2023-04-24,2023-04-15,0,True,0.0,0.533722483300669,0.533722483300669,70,True,+2 persona(s) en Limpieza + Expeditar Granallado y pintura (externo),0.30833333333333335
M2 sesgo sistemático,8,2023-02-14,A5 sistema completo (α* + re-pronóstico 40 %),2023-04-24,2023-04-22,2023-05-15,2023-04-22,0,True,0.0,0.0,0.0,91,False,,0.9833333333333333
M2 sesgo sistemático,9,2023-05-18,A0 como se hizo,2023-07-18,2023-07-16,2023-07-18,2023-07-16,0,True,0.0,0.0,0.0,62,False,,0.376
M2 sesgo sistemático,9,2023-05-18,A1 DSS fecha α=0.80,2023-07-18,2023-07-16,2023-07-27,2023-07-16,0,True,0.0,0.0,0.0,71,False,,0.805
M2 sesgo sistemático,9,2023-05-18,A2 DSS fecha α*,2023-07-18,2023-07-16,2023-08-02,2023-07-16,0,True,0.0,0.0,0.0,77,False,,0.943
M2 sesgo sistemático,9,2023-05-18,A3 fecha original + gestión al inicio,2023-07-18,2023-07-16,2023-07-18,2023-07-10,0,True,0.0,0.5699468743539096,0.5699468743539096,62,True,+2 persona(s) en Armado + +2 persona(s) en Limpieza + Expeditar Granallado y pintura (externo),0.4116666666666667
M2 sesgo sistemático,9,2023-05-18,A4 fecha original + re-pronóstico 40 %,2023-07-18,2023-07-16,2023-07-18,2023-07-10,0,True,0.0,0.5333182487295318,0.5333182487295318,62,True,+2 persona(s) en Limpieza + Expeditar Granallado y pintura (externo),0.37
M2 sesgo sistemático,9,2023-05-18,A5 sistema completo (α* + re-pronóstico 40 %),2023-07-18,2023-07-16,2023-08-02,2023-07-14,0,True,0.0,0.018047384728496384,0.018047384728496384,77,True,+1 persona(s) en Limpieza,0.955
M2 sesgo sistemático,10,2023-08-11,A0 como se hizo,2023-10-01,2023-10-01,2023-10-01,2023-10-01,0,True,0.0,0.0,0.0,52,False,,0.315
M2 sesgo sistemático,10,2023-08-11,A1 DSS fecha α=0.80,2023-10-01,2023-10-01,2023-10-09,2023-10-01,0,True,0.0,0.0,0.0,60,False,,0.812
M2 sesgo sistemático,10,2023-08-11,A2 DSS fecha α*,2023-10-01,2023-10-01,2023-10-13,2023-10-01,0,True,0.0,0.0,0.0,64,False,,0.938
M2 sesgo sistemático,10,2023-08-11,A3 fecha original + gestión al inicio,2023-10-01,2023-10-01,2023-10-01,2023-09-26,0,True,0.0,0.5958780584763752,0.5958780584763752,52,True,+2 persona(s) en Armado + +2 persona(s) en Limpieza + Expeditar Granallado y pintura (externo),0.31166666666666665
M2 sesgo sistemático,10,2023-08-11,A4 fecha original + re-pronóstico 40 %,2023-10-01,2023-10-01,2023-10-01,2023-09-26,0,True,0.0,0.6845612481440299,0.6845612481440299,52,True,+2 persona(s) en Limpieza + Expeditar Granallado y pintura (externo) + Horas extra en Despacho a obra,0.145
M2 sesgo sistemático,10,2023-08-11,A5 sistema completo (α* + re-pronóstico 40 %),2023-10-01,2023-10-01,2023-10-13,2023-09-29,0,True,0.0,0.04480275082739303,0.04480275082739303,64,True,+2 persona(s) en Limpieza,0.8833333333333333
M2 sesgo sistemático,11,2023-06-02,A0 como se hizo,2023-07-18,2023-07-18,2023-07-18,2023-07-18,0,True,0.0,0.0,0.0,47,False,,0.267
M2 sesgo sistemático,11,2023-06-02,A1 DSS fecha α=0.80,2023-07-18,2023-07-18,2023-07-26,2023-07-18,0,True,0.0,0.0,0.0,55,False,,0.848
M2 sesgo sistemático,11,2023-06-02,A2 DSS fecha α*,2023-07-18,2023-07-18,2023-07-29,2023-07-18,0,True,0.0,0.0,0.0,58,False,,0.942
M2 sesgo sistemático,11,2023-06-02,A3 fecha original + gestión al inicio,2023-07-18,2023-07-18,2023-07-18,2023-07-13,0,True,0.0,0.6640566089064834,0.6640566089064834,47,True,+2 persona(s) en Soldeo + +2 persona(s) en Limpieza + Expeditar Granallado y pintura (externo),0.25666666666666665
M2 sesgo sistemático,11,2023-06-02,A4 fecha original + re-pronóstico 40 %,2023-07-18,2023-07-18,2023-07-18,2023-07-13,0,True,0.0,0.5680761899886645,0.5680761899886645,47,True,+2 persona(s) en Limpieza + Expeditar Granallado y pintura (externo),0.2916666666666667
M2 sesgo sistemático,11,2023-06-02,A5 sistema completo (α* + re-pronóstico 40 %),2023-07-18,2023-07-18,2023-07-29,2023-07-18,0,True,0.0,0.0,0.0,58,False,,0.9733333333333334
M2 sesgo sistemático,12,2023-08-13,A0 como se hizo,2023-10-17,2023-10-21,2023-10-17,2023-10-21,4,False,4.0,0.0,4.0,66,False,,0.074
M2 sesgo sistemático,12,2023-08-13,A1 DSS fecha α=0.80,2023-10-17,2023-10-21,2023-11-04,2023-10-21,0,True,0.0,0.0,0.0,84,False,,0.803
M2 sesgo sistemático,12,2023-08-13,A2 DSS fecha α*,2023-10-17,2023-10-21,2023-11-10,2023-10-21,0,True,0.0,0.0,0.0,90,False,,0.931
M2 sesgo sistemático,12,2023-08-13,A3 fecha original + gestión al inicio,2023-10-17,2023-10-21,2023-10-17,2023-10-14,0,True,0.0,0.8193307295613466,0.8193307295613466,66,True,Segundo turno en Habilitado · sierra cinta + +2 persona(s) en Limpieza + Expeditar Granallado y pintura (externo),0.08
M2 sesgo sistemático,12,2023-08-13,A4 fecha original + re-pronóstico 40 %,2023-10-17,2023-10-21,2023-10-17,2023-10-14,0,True,0.0,0.5433391666234255,0.5433391666234255,66,True,+2 persona(s) en Limpieza + Expeditar Granallado y pintura (externo),0.041666666666666664
M2 sesgo sistemático,12,2023-08-13,A5 sistema completo (α* + re-pronóstico 40 %),2023-10-17,2023-10-21,2023-11-10,2023-10-20,0,True,0.0,0.043339166623425567,0.043339166623425567,90,True,+2 persona(s) en Limpieza,0.955
M2 sesgo sistemático,13,2023-02-03,A0 como se hizo,2023-04-09,2023-04-07,2023-04-09,2023-04-07,0,True,0.0,0.0,0.0,66,False,,0.461
M2 sesgo sistemático,13,2023-02-03,A1 DSS fecha α=0.80,2023-04-09,2023-04-07,2023-04-17,2023-04-07,0,True,0.0,0.0,0.0,74,False,,0.816
M2 sesgo sistemático,13,2023-02-03,A2 DSS fecha α*,2023-04-09,2023-04-07,2023-04-22,2023-04-07,0,True,0.0,0.0,0.0,79,False,,0.939
M2 sesgo sistemático,13,2023-02-03,A3 fecha original + gestión al inicio,2023-04-09,2023-04-07,2023-04-09,2023-04-01,0,True,0.0,0.6559244773200562,0.6559244773200562,66,True,Segundo turno en Habilitado · mesa CNC + +2 persona(s) en Limpieza + Expeditar Granallado y pintura (externo),0.49333333333333335
M2 sesgo sistemático,13,2023-02-03,A4 fecha original + re-pronóstico 40 %,2023-04-09,2023-04-07,2023-04-09,2023-04-01,0,True,0.0,0.5312759170109278,0.5312759170109278,66,True,+2 persona(s) en Limpieza + Expeditar Granallado y pintura (externo),0.31833333333333336
M2 sesgo sistemático,13,2023-02-03,A5 sistema completo (α* + re-pronóstico 40 %),2023-04-09,2023-04-07,2023-04-22,2023-04-06,0,True,0.0,0.03127591701092777,0.03127591701092777,79,True,+2 persona(s) en Limpieza,0.9416666666666667
M2 sesgo sistemático,14,2023-08-04,A0 como se hizo,2023-10-04,2023-10-04,2023-10-04,2023-10-04,0,True,0.0,0.0,0.0,62,False,,0.588
M2 sesgo sistemático,14,2023-08-04,A1 DSS fecha α=0.80,2023-10-04,2023-10-04,2023-10-10,2023-10-04,0,True,0.0,0.0,0.0,68,False,,0.818
M2 sesgo sistemático,14,2023-08-04,A2 DSS fecha α*,2023-10-04,2023-10-04,2023-10-14,2023-10-04,0,True,0.0,0.0,0.0,72,False,,0.935
M2 sesgo sistemático,14,2023-08-04,A3 fecha original + gestión al inicio,2023-10-04,2023-10-04,2023-10-04,2023-09-27,0,True,0.0,0.5304058249185101,0.5304058249185101,62,True,+2 persona(s) en Limpieza + Expeditar Granallado y pintura (externo),0.585
M2 sesgo sistemático,14,2023-08-04,A4 fecha original + re-pronóstico 40 %,2023-10-04,2023-10-04,2023-10-04,2023-09-28,0,True,0.0,0.5304058249185101,0.5304058249185101,62,True,+2 persona(s) en Limpieza + Expeditar Granallado y pintura (externo),0.4266666666666667
M2 sesgo sistemático,14,2023-08-04,A5 sistema completo (α* + re-pronóstico 40 %),2023-10-04,2023-10-04,2023-10-14,2023-09-28,0,True,0.0,0.5,0.5,72,True,Expeditar Granallado y pintura (externo),0.9033333333333333
M2 sesgo sistemático,15,2023-09-23,A0 como se hizo,2023-12-07,2023-12-05,2023-12-07,2023-12-05,0,True,0.0,0.0,0.0,76,False,,0.529
M2 sesgo sistemático,15,2023-09-23,A1 DSS fecha α=0.80,2023-12-07,2023-12-05,2023-12-15,2023-12-05,0,True,0.0,0.0,0.0,84,False,,0.832
M2 sesgo sistemático,15,2023-09-23,A2 DSS fecha α*,2023-12-07,2023-12-05,2023-12-20,2023-12-05,0,True,0.0,0.0,0.0,89,False,,0.934
M2 sesgo sistemático,15,2023-09-23,A3 fecha original + gestión al inicio,2023-12-07,2023-12-05,2023-12-07,2023-11-25,0,True,0.0,0.577236033900645,0.577236033900645,76,True,+2 persona(s) en Armado + +2 persona(s) en Limpieza + Expeditar Granallado y pintura (externo),0.5283333333333333
M2 sesgo sistemático,15,2023-09-23,A4 fecha original + re-pronóstico 40 %,2023-12-07,2023-12-05,2023-12-07,2023-11-28,0,True,0.0,0.5364026544513028,0.5364026544513028,76,True,+2 persona(s) en Limpieza + Expeditar Granallado y pintura (externo),0.5666666666666667
M2 sesgo sistemático,15,2023-09-23,A5 sistema completo (α* + re-pronóstico 40 %),2023-12-07,2023-12-05,2023-12-20,2023-12-05,0,True,0.0,0.0,0.0,89,False,,0.95
M2 sesgo sistemático,16,2024-06-09,A0 como se hizo,2024-08-04,2024-08-02,2024-08-04,2024-08-02,0,True,0.0,0.0,0.0,57,False,,0.499
M2 sesgo sistemático,16,2024-06-09,A1 DSS fecha α=0.80,2024-08-04,2024-08-02,2024-08-10,2024-08-02,0,True,0.0,0.0,0.0,63,False,,0.822
M2 sesgo sistemático,16,2024-06-09,A2 DSS fecha α*,2024-08-04,2024-08-02,2024-08-15,2024-08-02,0,True,0.0,0.0,0.0,68,False,,0.944
M2 sesgo sistemático,16,2024-06-09,A3 fecha original + gestión al inicio,2024-08-04,2024-08-02,2024-08-04,2024-07-26,0,True,0.0,0.5757273254829355,0.5757273254829355,57,True,+2 persona(s) en Armado + +2 persona(s) en Limpieza + Expeditar Granallado y pintura (externo),0.5383333333333333
M2 sesgo sistemático,16,2024-06-09,A4 fecha original + re-pronóstico 40 %,2024-08-04,2024-08-02,2024-08-04,2024-07-27,0,True,0.0,0.5365687543922586,0.5365687543922586,57,True,+2 persona(s) en Limpieza + Expeditar Granallado y pintura (externo),0.5566666666666666
M2 sesgo sistemático,16,2024-06-09,A5 sistema completo (α* + re-pronóstico 40 %),2024-08-04,2024-08-02,2024-08-15,2024-08-02,0,True,0.0,0.0,0.0,68,False,,0.9716666666666667
M2 sesgo sistemático,17,2024-04-10,A0 como se hizo,2024-06-06,2024-06-06,2024-06-06,2024-06-06,0,True,0.0,0.0,0.0,58,False,,0.291
M2 sesgo sistemático,17,2024-04-10,A1 DSS fecha α=0.80,2024-06-06,2024-06-06,2024-06-15,2024-06-06,0,True,0.0,0.0,0.0,67,False,,0.829
M2 sesgo sistemático,17,2024-04-10,A2 DSS fecha α*,2024-06-06,2024-06-06,2024-06-20,2024-06-06,0,True,0.0,0.0,0.0,72,False,,0.942
M2 sesgo sistemático,17,2024-04-10,A3 fecha original + gestión al inicio,2024-06-06,2024-06-06,2024-06-06,2024-05-30,0,True,0.0,0.6163484395942361,0.6163484395942361,58,True,+2 persona(s) en Armado + +2 persona(s) en Limpieza + Expeditar Granallado y pintura (externo),0.31166666666666665
M2 sesgo sistemático,17,2024-04-10,A4 fecha original + re-pronóstico 40 %,2024-06-06,2024-06-06,2024-06-06,2024-05-31,0,True,0.0,0.5516467835493566,0.5516467835493566,58,True,+2 persona(s) en Limpieza + Expeditar Granallado y pintura (externo),0.30666666666666664
M2 sesgo sistemático,17,2024-04-10,A5 sistema completo (α* + re-pronóstico 40 %),2024-06-06,2024-06-06,2024-06-20,2024-06-06,0,True,0.0,0.0,0.0,72,False,,0.9566666666666667
M2 sesgo sistemático,18,2024-08-03,A0 como se hizo,2024-10-28,2024-10-26,2024-10-28,2024-10-26,0,True,0.0,0.0,0.0,87,False,,0.425
M2 sesgo sistemático,18,2024-08-03,A1 DSS fecha α=0.80,2024-10-28,2024-10-26,2024-11-08,2024-10-26,0,True,0.0,0.0,0.0,98,False,,0.806
M2 sesgo sistemático,18,2024-08-03,A2 DSS fecha α*,2024-10-28,2024-10-26,2024-11-16,2024-10-26,0,True,0.0,0.0,0.0,106,False,,0.936
M2 sesgo sistemático,18,2024-08-03,A3 fecha original + gestión al inicio,2024-10-28,2024-10-26,2024-10-28,2024-10-14,0,True,0.0,0.8846831973585088,0.8846831973585088,87,True,Segundo turno en Habilitado · sierra cinta + Segundo turno en Habilitado · mesa CNC + Expeditar Granallado y pintura (externo),0.42833333333333334
M2 sesgo sistemático,18,2024-08-03,A4 fecha original + re-pronóstico 40 %,2024-10-28,2024-10-26,2024-10-28,2024-10-18,0,True,0.0,0.5245730913131764,0.5245730913131764,87,True,+2 persona(s) en Limpieza + Expeditar Granallado y pintura (externo),0.48
M2 sesgo sistemático,18,2024-08-03,A5 sistema completo (α* + re-pronóstico 40 %),2024-10-28,2024-10-26,2024-11-16,2024-10-26,0,True,0.0,0.013105648700360751,0.013105648700360751,106,True,+1 persona(s) en Limpieza,0.9616666666666667
M2 sesgo sistemático,19,2024-01-11,A0 como se hizo,2024-03-07,2024-03-15,2024-03-07,2024-03-15,8,False,8.0,0.0,8.0,57,False,,0.108
M2 sesgo sistemático,19,2024-01-11,A1 DSS fecha α=0.80,2024-03-07,2024-03-15,2024-03-25,2024-03-15,0,True,0.0,0.0,0.0,75,False,,0.816
M2 sesgo sistemático,19,2024-01-11,A2 DSS fecha α*,2024-03-07,2024-03-15,2024-03-30,2024-03-15,0,True,0.0,0.0,0.0,80,False,,0.941
M2 sesgo sistemático,19,2024-01-11,A3 fecha original + gestión al inicio,2024-03-07,2024-03-15,2024-03-07,2024-03-07,0,True,0.0,0.6236357084225245,0.6236357084225245,57,True,+2 persona(s) en Armado + +2 persona(s) en Limpieza + Expeditar Granallado y pintura (externo),0.10833333333333334
M2 sesgo sistemático,19,2024-01-11,A4 fecha original + re-pronóstico 40 %,2024-03-07,2024-03-15,2024-03-07,2024-03-09,2,False,2.0,0.6907207767149222,2.6907207767149224,57,True,+2 persona(s) en Limpieza + Expeditar Granallado y pintura (externo) + Horas extra en Despacho a obra,0.058333333333333334
M2 sesgo sistemático,19,2024-01-11,A5 sistema completo (α* + re-pronóstico 40 %),2024-03-07,2024-03-15,2024-03-30,2024-03-15,0,True,0.0,0.0,0.0,80,False,,0.98
M2 sesgo sistemático,20,2025-05-08,A0 como se hizo,2025-07-13,2025-07-13,2025-07-13,2025-07-13,0,True,0.0,0.0,0.0,67,False,,0.486
M2 sesgo sistemático,20,2025-05-08,A1 DSS fecha α=0.80,2025-07-13,2025-07-13,2025-07-21,2025-07-13,0,True,0.0,0.0,0.0,75,False,,0.801
M2 sesgo sistemático,20,2025-05-08,A2 DSS fecha α*,2025-07-13,2025-07-13,2025-07-28,2025-07-13,0,True,0.0,0.0,0.0,82,False,,0.934
M2 sesgo sistemático,20,2025-05-08,A3 fecha original + gestión al inicio,2025-07-13,2025-07-13,2025-07-13,2025-07-02,0,True,0.0,0.8483438112248884,0.8483438112248884,67,True,Segundo turno en Habilitado · sierra cinta + Segundo turno en Habilitado · mesa CNC + Expeditar Granallado y pintura (externo),0.44
M2 sesgo sistemático,20,2025-05-08,A4 fecha original + re-pronóstico 40 %,2025-07-13,2025-07-13,2025-07-13,2025-07-05,0,True,0.0,0.5,0.5,67,True,Expeditar Granallado y pintura (externo),0.5683333333333334
M2 sesgo sistemático,20,2025-05-08,A5 sistema completo (α* + re-pronóstico 40 %),2025-07-13,2025-07-13,2025-07-28,2025-07-12,0,True,0.0,0.0,0.0,82,False,,0.97
M2 sesgo sistemático,21,2025-09-20,A0 como se hizo,2025-12-11,2025-12-15,2025-12-11,2025-12-15,4,False,4.0,0.0,4.0,83,False,,0.217
M2 sesgo sistemático,21,2025-09-20,A1 DSS fecha α=0.80,2025-12-11,2025-12-15,2025-12-29,2025-12-15,0,True,0.0,0.0,0.0,101,False,,0.82
M2 sesgo sistemático,21,2025-09-20,A2 DSS fecha α*,2025-12-11,2025-12-15,2026-01-05,2025-12-15,0,True,0.0,0.0,0.0,108,False,,0.93
M2 sesgo sistemático,21,2025-09-20,A3 fecha original + gestión al inicio,2025-12-11,2025-12-15,2025-12-11,2025-12-08,0,True,0.0,0.6887563385342778,0.6887563385342778,83,True,Segundo turno en Habilitado · mesa CNC + +2 persona(s) en Limpieza + Expeditar Granallado y pintura (externo),0.175
M2 sesgo sistemático,21,2025-09-20,A4 fecha original + re-pronóstico 40 %,2025-12-11,2025-12-15,2025-12-11,2025-12-06,0,True,0.0,0.7421029587324818,0.7421029587324818,83,True,+2 persona(s) en Limpieza + Expeditar Granallado y pintura (externo) + Horas extra en Despacho a obra,0.03666666666666667
M2 sesgo sistemático,21,2025-09-20,A5 sistema completo (α* + re-pronóstico 40 %),2025-12-11,2025-12-15,2026-01-05,2025-12-13,0,True,0.0,0.036337423682266216,0.036337423682266216,108,True,+2 persona(s) en Limpieza,0.8883333333333333
M2 sesgo sistemático,22,2025-07-03,A0 como se hizo,2025-09-03,2025-09-07,2025-09-03,2025-09-07,4,False,4.0,0.0,4.0,63,False,,0.271
M2 sesgo sistemático,22,2025-07-03,A1 DSS fecha α=0.80,2025-09-03,2025-09-07,2025-09-15,2025-09-07,0,True,0.0,0.0,0.0,75,False,,0.847
M2 sesgo sistemático,22,2025-07-03,A2 DSS fecha α*,2025-09-03,2025-09-07,2025-09-19,2025-09-07,0,True,0.0,0.0,0.0,79,False,,0.936
M2 sesgo sistemático,22,2025-07-03,A3 fecha original + gestión al inicio,2025-09-03,2025-09-07,2025-09-03,2025-08-30,0,True,0.0,0.7317099868666502,0.7317099868666502,63,True,Segundo turno en Habilitado · mesa CNC + +2 persona(s) en Limpieza + Expeditar Granallado y pintura (externo),0.28
M2 sesgo sistemático,22,2025-07-03,A4 fecha original + re-pronóstico 40 %,2025-09-03,2025-09-07,2025-09-03,2025-08-30,0,True,0.0,0.5403041107062522,0.5403041107062522,63,True,+2 persona(s) en Limpieza + Expeditar Granallado y pintura (externo),0.325
M2 sesgo sistemático,22,2025-07-03,A5 sistema completo (α* + re-pronóstico 40 %),2025-09-03,2025-09-07,2025-09-19,2025-09-06,0,True,0.0,0.0,0.0,79,False,,0.9683333333333334
M2 sesgo sistemático,23,2026-08-05,A0 como se hizo,2026-09-25,2026-09-25,2026-09-25,2026-09-25,0,True,0.0,0.0,0.0,52,False,,0.357
M2 sesgo sistemático,23,2026-08-05,A1 DSS fecha α=0.80,2026-09-25,2026-09-25,2026-10-03,2026-09-25,0,True,0.0,0.0,0.0,60,False,,0.802
M2 sesgo sistemático,23,2026-08-05,A2 DSS fecha α*,2026-09-25,2026-09-25,2026-10-09,2026-09-25,0,True,0.0,0.0,0.0,66,False,,0.945
M2 sesgo sistemático,23,2026-08-05,A3 fecha original + gestión al inicio,2026-09-25,2026-09-25,2026-09-25,2026-09-18,0,True,0.0,0.7067237068549254,0.7067237068549254,52,True,Segundo turno en Habilitado · mesa CNC + +2 persona(s) en Limpieza + Expeditar Granallado y pintura (externo),0.38166666666666665
M2 sesgo sistemático,23,2026-08-05,A4 fecha original + re-pronóstico 40 %,2026-09-25,2026-09-25,2026-09-25,2026-09-19,0,True,0.0,0.5296291206364261,0.5296291206364261,52,True,+2 persona(s) en Limpieza + Expeditar Granallado y pintura (externo),0.3333333333333333
M2 sesgo sistemático,23,2026-08-05,A5 sistema completo (α* + re-pronóstico 40 %),2026-09-25,2026-09-25,2026-10-09,2026-09-25,0,True,0.0,0.0,0.0,66,False,,0.9433333333333334
M2 sesgo sistemático,24,2026-02-17,A0 como se hizo,2026-05-15,2026-05-20,2026-05-15,2026-05-20,5,False,5.0,0.0,5.0,88,False,,0.345
M2 sesgo sistemático,24,2026-02-17,A1 DSS fecha α=0.80,2026-05-15,2026-05-20,2026-05-28,2026-05-20,0,True,0.0,0.0,0.0,101,False,,0.811
M2 sesgo sistemático,24,2026-02-17,A2 DSS fecha α*,2026-05-15,2026-05-20,2026-06-04,2026-05-20,0,True,0.0,0.0,0.0,108,False,,0.935
M2 sesgo sistemático,24,2026-02-17,A3 fecha original + gestión al inicio,2026-05-15,2026-05-20,2026-05-15,2026-05-06,0,True,0.0,0.8851640513552068,0.8851640513552068,88,True,Segundo turno en Habilitado · sierra cinta + Segundo turno en Habilitado · mesa CNC + Expeditar Granallado y pintura (externo),0.3566666666666667
M2 sesgo sistemático,24,2026-02-17,A4 fecha original + re-pronóstico 40 %,2026-05-15,2026-05-20,2026-05-15,2026-05-09,0,True,0.0,0.5,0.5,88,True,Expeditar Granallado y pintura (externo),0.6733333333333333
M2 sesgo sistemático,24,2026-02-17,A5 sistema completo (α* + re-pronóstico 40 %),2026-05-15,2026-05-20,2026-06-04,2026-05-20,0,True,0.0,0.0,0.0,108,False,,0.9866666666666667
M2 sesgo sistemático,25,2026-03-25,A0 como se hizo,2026-05-18,2026-05-17,2026-05-18,2026-05-17,0,True,0.0,0.0,0.0,55,False,,0.254
M2 sesgo sistemático,25,2026-03-25,A1 DSS fecha α=0.80,2026-05-18,2026-05-17,2026-05-29,2026-05-17,0,True,0.0,0.0,0.0,66,False,,0.818
M2 sesgo sistemático,25,2026-03-25,A2 DSS fecha α*,2026-05-18,2026-05-17,2026-06-04,2026-05-17,0,True,0.0,0.0,0.0,72,False,,0.93
M2 sesgo sistemático,25,2026-03-25,A3 fecha original + gestión al inicio,2026-05-18,2026-05-17,2026-05-18,2026-05-07,0,True,0.0,1.0653725614910614,1.0653725614910614,55,True,Segundo turno en Habilitado · sierra cinta + Segundo turno en Habilitado · mesa CNC + Expeditar Granallado y pintura (externo),0.25833333333333336
M2 sesgo sistemático,25,2026-03-25,A4 fecha original + re-pronóstico 40 %,2026-05-18,2026-05-17,2026-05-18,2026-05-11,0,True,0.0,0.5,0.5,55,True,Expeditar Granallado y pintura (externo),0.30833333333333335
M2 sesgo sistemático,25,2026-03-25,A5 sistema completo (α* + re-pronóstico 40 %),2026-05-18,2026-05-17,2026-06-04,2026-05-16,0,True,0.0,0.0,0.0,72,False,,0.9566666666666667
M3 no lineal y colas pesadas,1,2021-02-20,A0 como se hizo,2021-05-13,2021-05-12,2021-05-13,2021-05-12,0,True,0.0,0.0,0.0,83,False,,0.111
M3 no lineal y colas pesadas,1,2021-02-20,A1 DSS fecha α=0.80,2021-05-13,2021-05-12,2021-06-05,2021-05-12,0,True,0.0,0.0,0.0,106,False,,0.819
M3 no lineal y colas pesadas,1,2021-02-20,A2 DSS fecha α*,2021-05-13,2021-05-12,2021-06-12,2021-05-12,0,True,0.0,0.0,0.0,113,False,,0.934
M3 no lineal y colas pesadas,1,2021-02-20,A3 fecha original + gestión al inicio,2021-05-13,2021-05-12,2021-05-13,2021-04-24,0,True,0.0,1.1835229643521026,1.1835229643521026,83,True,Segundo turno en Habilitado · sierra cinta + Segundo turno en Habilitado · mesa CNC + Expeditar Granallado y pintura (externo),0.12666666666666668
M3 no lineal y colas pesadas,1,2021-02-20,A4 fecha original + re-pronóstico 40 %,2021-05-13,2021-05-12,2021-05-13,2021-05-03,0,True,0.0,0.5828512684063154,0.5828512684063154,83,True,Segundo turno en Habilitado · sierra cinta + Expeditar Granallado y pintura (externo),0.12666666666666668
M3 no lineal y colas pesadas,1,2021-02-20,A5 sistema completo (α* + re-pronóstico 40 %),2021-05-13,2021-05-12,2021-06-12,2021-05-10,0,True,0.0,0.04142563420315773,0.04142563420315773,113,True,Segundo turno en Habilitado · sierra cinta,0.9516666666666667
M3 no lineal y colas pesadas,2,2021-02-19,A0 como se hizo,2021-05-10,2021-05-10,2021-05-10,2021-05-10,0,True,0.0,0.0,0.0,81,False,,0.24
M3 no lineal y colas pesadas,2,2021-02-19,A1 DSS fecha α=0.80,2021-05-10,2021-05-10,2021-05-25,2021-05-10,0,True,0.0,0.0,0.0,96,False,,0.827
M3 no lineal y colas pesadas,2,2021-02-19,A2 DSS fecha α*,2021-05-10,2021-05-10,2021-06-01,2021-05-10,0,True,0.0,0.0,0.0,103,False,,0.931
M3 no lineal y colas pesadas,2,2021-02-19,A3 fecha original + gestión al inicio,2021-05-10,2021-05-10,2021-05-10,2021-04-30,0,True,0.0,0.8226460084174867,0.8226460084174867,81,True,Segundo turno en Habilitado · sierra cinta + +2 persona(s) en Limpieza + Expeditar Granallado y pintura (externo),0.27
M3 no lineal y colas pesadas,2,2021-02-19,A4 fecha original + re-pronóstico 40 %,2021-05-10,2021-05-10,2021-05-10,2021-05-03,0,True,0.0,0.5755115816246069,0.5755115816246069,81,True,+2 persona(s) en Soldeo + +2 persona(s) en Limpieza + Expeditar Granallado y pintura (externo),0.09833333333333333
M3 no lineal y colas pesadas,2,2021-02-19,A5 sistema completo (α* + re-pronóstico 40 %),2021-05-10,2021-05-10,2021-06-01,2021-05-08,0,True,0.0,0.031993701481868704,0.031993701481868704,103,True,+2 persona(s) en Limpieza,0.9016666666666666
M3 no lineal y colas pesadas,3,2021-09-04,A0 como se hizo,2021-11-17,2021-11-16,2021-11-17,2021-11-16,0,True,0.0,0.0,0.0,75,False,,0.503
M3 no lineal y colas pesadas,3,2021-09-04,A1 DSS fecha α=0.80,2021-11-17,2021-11-16,2021-11-25,2021-11-16,0,True,0.0,0.0,0.0,83,False,,0.807
M3 no lineal y colas pesadas,3,2021-09-04,A2 DSS fecha α*,2021-11-17,2021-11-16,2021-12-01,2021-11-16,0,True,0.0,0.0,0.0,89,False,,0.926
M3 no lineal y colas pesadas,3,2021-09-04,A3 fecha original + gestión al inicio,2021-11-17,2021-11-16,2021-11-17,2021-11-08,0,True,0.0,0.5747188470883539,0.5747188470883539,75,True,+2 persona(s) en Armado + +2 persona(s) en Limpieza + Expeditar Granallado y pintura (externo),0.44333333333333336
M3 no lineal y colas pesadas,3,2021-09-04,A4 fecha original + re-pronóstico 40 %,2021-11-17,2021-11-16,2021-11-17,2021-11-09,0,True,0.0,0.5357297869124327,0.5357297869124327,75,True,+2 persona(s) en Limpieza + Expeditar Granallado y pintura (externo),0.18833333333333332
M3 no lineal y colas pesadas,3,2021-09-04,A5 sistema completo (α* + re-pronóstico 40 %),2021-11-17,2021-11-16,2021-12-01,2021-11-10,0,True,0.0,0.5,0.5,89,True,Expeditar Granallado y pintura (externo),0.8416666666666667
M3 no lineal y colas pesadas,4,2022-02-02,A0 como se hizo,2022-04-06,2022-04-06,2022-04-06,2022-04-06,0,True,0.0,0.0,0.0,64,False,,0.204
M3 no lineal y colas pesadas,4,2022-02-02,A1 DSS fecha α=0.80,2022-04-06,2022-04-06,2022-04-20,2022-04-06,0,True,0.0,0.0,0.0,78,False,,0.828
M3 no lineal y colas pesadas,4,2022-02-02,A2 DSS fecha α*,2022-04-06,2022-04-06,2022-04-26,2022-04-06,0,True,0.0,0.0,0.0,84,False,,0.939
M3 no lineal y colas pesadas,4,2022-02-02,A3 fecha original + gestión al inicio,2022-04-06,2022-04-06,2022-04-06,2022-03-30,0,True,0.0,1.0497356367134347,1.0497356367134347,64,True,Segundo turno en Habilitado · sierra cinta + Segundo turno en Habilitado · mesa CNC + Expeditar Granallado y pintura (externo),0.19
M3 no lineal y colas pesadas,4,2022-02-02,A4 fecha original + re-pronóstico 40 %,2022-04-06,2022-04-06,2022-04-06,2022-03-31,0,True,0.0,0.5214542877579561,0.5214542877579561,64,True,+2 persona(s) en Limpieza + Expeditar Granallado y pintura (externo),0.125
M3 no lineal y colas pesadas,4,2022-02-02,A5 sistema completo (α* + re-pronóstico 40 %),2022-04-06,2022-04-06,2022-04-26,2022-04-06,0,True,0.0,0.021454287757956086,0.021454287757956086,84,True,+2 persona(s) en Limpieza,0.9233333333333333
M3 no lineal y colas pesadas,5,2022-01-03,A0 como se hizo,2022-03-15,2022-03-15,2022-03-15,2022-03-15,0,True,0.0,0.0,0.0,72,False,,0.313
M3 no lineal y colas pesadas,5,2022-01-03,A1 DSS fecha α=0.80,2022-03-15,2022-03-15,2022-03-28,2022-03-15,0,True,0.0,0.0,0.0,85,False,,0.829
M3 no lineal y colas pesadas,5,2022-01-03,A2 DSS fecha α*,2022-03-15,2022-03-15,2022-04-04,2022-03-15,0,True,0.0,0.0,0.0,92,False,,0.937
M3 no lineal y colas pesadas,5,2022-01-03,A3 fecha original + gestión al inicio,2022-03-15,2022-03-15,2022-03-15,2022-03-02,0,True,0.0,0.9098056540593372,0.9098056540593372,72,True,Segundo turno en Habilitado · sierra cinta + Segundo turno en Habilitado · mesa CNC + Expeditar Granallado y pintura (externo),0.33
M3 no lineal y colas pesadas,5,2022-01-03,A4 fecha original + re-pronóstico 40 %,2022-03-15,2022-03-15,2022-03-15,2022-03-08,0,True,0.0,0.5181209858525846,0.5181209858525846,72,True,+2 persona(s) en Limpieza + Expeditar Granallado y pintura (externo),0.23666666666666666
M3 no lineal y colas pesadas,5,2022-01-03,A5 sistema completo (α* + re-pronóstico 40 %),2022-03-15,2022-03-15,2022-04-04,2022-03-15,0,True,0.0,0.018120985852584547,0.018120985852584547,92,True,+2 persona(s) en Limpieza,0.9233333333333333
M3 no lineal y colas pesadas,6,2022-01-07,A0 como se hizo,2022-03-08,2022-03-13,2022-03-08,2022-03-13,5,False,5.0,0.0,5.0,61,False,,0.017
M3 no lineal y colas pesadas,6,2022-01-07,A1 DSS fecha α=0.80,2022-03-08,2022-03-13,2022-03-26,2022-03-13,0,True,0.0,0.0,0.0,79,False,,0.83
M3 no lineal y colas pesadas,6,2022-01-07,A2 DSS fecha α*,2022-03-08,2022-03-13,2022-03-31,2022-03-13,0,True,0.0,0.0,0.0,84,False,,0.931
M3 no lineal y colas pesadas,6,2022-01-07,A3 fecha original + gestión al inicio,2022-03-08,2022-03-13,2022-03-08,2022-03-07,0,True,0.0,0.623752837015409,0.623752837015409,61,True,+2 persona(s) en Armado + +2 persona(s) en Limpieza + Expeditar Granallado y pintura (externo),0.018333333333333333
M3 no lineal y colas pesadas,6,2022-01-07,A4 fecha original + re-pronóstico 40 %,2022-03-08,2022-03-13,2022-03-08,2022-03-07,0,True,0.0,0.6459184101762032,0.6459184101762032,61,True,+2 persona(s) en Soldeo + +2 persona(s) en Limpieza + Expeditar Granallado y pintura (externo),0.011666666666666667
M3 no lineal y colas pesadas,6,2022-01-07,A5 sistema completo (α* + re-pronóstico 40 %),2022-03-08,2022-03-13,2022-03-31,2022-03-11,0,True,0.0,0.03231246677593531,0.03231246677593531,84,True,+1 persona(s) en Limpieza,0.9616666666666667
M3 no lineal y colas pesadas,7,2022-03-22,A0 como se hizo,2022-05-21,2022-05-21,2022-05-21,2022-05-21,0,True,0.0,0.0,0.0,61,False,,0.35
M3 no lineal y colas pesadas,7,2022-03-22,A1 DSS fecha α=0.80,2022-05-21,2022-05-21,2022-05-31,2022-05-21,0,True,0.0,0.0,0.0,71,False,,0.817
M3 no lineal y colas pesadas,7,2022-03-22,A2 DSS fecha α*,2022-05-21,2022-05-21,2022-06-06,2022-05-21,0,True,0.0,0.0,0.0,77,False,,0.938
M3 no lineal y colas pesadas,7,2022-03-22,A3 fecha original + gestión al inicio,2022-05-21,2022-05-21,2022-05-21,2022-05-16,0,True,0.0,0.5715412998402363,0.5715412998402363,61,True,+2 persona(s) en Armado + +2 persona(s) en Limpieza + Expeditar Granallado y pintura (externo),0.37166666666666665
M3 no lineal y colas pesadas,7,2022-03-22,A4 fecha original + re-pronóstico 40 %,2022-05-21,2022-05-21,2022-05-21,2022-05-14,0,True,0.0,0.6657987442756039,0.6657987442756039,61,True,+2 persona(s) en Limpieza + Expeditar Granallado y pintura (externo) + Horas extra en Despacho a obra,0.23333333333333334
M3 no lineal y colas pesadas,7,2022-03-22,A5 sistema completo (α* + re-pronóstico 40 %),2022-05-21,2022-05-21,2022-06-06,2022-05-20,0,True,0.0,0.034848522071784065,0.034848522071784065,77,True,+2 persona(s) en Limpieza,0.9216666666666666
M3 no lineal y colas pesadas,8,2023-02-14,A0 como se hizo,2023-04-24,2023-04-22,2023-04-24,2023-04-22,0,True,0.0,0.0,0.0,70,False,,0.226
M3 no lineal y colas pesadas,8,2023-02-14,A1 DSS fecha α=0.80,2023-04-24,2023-04-22,2023-05-06,2023-04-22,0,True,0.0,0.0,0.0,82,False,,0.825
M3 no lineal y colas pesadas,8,2023-02-14,A2 DSS fecha α*,2023-04-24,2023-04-22,2023-05-12,2023-04-22,0,True,0.0,0.0,0.0,88,False,,0.938
M3 no lineal y colas pesadas,8,2023-02-14,A3 fecha original + gestión al inicio,2023-04-24,2023-04-22,2023-04-24,2023-04-13,0,True,0.0,0.8338730764634883,0.8338730764634883,70,True,Segundo turno en Habilitado · sierra cinta + +2 persona(s) en Limpieza + Expeditar Granallado y pintura (externo),0.215
M3 no lineal y colas pesadas,8,2023-02-14,A4 fecha original + re-pronóstico 40 %,2023-04-24,2023-04-22,2023-04-24,2023-04-15,0,True,0.0,0.5770196821565609,0.5770196821565609,70,True,+2 persona(s) en Soldeo + +2 persona(s) en Limpieza + Expeditar Granallado y pintura (externo),0.14
M3 no lineal y colas pesadas,8,2023-02-14,A5 sistema completo (α* + re-pronóstico 40 %),2023-04-24,2023-04-22,2023-05-12,2023-04-21,0,True,0.0,0.03355022940289808,0.03355022940289808,88,True,+2 persona(s) en Limpieza,0.94
M3 no lineal y colas pesadas,9,2023-05-18,A0 como se hizo,2023-07-18,2023-07-16,2023-07-18,2023-07-16,0,True,0.0,0.0,0.0,62,False,,0.474
M3 no lineal y colas pesadas,9,2023-05-18,A1 DSS fecha α=0.80,2023-07-18,2023-07-16,2023-07-26,2023-07-16,0,True,0.0,0.0,0.0,70,False,,0.828
M3 no lineal y colas pesadas,9,2023-05-18,A2 DSS fecha α*,2023-07-18,2023-07-16,2023-07-31,2023-07-16,0,True,0.0,0.0,0.0,75,False,,0.942
M3 no lineal y colas pesadas,9,2023-05-18,A3 fecha original + gestión al inicio,2023-07-18,2023-07-16,2023-07-18,2023-07-08,0,True,0.0,0.5733817340602259,0.5733817340602259,62,True,+2 persona(s) en Soldeo + +2 persona(s) en Limpieza + Expeditar Granallado y pintura (externo),0.485
M3 no lineal y colas pesadas,9,2023-05-18,A4 fecha original + re-pronóstico 40 %,2023-07-18,2023-07-16,2023-07-18,2023-07-10,0,True,0.0,0.5308675032200827,0.5308675032200827,62,True,+2 persona(s) en Limpieza + Expeditar Granallado y pintura (externo),0.49166666666666664
M3 no lineal y colas pesadas,9,2023-05-18,A5 sistema completo (α* + re-pronóstico 40 %),2023-07-18,2023-07-16,2023-07-31,2023-07-15,0,True,0.0,0.0,0.0,75,False,,0.96
M3 no lineal y colas pesadas,10,2023-08-11,A0 como se hizo,2023-10-01,2023-10-01,2023-10-01,2023-10-01,0,True,0.0,0.0,0.0,52,False,,0.348
M3 no lineal y colas pesadas,10,2023-08-11,A1 DSS fecha α=0.80,2023-10-01,2023-10-01,2023-10-09,2023-10-01,0,True,0.0,0.0,0.0,60,False,,0.838
M3 no lineal y colas pesadas,10,2023-08-11,A2 DSS fecha α*,2023-10-01,2023-10-01,2023-10-12,2023-10-01,0,True,0.0,0.0,0.0,63,False,,0.936
M3 no lineal y colas pesadas,10,2023-08-11,A3 fecha original + gestión al inicio,2023-10-01,2023-10-01,2023-10-01,2023-09-27,0,True,0.0,0.5935568227672862,0.5935568227672862,52,True,+2 persona(s) en Armado + +2 persona(s) en Limpieza + Expeditar Granallado y pintura (externo),0.3433333333333333
M3 no lineal y colas pesadas,10,2023-08-11,A4 fecha original + re-pronóstico 40 %,2023-10-01,2023-10-01,2023-10-01,2023-09-26,0,True,0.0,0.7392059032855858,0.7392059032855858,52,True,+2 persona(s) en Limpieza + Horas extra en Despacho a pintura + Expeditar Granallado y pintura (externo),0.225
M3 no lineal y colas pesadas,10,2023-08-11,A5 sistema completo (α* + re-pronóstico 40 %),2023-10-01,2023-10-01,2023-10-12,2023-09-30,0,True,0.0,0.04354400704229416,0.04354400704229416,63,True,+2 persona(s) en Limpieza,0.8866666666666667
M3 no lineal y colas pesadas,11,2023-06-02,A0 como se hizo,2023-07-18,2023-07-18,2023-07-18,2023-07-18,0,True,0.0,0.0,0.0,47,False,,0.288
M3 no lineal y colas pesadas,11,2023-06-02,A1 DSS fecha α=0.80,2023-07-18,2023-07-18,2023-07-26,2023-07-18,0,True,0.0,0.0,0.0,55,False,,0.843
M3 no lineal y colas pesadas,11,2023-06-02,A2 DSS fecha α*,2023-07-18,2023-07-18,2023-07-29,2023-07-18,0,True,0.0,0.0,0.0,58,False,,0.942
M3 no lineal y colas pesadas,11,2023-06-02,A3 fecha original + gestión al inicio,2023-07-18,2023-07-18,2023-07-18,2023-07-13,0,True,0.0,0.6638531495542188,0.6638531495542188,47,True,+2 persona(s) en Soldeo + +2 persona(s) en Limpieza + Expeditar Granallado y pintura (externo),0.26666666666666666
M3 no lineal y colas pesadas,11,2023-06-02,A4 fecha original + re-pronóstico 40 %,2023-07-18,2023-07-18,2023-07-18,2023-07-13,0,True,0.0,0.5688523996509969,0.5688523996509969,47,True,+2 persona(s) en Limpieza + Expeditar Granallado y pintura (externo),0.30333333333333334
M3 no lineal y colas pesadas,11,2023-06-02,A5 sistema completo (α* + re-pronóstico 40 %),2023-07-18,2023-07-18,2023-07-29,2023-07-18,0,True,0.0,0.0,0.0,58,False,,0.9716666666666667
M3 no lineal y colas pesadas,12,2023-08-13,A0 como se hizo,2023-10-17,2023-10-21,2023-10-17,2023-10-21,4,False,4.0,0.0,4.0,66,False,,0.066
M3 no lineal y colas pesadas,12,2023-08-13,A1 DSS fecha α=0.80,2023-10-17,2023-10-21,2023-11-04,2023-10-21,0,True,0.0,0.0,0.0,84,False,,0.807
M3 no lineal y colas pesadas,12,2023-08-13,A2 DSS fecha α*,2023-10-17,2023-10-21,2023-11-10,2023-10-21,0,True,0.0,0.0,0.0,90,False,,0.939
M3 no lineal y colas pesadas,12,2023-08-13,A3 fecha original + gestión al inicio,2023-10-17,2023-10-21,2023-10-17,2023-10-13,0,True,0.0,0.8657622686660071,0.8657622686660071,66,True,Segundo turno en Habilitado · sierra cinta + +2 persona(s) en Limpieza + Expeditar Granallado y pintura (externo),0.06833333333333333
M3 no lineal y colas pesadas,12,2023-08-13,A4 fecha original + re-pronóstico 40 %,2023-10-17,2023-10-21,2023-10-17,2023-10-14,0,True,0.0,0.5437721119050994,0.5437721119050994,66,True,+2 persona(s) en Limpieza + Expeditar Granallado y pintura (externo),0.06833333333333333
M3 no lineal y colas pesadas,12,2023-08-13,A5 sistema completo (α* + re-pronóstico 40 %),2023-10-17,2023-10-21,2023-11-10,2023-10-20,0,True,0.0,0.0437721119050994,0.0437721119050994,90,True,+2 persona(s) en Limpieza,0.965
M3 no lineal y colas pesadas,13,2023-02-03,A0 como se hizo,2023-04-09,2023-04-07,2023-04-09,2023-04-07,0,True,0.0,0.0,0.0,66,False,,0.316
M3 no lineal y colas pesadas,13,2023-02-03,A1 DSS fecha α=0.80,2023-04-09,2023-04-07,2023-04-18,2023-04-07,0,True,0.0,0.0,0.0,75,False,,0.801
M3 no lineal y colas pesadas,13,2023-02-03,A2 DSS fecha α*,2023-04-09,2023-04-07,2023-04-22,2023-04-07,0,True,0.0,0.0,0.0,79,False,,0.932
M3 no lineal y colas pesadas,13,2023-02-03,A3 fecha original + gestión al inicio,2023-04-09,2023-04-07,2023-04-09,2023-03-31,0,True,0.0,0.6994953676512796,0.6994953676512796,66,True,Segundo turno en Habilitado · mesa CNC + +2 persona(s) en Limpieza + Expeditar Granallado y pintura (externo),0.35833333333333334
M3 no lineal y colas pesadas,13,2023-02-03,A4 fecha original + re-pronóstico 40 %,2023-04-09,2023-04-07,2023-04-09,2023-04-01,0,True,0.0,0.5332972872391083,0.5332972872391083,66,True,+2 persona(s) en Limpieza + Expeditar Granallado y pintura (externo),0.3333333333333333
M3 no lineal y colas pesadas,13,2023-02-03,A5 sistema completo (α* + re-pronóstico 40 %),2023-04-09,2023-04-07,2023-04-22,2023-04-06,0,True,0.0,0.03329728723910832,0.03329728723910832,79,True,+2 persona(s) en Limpieza,0.945
M3 no lineal y colas pesadas,14,2023-08-04,A0 como se hizo,2023-10-04,2023-10-04,2023-10-04,2023-10-04,0,True,0.0,0.0,0.0,62,False,,0.519
M3 no lineal y colas pesadas,14,2023-08-04,A1 DSS fecha α=0.80,2023-10-04,2023-10-04,2023-10-11,2023-10-04,0,True,0.0,0.0,0.0,69,False,,0.818
M3 no lineal y colas pesadas,14,2023-08-04,A2 DSS fecha α*,2023-10-04,2023-10-04,2023-10-16,2023-10-04,0,True,0.0,0.0,0.0,74,False,,0.93
M3 no lineal y colas pesadas,14,2023-08-04,A3 fecha original + gestión al inicio,2023-10-04,2023-10-04,2023-10-04,2023-09-27,0,True,0.0,0.5320210904894557,0.5320210904894557,62,True,+2 persona(s) en Limpieza + Expeditar Granallado y pintura (externo),0.5133333333333333
M3 no lineal y colas pesadas,14,2023-08-04,A4 fecha original + re-pronóstico 40 %,2023-10-04,2023-10-04,2023-10-04,2023-09-28,0,True,0.0,0.5174660493578849,0.5174660493578849,62,True,+1 persona(s) en Limpieza + Expeditar Granallado y pintura (externo),0.4216666666666667
M3 no lineal y colas pesadas,14,2023-08-04,A5 sistema completo (α* + re-pronóstico 40 %),2023-10-04,2023-10-04,2023-10-16,2023-10-04,0,True,0.0,0.01746604935788492,0.01746604935788492,74,True,+1 persona(s) en Limpieza,0.9066666666666666
M3 no lineal y colas pesadas,15,2023-09-23,A0 como se hizo,2023-12-07,2023-12-05,2023-12-07,2023-12-05,0,True,0.0,0.0,0.0,76,False,,0.491
M3 no lineal y colas pesadas,15,2023-09-23,A1 DSS fecha α=0.80,2023-12-07,2023-12-05,2023-12-15,2023-12-05,0,True,0.0,0.0,0.0,84,False,,0.819
M3 no lineal y colas pesadas,15,2023-09-23,A2 DSS fecha α*,2023-12-07,2023-12-05,2023-12-21,2023-12-05,0,True,0.0,0.0,0.0,90,False,,0.938
M3 no lineal y colas pesadas,15,2023-09-23,A3 fecha original + gestión al inicio,2023-12-07,2023-12-05,2023-12-07,2023-11-29,0,True,0.0,0.5784791286327055,0.5784791286327055,76,True,+2 persona(s) en Armado + +2 persona(s) en Limpieza + Expeditar Granallado y pintura (externo),0.4766666666666667
M3 no lineal y colas pesadas,15,2023-09-23,A4 fecha original + re-pronóstico 40 %,2023-12-07,2023-12-05,2023-12-07,2023-11-29,0,True,0.0,0.5883531712370442,0.5883531712370442,76,True,+2 persona(s) en Soldeo + +2 persona(s) en Limpieza + Expeditar Granallado y pintura (externo),0.16166666666666665
M3 no lineal y colas pesadas,15,2023-09-23,A5 sistema completo (α* + re-pronóstico 40 %),2023-12-07,2023-12-05,2023-12-21,2023-11-29,0,True,0.0,0.5,0.5,90,True,Expeditar Granallado y pintura (externo),0.8333333333333334
M3 no lineal y colas pesadas,16,2024-06-09,A0 como se hizo,2024-08-04,2024-08-02,2024-08-04,2024-08-02,0,True,0.0,0.0,0.0,57,False,,0.515
M3 no lineal y colas pesadas,16,2024-06-09,A1 DSS fecha α=0.80,2024-08-04,2024-08-02,2024-08-09,2024-08-02,0,True,0.0,0.0,0.0,62,False,,0.814
M3 no lineal y colas pesadas,16,2024-06-09,A2 DSS fecha α*,2024-08-04,2024-08-02,2024-08-13,2024-08-02,0,True,0.0,0.0,0.0,66,False,,0.926
M3 no lineal y colas pesadas,16,2024-06-09,A3 fecha original + gestión al inicio,2024-08-04,2024-08-02,2024-08-04,2024-07-26,0,True,0.0,0.575538292815094,0.575538292815094,57,True,+2 persona(s) en Armado + +2 persona(s) en Limpieza + Expeditar Granallado y pintura (externo),0.56
M3 no lineal y colas pesadas,16,2024-06-09,A4 fecha original + re-pronóstico 40 %,2024-08-04,2024-08-02,2024-08-04,2024-07-27,0,True,0.0,0.5362044137815307,0.5362044137815307,57,True,+2 persona(s) en Limpieza + Expeditar Granallado y pintura (externo),0.55
M3 no lineal y colas pesadas,16,2024-06-09,A5 sistema completo (α* + re-pronóstico 40 %),2024-08-04,2024-08-02,2024-08-13,2024-08-02,0,True,0.0,0.0,0.0,66,False,,0.945
M3 no lineal y colas pesadas,17,2024-04-10,A0 como se hizo,2024-06-06,2024-06-06,2024-06-06,2024-06-06,0,True,0.0,0.0,0.0,58,False,,0.264
M3 no lineal y colas pesadas,17,2024-04-10,A1 DSS fecha α=0.80,2024-06-06,2024-06-06,2024-06-14,2024-06-06,0,True,0.0,0.0,0.0,66,False,,0.802
M3 no lineal y colas pesadas,17,2024-04-10,A2 DSS fecha α*,2024-06-06,2024-06-06,2024-06-19,2024-06-06,0,True,0.0,0.0,0.0,71,False,,0.937
M3 no lineal y colas pesadas,17,2024-04-10,A3 fecha original + gestión al inicio,2024-06-06,2024-06-06,2024-06-06,2024-05-30,0,True,0.0,0.6320948572345522,0.6320948572345522,58,True,+2 persona(s) en Soldeo + +2 persona(s) en Limpieza + Expeditar Granallado y pintura (externo),0.28833333333333333
M3 no lineal y colas pesadas,17,2024-04-10,A4 fecha original + re-pronóstico 40 %,2024-06-06,2024-06-06,2024-06-06,2024-05-31,0,True,0.0,0.5525556771958716,0.5525556771958716,58,True,+2 persona(s) en Limpieza + Expeditar Granallado y pintura (externo),0.16166666666666665
M3 no lineal y colas pesadas,17,2024-04-10,A5 sistema completo (α* + re-pronóstico 40 %),2024-06-06,2024-06-06,2024-06-19,2024-06-05,0,True,0.0,0.05255567719587158,0.05255567719587158,71,True,+2 persona(s) en Limpieza,0.8933333333333333
M3 no lineal y colas pesadas,18,2024-08-03,A0 como se hizo,2024-10-28,2024-10-26,2024-10-28,2024-10-26,0,True,0.0,0.0,0.0,87,False,,0.42
M3 no lineal y colas pesadas,18,2024-08-03,A1 DSS fecha α=0.80,2024-10-28,2024-10-26,2024-11-08,2024-10-26,0,True,0.0,0.0,0.0,98,False,,0.823
M3 no lineal y colas pesadas,18,2024-08-03,A2 DSS fecha α*,2024-10-28,2024-10-26,2024-11-14,2024-10-26,0,True,0.0,0.0,0.0,104,False,,0.926
M3 no lineal y colas pesadas,18,2024-08-03,A3 fecha original + gestión al inicio,2024-10-28,2024-10-26,2024-10-28,2024-10-18,0,True,0.0,0.6929874479689352,0.6929874479689352,87,True,Segundo turno en Habilitado · mesa CNC + +2 persona(s) en Limpieza + Expeditar Granallado y pintura (externo),0.405
M3 no lineal y colas pesadas,18,2024-08-03,A4 fecha original + re-pronóstico 40 %,2024-10-28,2024-10-26,2024-10-28,2024-10-18,0,True,0.0,0.5246885491245876,0.5246885491245876,87,True,+2 persona(s) en Limpieza + Expeditar Granallado y pintura (externo),0.345
M3 no lineal y colas pesadas,18,2024-08-03,A5 sistema completo (α* + re-pronóstico 40 %),2024-10-28,2024-10-26,2024-11-14,2024-10-25,0,True,0.0,0.02468854912458765,0.02468854912458765,104,True,+2 persona(s) en Limpieza,0.9083333333333333
M3 no lineal y colas pesadas,19,2024-01-11,A0 como se hizo,2024-03-07,2024-03-15,2024-03-07,2024-03-15,8,False,8.0,0.0,8.0,57,False,,0.039
M3 no lineal y colas pesadas,19,2024-01-11,A1 DSS fecha α=0.80,2024-03-07,2024-03-15,2024-03-23,2024-03-15,0,True,0.0,0.0,0.0,73,False,,0.831
M3 no lineal y colas pesadas,19,2024-01-11,A2 DSS fecha α*,2024-03-07,2024-03-15,2024-03-27,2024-03-15,0,True,0.0,0.0,0.0,77,False,,0.933
M3 no lineal y colas pesadas,19,2024-01-11,A3 fecha original + gestión al inicio,2024-03-07,2024-03-15,2024-03-07,2024-03-08,1,False,1.0,0.6408878627462616,1.6408878627462617,57,True,+2 persona(s) en Soldeo + +2 persona(s) en Limpieza + Expeditar Granallado y pintura (externo),0.041666666666666664
M3 no lineal y colas pesadas,19,2024-01-11,A4 fecha original + re-pronóstico 40 %,2024-03-07,2024-03-15,2024-03-07,2024-03-08,1,False,1.0,0.6913289267993448,1.6913289267993448,57,True,+2 persona(s) en Limpieza + Expeditar Granallado y pintura (externo) + Horas extra en Despacho a obra,0.055
M3 no lineal y colas pesadas,19,2024-01-11,A5 sistema completo (α* + re-pronóstico 40 %),2024-03-07,2024-03-15,2024-03-27,2024-03-15,0,True,0.0,0.0,0.0,77,False,,0.9683333333333334
M3 no lineal y colas pesadas,20,2025-05-08,A0 como se hizo,2025-07-13,2025-07-13,2025-07-13,2025-07-13,0,True,0.0,0.0,0.0,67,False,,0.366
M3 no lineal y colas pesadas,20,2025-05-08,A1 DSS fecha α=0.80,2025-07-13,2025-07-13,2025-07-24,2025-07-13,0,True,0.0,0.0,0.0,78,False,,0.832
M3 no lineal y colas pesadas,20,2025-05-08,A2 DSS fecha α*,2025-07-13,2025-07-13,2025-07-30,2025-07-13,0,True,0.0,0.0,0.0,84,False,,0.936
M3 no lineal y colas pesadas,20,2025-05-08,A3 fecha original + gestión al inicio,2025-07-13,2025-07-13,2025-07-13,2025-07-02,0,True,0.0,1.038349526438464,1.038349526438464,67,True,Segundo turno en Habilitado · sierra cinta + Segundo turno en Habilitado · mesa CNC + Expeditar Granallado y pintura (externo),0.3233333333333333
M3 no lineal y colas pesadas,20,2025-05-08,A4 fecha original + re-pronóstico 40 %,2025-07-13,2025-07-13,2025-07-13,2025-07-05,0,True,0.0,0.5,0.5,67,True,Expeditar Granallado y pintura (externo),0.24833333333333332
M3 no lineal y colas pesadas,20,2025-05-08,A5 sistema completo (α* + re-pronóstico 40 %),2025-07-13,2025-07-13,2025-07-30,2025-07-12,0,True,0.0,0.0,0.0,84,False,,0.92
M3 no lineal y colas pesadas,21,2025-09-20,A0 como se hizo,2025-12-11,2025-12-15,2025-12-11,2025-12-15,4,False,4.0,0.0,4.0,83,False,,0.091
M3 no lineal y colas pesadas,21,2025-09-20,A1 DSS fecha α=0.80,2025-12-11,2025-12-15,2025-12-31,2025-12-15,0,True,0.0,0.0,0.0,103,False,,0.831
M3 no lineal y colas pesadas,21,2025-09-20,A2 DSS fecha α*,2025-12-11,2025-12-15,2026-01-06,2025-12-15,0,True,0.0,0.0,0.0,109,False,,0.926
M3 no lineal y colas pesadas,21,2025-09-20,A3 fecha original + gestión al inicio,2025-12-11,2025-12-15,2025-12-11,2025-12-06,0,True,0.0,0.7526872472566917,0.7526872472566917,83,True,Segundo turno en Habilitado · mesa CNC + +2 persona(s) en Limpieza + Expeditar Granallado y pintura (externo),0.07166666666666667
M3 no lineal y colas pesadas,21,2025-09-20,A4 fecha original + re-pronóstico 40 %,2025-12-11,2025-12-15,2025-12-11,2025-12-05,0,True,0.0,0.8479490690391989,0.8479490690391989,83,True,+2 persona(s) en Limpieza + Horas extra en Despacho a pintura + Expeditar Granallado y pintura (externo),0.04666666666666667
M3 no lineal y colas pesadas,21,2025-09-20,A5 sistema completo (α* + re-pronóstico 40 %),2025-12-11,2025-12-15,2026-01-06,2025-12-13,0,True,0.0,0.039300766463875564,0.039300766463875564,109,True,+2 persona(s) en Limpieza,0.9233333333333333
M3 no lineal y colas pesadas,22,2025-07-03,A0 como se hizo,2025-09-03,2025-09-07,2025-09-03,2025-09-07,4,False,4.0,0.0,4.0,63,False,,0.212
M3 no lineal y colas pesadas,22,2025-07-03,A1 DSS fecha α=0.80,2025-09-03,2025-09-07,2025-09-15,2025-09-07,0,True,0.0,0.0,0.0,75,False,,0.827
M3 no lineal y colas pesadas,22,2025-07-03,A2 DSS fecha α*,2025-09-03,2025-09-07,2025-09-19,2025-09-07,0,True,0.0,0.0,0.0,79,False,,0.937
M3 no lineal y colas pesadas,22,2025-07-03,A3 fecha original + gestión al inicio,2025-09-03,2025-09-07,2025-09-03,2025-08-28,0,True,0.0,0.7332401634952642,0.7332401634952642,63,True,Segundo turno en Habilitado · mesa CNC + +2 persona(s) en Limpieza + Expeditar Granallado y pintura (externo),0.22
M3 no lineal y colas pesadas,22,2025-07-03,A4 fecha original + re-pronóstico 40 %,2025-09-03,2025-09-07,2025-09-03,2025-08-30,0,True,0.0,0.5,0.5,63,True,Expeditar Granallado y pintura (externo),0.45
M3 no lineal y colas pesadas,22,2025-07-03,A5 sistema completo (α* + re-pronóstico 40 %),2025-09-03,2025-09-07,2025-09-19,2025-09-06,0,True,0.0,0.0,0.0,79,False,,0.98
M3 no lineal y colas pesadas,23,2026-08-05,A0 como se hizo,2026-09-25,2026-09-25,2026-09-25,2026-09-25,0,True,0.0,0.0,0.0,52,False,,0.339
M3 no lineal y colas pesadas,23,2026-08-05,A1 DSS fecha α=0.80,2026-09-25,2026-09-25,2026-10-05,2026-09-25,0,True,0.0,0.0,0.0,62,False,,0.829
M3 no lineal y colas pesadas,23,2026-08-05,A2 DSS fecha α*,2026-09-25,2026-09-25,2026-10-09,2026-09-25,0,True,0.0,0.0,0.0,66,False,,0.934
M3 no lineal y colas pesadas,23,2026-08-05,A3 fecha original + gestión al inicio,2026-09-25,2026-09-25,2026-09-25,2026-09-19,0,True,0.0,0.5303039203773274,0.5303039203773274,52,True,+2 persona(s) en Limpieza + Expeditar Granallado y pintura (externo),0.35333333333333333
M3 no lineal y colas pesadas,23,2026-08-05,A4 fecha original + re-pronóstico 40 %,2026-09-25,2026-09-25,2026-09-25,2026-09-19,0,True,0.0,0.5,0.5,52,True,Expeditar Granallado y pintura (externo),0.415
M3 no lineal y colas pesadas,23,2026-08-05,A5 sistema completo (α* + re-pronóstico 40 %),2026-09-25,2026-09-25,2026-10-09,2026-09-25,0,True,0.0,0.0,0.0,66,False,,0.9666666666666667
M3 no lineal y colas pesadas,24,2026-02-17,A0 como se hizo,2026-05-15,2026-05-20,2026-05-15,2026-05-20,5,False,5.0,0.0,5.0,88,False,,0.278
M3 no lineal y colas pesadas,24,2026-02-17,A1 DSS fecha α=0.80,2026-05-15,2026-05-20,2026-05-29,2026-05-20,0,True,0.0,0.0,0.0,102,False,,0.82
M3 no lineal y colas pesadas,24,2026-02-17,A2 DSS fecha α*,2026-05-15,2026-05-20,2026-06-05,2026-05-20,0,True,0.0,0.0,0.0,109,False,,0.935
M3 no lineal y colas pesadas,24,2026-02-17,A3 fecha original + gestión al inicio,2026-05-15,2026-05-20,2026-05-15,2026-05-07,0,True,0.0,0.8851640513552068,0.8851640513552068,88,True,Segundo turno en Habilitado · sierra cinta + Segundo turno en Habilitado · mesa CNC + Expeditar Granallado y pintura (externo),0.28833333333333333
M3 no lineal y colas pesadas,24,2026-02-17,A4 fecha original + re-pronóstico 40 %,2026-05-15,2026-05-20,2026-05-15,2026-05-11,0,True,0.0,0.5231462494846534,0.5231462494846534,88,True,+2 persona(s) en Limpieza + Expeditar Granallado y pintura (externo),0.3616666666666667
M3 no lineal y colas pesadas,24,2026-02-17,A5 sistema completo (α* + re-pronóstico 40 %),2026-05-15,2026-05-20,2026-06-05,2026-05-19,0,True,0.0,0.02314624948465337,0.02314624948465337,109,True,+2 persona(s) en Limpieza,0.9566666666666667
M3 no lineal y colas pesadas,25,2026-03-25,A0 como se hizo,2026-05-18,2026-05-17,2026-05-18,2026-05-17,0,True,0.0,0.0,0.0,55,False,,0.197
M3 no lineal y colas pesadas,25,2026-03-25,A1 DSS fecha α=0.80,2026-05-18,2026-05-17,2026-06-01,2026-05-17,0,True,0.0,0.0,0.0,69,False,,0.832
M3 no lineal y colas pesadas,25,2026-03-25,A2 DSS fecha α*,2026-05-18,2026-05-17,2026-06-06,2026-05-17,0,True,0.0,0.0,0.0,74,False,,0.938
M3 no lineal y colas pesadas,25,2026-03-25,A3 fecha original + gestión al inicio,2026-05-18,2026-05-17,2026-05-18,2026-05-11,0,True,0.0,0.7609411822266436,0.7609411822266436,55,True,Segundo turno en Habilitado · sierra cinta + Expeditar Granallado y pintura (externo),0.20666666666666667
M3 no lineal y colas pesadas,25,2026-03-25,A4 fecha original + re-pronóstico 40 %,2026-05-18,2026-05-17,2026-05-18,2026-05-11,0,True,0.0,0.5,0.5,55,True,Expeditar Granallado y pintura (externo),0.30833333333333335
M3 no lineal y colas pesadas,25,2026-03-25,A5 sistema completo (α* + re-pronóstico 40 %),2026-05-18,2026-05-17,2026-06-06,2026-05-16,0,True,0.0,0.0,0.0,74,False,,0.9716666666666667
M4 deriva del taller,1,2021-02-20,A0 como se hizo,2021-05-13,2021-05-12,2021-05-13,2021-05-12,0,True,0.0,0.0,0.0,83,False,,0.136
M4 deriva del taller,1,2021-02-20,A1 DSS fecha α=0.80,2021-05-13,2021-05-12,2021-06-03,2021-05-12,0,True,0.0,0.0,0.0,104,False,,0.804
M4 deriva del taller,1,2021-02-20,A2 DSS fecha α*,2021-05-13,2021-05-12,2021-06-10,2021-05-12,0,True,0.0,0.0,0.0,111,False,,0.929
M4 deriva del taller,1,2021-02-20,A3 fecha original + gestión al inicio,2021-05-13,2021-05-12,2021-05-13,2021-04-21,0,True,0.0,0.9763947933363138,0.9763947933363138,83,True,Segundo turno en Habilitado · sierra cinta + Segundo turno en Habilitado · mesa CNC + Expeditar Granallado y pintura (externo),0.15333333333333332
M4 deriva del taller,1,2021-02-20,A4 fecha original + re-pronóstico 40 %,2021-05-13,2021-05-12,2021-05-13,2021-05-04,0,True,0.0,0.5,0.5,83,True,Expeditar Granallado y pintura (externo),0.24
M4 deriva del taller,1,2021-02-20,A5 sistema completo (α* + re-pronóstico 40 %),2021-05-13,2021-05-12,2021-06-10,2021-05-12,0,True,0.0,0.0,0.0,111,False,,0.96
M4 deriva del taller,2,2021-02-19,A0 como se hizo,2021-05-10,2021-05-10,2021-05-10,2021-05-10,0,True,0.0,0.0,0.0,81,False,,0.284
M4 deriva del taller,2,2021-02-19,A1 DSS fecha α=0.80,2021-05-10,2021-05-10,2021-05-24,2021-05-10,0,True,0.0,0.0,0.0,95,False,,0.818
M4 deriva del taller,2,2021-02-19,A2 DSS fecha α*,2021-05-10,2021-05-10,2021-05-31,2021-05-10,0,True,0.0,0.0,0.0,102,False,,0.937
M4 deriva del taller,2,2021-02-19,A3 fecha original + gestión al inicio,2021-05-10,2021-05-10,2021-05-10,2021-05-01,0,True,0.0,0.5755115816246069,0.5755115816246069,81,True,+2 persona(s) en Soldeo + +2 persona(s) en Limpieza + Expeditar Granallado y pintura (externo),0.3016666666666667
M4 deriva del taller,2,2021-02-19,A4 fecha original + re-pronóstico 40 %,2021-05-10,2021-05-10,2021-05-10,2021-05-01,0,True,0.0,0.5319937014818688,0.5319937014818688,81,True,+2 persona(s) en Limpieza + Expeditar Granallado y pintura (externo),0.29833333333333334
M4 deriva del taller,2,2021-02-19,A5 sistema completo (α* + re-pronóstico 40 %),2021-05-10,2021-05-10,2021-05-31,2021-05-08,0,True,0.0,0.017451109899201112,0.017451109899201112,102,True,+1 persona(s) en Limpieza,0.965
M4 deriva del taller,3,2021-09-04,A0 como se hizo,2021-11-17,2021-11-16,2021-11-17,2021-11-16,0,True,0.0,0.0,0.0,75,False,,0.505
M4 deriva del taller,3,2021-09-04,A1 DSS fecha α=0.80,2021-11-17,2021-11-16,2021-11-25,2021-11-16,0,True,0.0,0.0,0.0,83,False,,0.816
M4 deriva del taller,3,2021-09-04,A2 DSS fecha α*,2021-11-17,2021-11-16,2021-12-01,2021-11-16,0,True,0.0,0.0,0.0,89,False,,0.929
M4 deriva del taller,3,2021-09-04,A3 fecha original + gestión al inicio,2021-11-17,2021-11-16,2021-11-17,2021-11-08,0,True,0.0,0.5747188470883539,0.5747188470883539,75,True,+2 persona(s) en Armado + +2 persona(s) en Limpieza + Expeditar Granallado y pintura (externo),0.4716666666666667
M4 deriva del taller,3,2021-09-04,A4 fecha original + re-pronóstico 40 %,2021-11-17,2021-11-16,2021-11-17,2021-11-08,0,True,0.0,0.5357297869124327,0.5357297869124327,75,True,+2 persona(s) en Limpieza + Expeditar Granallado y pintura (externo),0.49333333333333335
M4 deriva del taller,3,2021-09-04,A5 sistema completo (α* + re-pronóstico 40 %),2021-11-17,2021-11-16,2021-12-01,2021-11-16,0,True,0.0,0.0,0.0,89,False,,0.9516666666666667
M4 deriva del taller,4,2022-02-02,A0 como se hizo,2022-04-06,2022-04-06,2022-04-06,2022-04-06,0,True,0.0,0.0,0.0,64,False,,0.378
M4 deriva del taller,4,2022-02-02,A1 DSS fecha α=0.80,2022-04-06,2022-04-06,2022-04-15,2022-04-06,0,True,0.0,0.0,0.0,73,False,,0.8
M4 deriva del taller,4,2022-02-02,A2 DSS fecha α*,2022-04-06,2022-04-06,2022-04-21,2022-04-06,0,True,0.0,0.0,0.0,79,False,,0.934
M4 deriva del taller,4,2022-02-02,A3 fecha original + gestión al inicio,2022-04-06,2022-04-06,2022-04-06,2022-03-29,0,True,0.0,0.7425589082074706,0.7425589082074706,64,True,Segundo turno en Habilitado · mesa CNC + +2 persona(s) en Soldeo + Expeditar Granallado y pintura (externo),0.38
M4 deriva del taller,4,2022-02-02,A4 fecha original + re-pronóstico 40 %,2022-04-06,2022-04-06,2022-04-06,2022-03-31,0,True,0.0,0.5226646535220966,0.5226646535220966,64,True,+2 persona(s) en Soldeo + Expeditar Granallado y pintura (externo),0.10166666666666667
M4 deriva del taller,4,2022-02-02,A5 sistema completo (α* + re-pronóstico 40 %),2022-04-06,2022-04-06,2022-04-21,2022-03-31,0,True,0.0,0.5,0.5,79,True,Expeditar Granallado y pintura (externo),0.81
M4 deriva del taller,5,2022-01-03,A0 como se hizo,2022-03-15,2022-03-15,2022-03-15,2022-03-15,0,True,0.0,0.0,0.0,72,False,,0.506
M4 deriva del taller,5,2022-01-03,A1 DSS fecha α=0.80,2022-03-15,2022-03-15,2022-03-23,2022-03-15,0,True,0.0,0.0,0.0,80,False,,0.815
M4 deriva del taller,5,2022-01-03,A2 DSS fecha α*,2022-03-15,2022-03-15,2022-03-29,2022-03-15,0,True,0.0,0.0,0.0,86,False,,0.927
M4 deriva del taller,5,2022-01-03,A3 fecha original + gestión al inicio,2022-03-15,2022-03-15,2022-03-15,2022-03-04,0,True,0.0,0.6756309945968588,0.6756309945968588,72,True,Segundo turno en Habilitado · mesa CNC + Expeditar Granallado y pintura (externo),0.49666666666666665
M4 deriva del taller,5,2022-01-03,A4 fecha original + re-pronóstico 40 %,2022-03-15,2022-03-15,2022-03-15,2022-03-07,0,True,0.0,0.5,0.5,72,True,Expeditar Granallado y pintura (externo),0.5466666666666666
M4 deriva del taller,5,2022-01-03,A5 sistema completo (α* + re-pronóstico 40 %),2022-03-15,2022-03-15,2022-03-29,2022-03-15,0,True,0.0,0.0,0.0,86,False,,0.945
M4 deriva del taller,6,2022-01-07,A0 como se hizo,2022-03-08,2022-03-13,2022-03-08,2022-03-13,5,False,5.0,0.0,5.0,61,False,,0.186
M4 deriva del taller,6,2022-01-07,A1 DSS fecha α=0.80,2022-03-08,2022-03-13,2022-03-19,2022-03-13,0,True,0.0,0.0,0.0,72,False,,0.836
M4 deriva del taller,6,2022-01-07,A2 DSS fecha α*,2022-03-08,2022-03-13,2022-03-24,2022-03-13,0,True,0.0,0.0,0.0,77,False,,0.937
M4 deriva del taller,6,2022-01-07,A3 fecha original + gestión al inicio,2022-03-08,2022-03-13,2022-03-08,2022-03-03,0,True,0.0,0.7034322523803985,0.7034322523803985,61,True,Segundo turno en Habilitado · mesa CNC + +2 persona(s) en Limpieza + Expeditar Granallado y pintura (externo),0.16666666666666666
M4 deriva del taller,6,2022-01-07,A4 fecha original + re-pronóstico 40 %,2022-03-08,2022-03-13,2022-03-08,2022-03-05,0,True,0.0,0.5449285275428648,0.5449285275428648,61,True,+2 persona(s) en Limpieza + Expeditar Granallado y pintura (externo),0.11833333333333333
M4 deriva del taller,6,2022-01-07,A5 sistema completo (α* + re-pronóstico 40 %),2022-03-08,2022-03-13,2022-03-24,2022-03-10,0,True,0.0,0.044928527542864825,0.044928527542864825,77,True,+2 persona(s) en Limpieza,0.935
M4 deriva del taller,7,2022-03-22,A0 como se hizo,2022-05-21,2022-05-21,2022-05-21,2022-05-21,0,True,0.0,0.0,0.0,61,False,,0.637
M4 deriva del taller,7,2022-03-22,A1 DSS fecha α=0.80,2022-05-21,2022-05-21,2022-05-26,2022-05-21,0,True,0.0,0.0,0.0,66,False,,0.82
M4 deriva del taller,7,2022-03-22,A2 DSS fecha α*,2022-05-21,2022-05-21,2022-05-31,2022-05-21,0,True,0.0,0.0,0.0,71,False,,0.928
M4 deriva del taller,7,2022-03-22,A3 fecha original + gestión al inicio,2022-05-21,2022-05-21,2022-05-21,2022-05-13,0,True,0.0,0.5621267718722649,0.5621267718722649,61,True,+2 persona(s) en Armado + +2 persona(s) en Limpieza + Expeditar Granallado y pintura (externo),0.615
M4 deriva del taller,7,2022-03-22,A4 fecha original + re-pronóstico 40 %,2022-05-21,2022-05-21,2022-05-21,2022-05-16,0,True,0.0,0.5164313152607956,0.5164313152607956,61,True,+1 persona(s) en Limpieza + Expeditar Granallado y pintura (externo),0.4216666666666667
M4 deriva del taller,7,2022-03-22,A5 sistema completo (α* + re-pronóstico 40 %),2022-05-21,2022-05-21,2022-05-31,2022-05-16,0,True,0.0,0.5,0.5,71,True,Expeditar Granallado y pintura (externo),0.8333333333333334
M4 deriva del taller,8,2023-02-14,A0 como se hizo,2023-04-24,2023-04-22,2023-04-24,2023-04-22,0,True,0.0,0.0,0.0,70,False,,0.277
M4 deriva del taller,8,2023-02-14,A1 DSS fecha α=0.80,2023-04-24,2023-04-22,2023-05-06,2023-04-22,0,True,0.0,0.0,0.0,82,False,,0.818
M4 deriva del taller,8,2023-02-14,A2 DSS fecha α*,2023-04-24,2023-04-22,2023-05-12,2023-04-22,0,True,0.0,0.0,0.0,88,False,,0.938
M4 deriva del taller,8,2023-02-14,A3 fecha original + gestión al inicio,2023-04-24,2023-04-22,2023-04-24,2023-04-14,0,True,0.0,0.8703607674636439,0.8703607674636439,70,True,Segundo turno en Habilitado · sierra cinta + +2 persona(s) en Limpieza + Expeditar Granallado y pintura (externo),0.27166666666666667
M4 deriva del taller,8,2023-02-14,A4 fecha original + re-pronóstico 40 %,2023-04-24,2023-04-22,2023-04-24,2023-04-17,0,True,0.0,0.53249756452048,0.53249756452048,70,True,+2 persona(s) en Limpieza + Expeditar Granallado y pintura (externo),0.22
M4 deriva del taller,8,2023-02-14,A5 sistema completo (α* + re-pronóstico 40 %),2023-04-24,2023-04-22,2023-05-12,2023-04-21,0,True,0.0,0.03249756452048,0.03249756452048,88,True,+2 persona(s) en Limpieza,0.9633333333333334
M4 deriva del taller,9,2023-05-18,A0 como se hizo,2023-07-18,2023-07-16,2023-07-18,2023-07-16,0,True,0.0,0.0,0.0,62,False,,0.324
M4 deriva del taller,9,2023-05-18,A1 DSS fecha α=0.80,2023-07-18,2023-07-16,2023-07-28,2023-07-16,0,True,0.0,0.0,0.0,72,False,,0.826
M4 deriva del taller,9,2023-05-18,A2 DSS fecha α*,2023-07-18,2023-07-16,2023-08-02,2023-07-16,0,True,0.0,0.0,0.0,77,False,,0.941
M4 deriva del taller,9,2023-05-18,A3 fecha original + gestión al inicio,2023-07-18,2023-07-16,2023-07-18,2023-07-10,0,True,0.0,0.5786989365400556,0.5786989365400556,62,True,+2 persona(s) en Soldeo + +2 persona(s) en Limpieza + Expeditar Granallado y pintura (externo),0.355
M4 deriva del taller,9,2023-05-18,A4 fecha original + re-pronóstico 40 %,2023-07-18,2023-07-16,2023-07-18,2023-07-11,0,True,0.0,0.5332260251973037,0.5332260251973037,62,True,+2 persona(s) en Limpieza + Expeditar Granallado y pintura (externo),0.37833333333333335
M4 deriva del taller,9,2023-05-18,A5 sistema completo (α* + re-pronóstico 40 %),2023-07-18,2023-07-16,2023-08-02,2023-07-15,0,True,0.0,0.0,0.0,77,False,,0.9616666666666667
M4 deriva del taller,10,2023-08-11,A0 como se hizo,2023-10-01,2023-10-01,2023-10-01,2023-10-01,0,True,0.0,0.0,0.0,52,False,,0.238
M4 deriva del taller,10,2023-08-11,A1 DSS fecha α=0.80,2023-10-01,2023-10-01,2023-10-10,2023-10-01,0,True,0.0,0.0,0.0,61,False,,0.808
M4 deriva del taller,10,2023-08-11,A2 DSS fecha α*,2023-10-01,2023-10-01,2023-10-14,2023-10-01,0,True,0.0,0.0,0.0,65,False,,0.943
M4 deriva del taller,10,2023-08-11,A3 fecha original + gestión al inicio,2023-10-01,2023-10-01,2023-10-01,2023-09-25,0,True,0.0,0.6000895786930728,0.6000895786930728,52,True,+2 persona(s) en Armado + +2 persona(s) en Limpieza + Expeditar Granallado y pintura (externo),0.25833333333333336
M4 deriva del taller,10,2023-08-11,A4 fecha original + re-pronóstico 40 %,2023-10-01,2023-10-01,2023-10-01,2023-09-26,0,True,0.0,0.6865240458327307,0.6865240458327307,52,True,+2 persona(s) en Limpieza + Expeditar Granallado y pintura (externo) + Horas extra en Despacho a obra,0.13166666666666665
M4 deriva del taller,10,2023-08-11,A5 sistema completo (α* + re-pronóstico 40 %),2023-10-01,2023-10-01,2023-10-14,2023-09-29,0,True,0.0,0.046765548516093894,0.046765548516093894,65,True,+2 persona(s) en Limpieza,0.8966666666666666
M4 deriva del taller,11,2023-06-02,A0 como se hizo,2023-07-18,2023-07-18,2023-07-18,2023-07-18,0,True,0.0,0.0,0.0,47,False,,0.382
M4 deriva del taller,11,2023-06-02,A1 DSS fecha α=0.80,2023-07-18,2023-07-18,2023-07-25,2023-07-18,0,True,0.0,0.0,0.0,54,False,,0.851
M4 deriva del taller,11,2023-06-02,A2 DSS fecha α*,2023-07-18,2023-07-18,2023-07-27,2023-07-18,0,True,0.0,0.0,0.0,56,False,,0.931
M4 deriva del taller,11,2023-06-02,A3 fecha original + gestión al inicio,2023-07-18,2023-07-18,2023-07-18,2023-07-13,0,True,0.0,0.6525667328561195,0.6525667328561195,47,True,+2 persona(s) en Soldeo + +2 persona(s) en Limpieza + Expeditar Granallado y pintura (externo),0.38166666666666665
M4 deriva del taller,11,2023-06-02,A4 fecha original + re-pronóstico 40 %,2023-07-18,2023-07-18,2023-07-18,2023-07-13,0,True,0.0,0.6878084938680133,0.6878084938680133,47,True,+2 persona(s) en Limpieza + Expeditar Granallado y pintura (externo) + Horas extra en Despacho a obra,0.13833333333333334
M4 deriva del taller,11,2023-06-02,A5 sistema completo (α* + re-pronóstico 40 %),2023-07-18,2023-07-18,2023-07-27,2023-07-17,0,True,0.0,0.06435847740801111,0.06435847740801111,56,True,+2 persona(s) en Limpieza,0.8516666666666667
M4 deriva del taller,12,2023-08-13,A0 como se hizo,2023-10-17,2023-10-21,2023-10-17,2023-10-21,4,False,4.0,0.0,4.0,66,False,,0.063
M4 deriva del taller,12,2023-08-13,A1 DSS fecha α=0.80,2023-10-17,2023-10-21,2023-11-06,2023-10-21,0,True,0.0,0.0,0.0,86,False,,0.802
M4 deriva del taller,12,2023-08-13,A2 DSS fecha α*,2023-10-17,2023-10-21,2023-11-13,2023-10-21,0,True,0.0,0.0,0.0,93,False,,0.941
M4 deriva del taller,12,2023-08-13,A3 fecha original + gestión al inicio,2023-10-17,2023-10-21,2023-10-17,2023-10-14,0,True,0.0,0.8665707641851425,0.8665707641851425,66,True,Segundo turno en Habilitado · sierra cinta + +2 persona(s) en Limpieza + Expeditar Granallado y pintura (externo),0.07
M4 deriva del taller,12,2023-08-13,A4 fecha original + re-pronóstico 40 %,2023-10-17,2023-10-21,2023-10-17,2023-10-13,0,True,0.0,0.6077303045702527,0.6077303045702527,66,True,+2 persona(s) en Soldeo + +2 persona(s) en Limpieza + Expeditar Granallado y pintura (externo),0.04
M4 deriva del taller,12,2023-08-13,A5 sistema completo (α* + re-pronóstico 40 %),2023-10-17,2023-10-21,2023-11-13,2023-10-21,0,True,0.0,0.0,0.0,93,False,,0.9683333333333334
M4 deriva del taller,13,2023-02-03,A0 como se hizo,2023-04-09,2023-04-07,2023-04-09,2023-04-07,0,True,0.0,0.0,0.0,66,False,,0.335
M4 deriva del taller,13,2023-02-03,A1 DSS fecha α=0.80,2023-04-09,2023-04-07,2023-04-19,2023-04-07,0,True,0.0,0.0,0.0,76,False,,0.833
M4 deriva del taller,13,2023-02-03,A2 DSS fecha α*,2023-04-09,2023-04-07,2023-04-24,2023-04-07,0,True,0.0,0.0,0.0,81,False,,0.926
M4 deriva del taller,13,2023-02-03,A3 fecha original + gestión al inicio,2023-04-09,2023-04-07,2023-04-09,2023-03-31,0,True,0.0,0.7820998523827417,0.7820998523827417,66,True,Segundo turno en Habilitado · mesa CNC + +2 persona(s) en Limpieza + Expeditar Granallado y pintura (externo),0.365
M4 deriva del taller,13,2023-02-03,A4 fecha original + re-pronóstico 40 %,2023-04-09,2023-04-07,2023-04-09,2023-03-31,0,True,0.0,0.5328027317644848,0.5328027317644848,66,True,+2 persona(s) en Limpieza + Expeditar Granallado y pintura (externo),0.515
M4 deriva del taller,13,2023-02-03,A5 sistema completo (α* + re-pronóstico 40 %),2023-04-09,2023-04-07,2023-04-24,2023-04-07,0,True,0.0,0.0,0.0,81,False,,0.9833333333333333
M4 deriva del taller,14,2023-08-04,A0 como se hizo,2023-10-04,2023-10-04,2023-10-04,2023-10-04,0,True,0.0,0.0,0.0,62,False,,0.406
M4 deriva del taller,14,2023-08-04,A1 DSS fecha α=0.80,2023-10-04,2023-10-04,2023-10-13,2023-10-04,0,True,0.0,0.0,0.0,71,False,,0.817
M4 deriva del taller,14,2023-08-04,A2 DSS fecha α*,2023-10-04,2023-10-04,2023-10-18,2023-10-04,0,True,0.0,0.0,0.0,76,False,,0.927
M4 deriva del taller,14,2023-08-04,A3 fecha original + gestión al inicio,2023-10-04,2023-10-04,2023-10-04,2023-09-28,0,True,0.0,0.665183290074218,0.665183290074218,62,True,+2 persona(s) en Limpieza + Expeditar Granallado y pintura (externo) + Horas extra en Despacho a obra,0.43333333333333335
M4 deriva del taller,14,2023-08-04,A4 fecha original + re-pronóstico 40 %,2023-10-04,2023-10-04,2023-10-04,2023-09-28,0,True,0.0,0.665183290074218,0.665183290074218,62,True,+2 persona(s) en Limpieza + Expeditar Granallado y pintura (externo) + Horas extra en Despacho a obra,0.25666666666666665
M4 deriva del taller,14,2023-08-04,A5 sistema completo (α* + re-pronóstico 40 %),2023-10-04,2023-10-04,2023-10-18,2023-09-28,0,True,0.0,0.5,0.5,76,True,Expeditar Granallado y pintura (externo),0.8916666666666667
M4 deriva del taller,15,2023-09-23,A0 como se hizo,2023-12-07,2023-12-05,2023-12-07,2023-12-05,0,True,0.0,0.0,0.0,76,False,,0.508
M4 deriva del taller,15,2023-09-23,A1 DSS fecha α=0.80,2023-12-07,2023-12-05,2023-12-15,2023-12-05,0,True,0.0,0.0,0.0,84,False,,0.814
M4 deriva del taller,15,2023-09-23,A2 DSS fecha α*,2023-12-07,2023-12-05,2023-12-21,2023-12-05,0,True,0.0,0.0,0.0,90,False,,0.932
M4 deriva del taller,15,2023-09-23,A3 fecha original + gestión al inicio,2023-12-07,2023-12-05,2023-12-07,2023-11-28,0,True,0.0,0.536877170367338,0.536877170367338,76,True,+2 persona(s) en Limpieza + Expeditar Granallado y pintura (externo),0.51
M4 deriva del taller,15,2023-09-23,A4 fecha original + re-pronóstico 40 %,2023-12-07,2023-12-05,2023-12-07,2023-11-28,0,True,0.0,0.536877170367338,0.536877170367338,76,True,+2 persona(s) en Limpieza + Expeditar Granallado y pintura (externo),0.45
M4 deriva del taller,15,2023-09-23,A5 sistema completo (α* + re-pronóstico 40 %),2023-12-07,2023-12-05,2023-12-21,2023-12-04,0,True,0.0,0.036877170367337904,0.036877170367337904,90,True,+2 persona(s) en Limpieza,0.9416666666666667
M4 deriva del taller,16,2024-06-09,A0 como se hizo,2024-08-04,2024-08-02,2024-08-04,2024-08-02,0,True,0.0,0.0,0.0,57,False,,0.438
M4 deriva del taller,16,2024-06-09,A1 DSS fecha α=0.80,2024-08-04,2024-08-02,2024-08-12,2024-08-02,0,True,0.0,0.0,0.0,65,False,,0.801
M4 deriva del taller,16,2024-06-09,A2 DSS fecha α*,2024-08-04,2024-08-02,2024-08-16,2024-08-02,0,True,0.0,0.0,0.0,69,False,,0.933
M4 deriva del taller,16,2024-06-09,A3 fecha original + gestión al inicio,2024-08-04,2024-08-02,2024-08-04,2024-07-27,0,True,0.0,0.7171126564602178,0.7171126564602178,57,True,Segundo turno en Habilitado · sierra cinta + +2 persona(s) en Limpieza + Expeditar Granallado y pintura (externo),0.45166666666666666
M4 deriva del taller,16,2024-06-09,A4 fecha original + re-pronóstico 40 %,2024-08-04,2024-08-02,2024-08-04,2024-07-27,0,True,0.0,0.5897461107475336,0.5897461107475336,57,True,+2 persona(s) en Soldeo + +2 persona(s) en Limpieza + Expeditar Granallado y pintura (externo),0.27
M4 deriva del taller,16,2024-06-09,A5 sistema completo (α* + re-pronóstico 40 %),2024-08-04,2024-08-02,2024-08-16,2024-07-31,0,True,0.0,0.03879596601799244,0.03879596601799244,69,True,+2 persona(s) en Limpieza,0.94
M4 deriva del taller,17,2024-04-10,A0 como se hizo,2024-06-06,2024-06-06,2024-06-06,2024-06-06,0,True,0.0,0.0,0.0,58,False,,0.265
M4 deriva del taller,17,2024-04-10,A1 DSS fecha α=0.80,2024-06-06,2024-06-06,2024-06-18,2024-06-06,0,True,0.0,0.0,0.0,70,False,,0.827
M4 deriva del taller,17,2024-04-10,A2 DSS fecha α*,2024-06-06,2024-06-06,2024-06-22,2024-06-06,0,True,0.0,0.0,0.0,74,False,,0.926
M4 deriva del taller,17,2024-04-10,A3 fecha original + gestión al inicio,2024-06-06,2024-06-06,2024-06-06,2024-06-01,0,True,0.0,0.623754860888766,0.623754860888766,58,True,+2 persona(s) en Armado + +2 persona(s) en Limpieza + Expeditar Granallado y pintura (externo),0.25833333333333336
M4 deriva del taller,17,2024-04-10,A4 fecha original + re-pronóstico 40 %,2024-06-06,2024-06-06,2024-06-06,2024-06-01,0,True,0.0,0.6598421885664107,0.6598421885664107,58,True,+2 persona(s) en Limpieza + Expeditar Granallado y pintura (externo) + Horas extra en Despacho a obra,0.16666666666666666
M4 deriva del taller,17,2024-04-10,A5 sistema completo (α* + re-pronóstico 40 %),2024-06-06,2024-06-06,2024-06-22,2024-06-05,0,True,0.0,0.055743312678122034,0.055743312678122034,74,True,+2 persona(s) en Limpieza,0.9483333333333334
M4 deriva del taller,18,2024-08-03,A0 como se hizo,2024-10-28,2024-10-26,2024-10-28,2024-10-26,0,True,0.0,0.0,0.0,87,False,,0.498
M4 deriva del taller,18,2024-08-03,A1 DSS fecha α=0.80,2024-10-28,2024-10-26,2024-11-06,2024-10-26,0,True,0.0,0.0,0.0,96,False,,0.802
M4 deriva del taller,18,2024-08-03,A2 DSS fecha α*,2024-10-28,2024-10-26,2024-11-14,2024-10-26,0,True,0.0,0.0,0.0,104,False,,0.938
M4 deriva del taller,18,2024-08-03,A3 fecha original + gestión al inicio,2024-10-28,2024-10-26,2024-10-28,2024-10-15,0,True,0.0,0.8606404975236019,0.8606404975236019,87,True,Segundo turno en Habilitado · sierra cinta + Segundo turno en Habilitado · mesa CNC + Expeditar Granallado y pintura (externo),0.495
M4 deriva del taller,18,2024-08-03,A4 fecha original + re-pronóstico 40 %,2024-10-28,2024-10-26,2024-10-28,2024-10-18,0,True,0.0,0.5233038112638624,0.5233038112638624,87,True,+2 persona(s) en Limpieza + Expeditar Granallado y pintura (externo),0.48333333333333334
M4 deriva del taller,18,2024-08-03,A5 sistema completo (α* + re-pronóstico 40 %),2024-10-28,2024-10-26,2024-11-14,2024-10-25,0,True,0.0,0.012428699340726624,0.012428699340726624,104,True,+1 persona(s) en Limpieza,0.9483333333333334
M4 deriva del taller,19,2024-01-11,A0 como se hizo,2024-03-07,2024-03-15,2024-03-07,2024-03-15,8,False,8.0,0.0,8.0,57,False,,0.046
M4 deriva del taller,19,2024-01-11,A1 DSS fecha α=0.80,2024-03-07,2024-03-15,2024-03-29,2024-03-15,0,True,0.0,0.0,0.0,79,False,,0.815
M4 deriva del taller,19,2024-01-11,A2 DSS fecha α*,2024-03-07,2024-03-15,2024-04-03,2024-03-15,0,True,0.0,0.0,0.0,84,False,,0.929
M4 deriva del taller,19,2024-01-11,A3 fecha original + gestión al inicio,2024-03-07,2024-03-15,2024-03-07,2024-03-06,0,True,0.0,0.639326967673571,0.639326967673571,57,True,+2 persona(s) en Armado + +2 persona(s) en Limpieza + Expeditar Granallado y pintura (externo),0.045
M4 deriva del taller,19,2024-01-11,A4 fecha original + re-pronóstico 40 %,2024-03-07,2024-03-15,2024-03-07,2024-03-07,0,True,0.0,0.7654316431412703,0.7654316431412703,57,True,+2 persona(s) en Limpieza + Expeditar Granallado y pintura (externo) + Horas extra en Despacho a obra,0.03333333333333333
M4 deriva del taller,19,2024-01-11,A5 sistema completo (α* + re-pronóstico 40 %),2024-03-07,2024-03-15,2024-04-03,2024-03-15,0,True,0.0,0.0,0.0,84,False,,0.99
M4 deriva del taller,20,2025-05-08,A0 como se hizo,2025-07-13,2025-07-13,2025-07-13,2025-07-13,0,True,0.0,0.0,0.0,67,False,,0.429
M4 deriva del taller,20,2025-05-08,A1 DSS fecha α=0.80,2025-07-13,2025-07-13,2025-07-23,2025-07-13,0,True,0.0,0.0,0.0,77,False,,0.823
M4 deriva del taller,20,2025-05-08,A2 DSS fecha α*,2025-07-13,2025-07-13,2025-07-30,2025-07-13,0,True,0.0,0.0,0.0,84,False,,0.939
M4 deriva del taller,20,2025-05-08,A3 fecha original + gestión al inicio,2025-07-13,2025-07-13,2025-07-13,2025-07-05,0,True,0.0,0.880011430427151,0.880011430427151,67,True,Segundo turno en Habilitado · sierra cinta + Segundo turno en Habilitado · mesa CNC + Expeditar Granallado y pintura (externo),0.38
M4 deriva del taller,20,2025-05-08,A4 fecha original + re-pronóstico 40 %,2025-07-13,2025-07-13,2025-07-13,2025-07-05,0,True,0.0,0.5,0.5,67,True,Expeditar Granallado y pintura (externo),0.24833333333333332
M4 deriva del taller,20,2025-05-08,A5 sistema completo (α* + re-pronóstico 40 %),2025-07-13,2025-07-13,2025-07-30,2025-07-12,0,True,0.0,0.0,0.0,84,False,,0.92
M4 deriva del taller,21,2025-09-20,A0 como se hizo,2025-12-11,2025-12-15,2025-12-11,2025-12-15,4,False,4.0,0.0,4.0,83,False,,0.083
M4 deriva del taller,21,2025-09-20,A1 DSS fecha α=0.80,2025-12-11,2025-12-15,2026-01-09,2025-12-15,0,True,0.0,0.0,0.0,112,False,,0.805
M4 deriva del taller,21,2025-09-20,A2 DSS fecha α*,2025-12-11,2025-12-15,2026-01-19,2025-12-15,0,True,0.0,0.0,0.0,122,False,,0.937
M4 deriva del taller,21,2025-09-20,A3 fecha original + gestión al inicio,2025-12-11,2025-12-15,2025-12-11,2025-11-28,0,True,0.0,0.7577579063827246,0.7577579063827246,83,True,Segundo turno en Habilitado · sierra cinta + +2 persona(s) en Limpieza + Expeditar Granallado y pintura (externo),0.07166666666666667
M4 deriva del taller,21,2025-09-20,A4 fecha original + re-pronóstico 40 %,2025-12-11,2025-12-15,2025-12-11,2025-12-05,0,True,0.0,0.6815484489567188,0.6815484489567188,83,True,+2 persona(s) en Limpieza + Expeditar Granallado y pintura (externo) + Horas extra en Despacho a obra,0.035
M4 deriva del taller,21,2025-09-20,A5 sistema completo (α* + re-pronóstico 40 %),2025-12-11,2025-12-15,2026-01-19,2025-12-15,0,True,0.0,0.0,0.0,122,False,,0.99
M4 deriva del taller,22,2025-07-03,A0 como se hizo,2025-09-03,2025-09-07,2025-09-03,2025-09-07,4,False,4.0,0.0,4.0,63,False,,0.195
M4 deriva del taller,22,2025-07-03,A1 DSS fecha α=0.80,2025-09-03,2025-09-07,2025-09-17,2025-09-07,0,True,0.0,0.0,0.0,77,False,,0.828
M4 deriva del taller,22,2025-07-03,A2 DSS fecha α*,2025-09-03,2025-09-07,2025-09-22,2025-09-07,0,True,0.0,0.0,0.0,82,False,,0.928
M4 deriva del taller,22,2025-07-03,A3 fecha original + gestión al inicio,2025-09-03,2025-09-07,2025-09-03,2025-09-02,0,True,0.0,0.782131313381998,0.782131313381998,63,True,Segundo turno en Habilitado · mesa CNC + +2 persona(s) en Limpieza + Expeditar Granallado y pintura (externo),0.19166666666666668
M4 deriva del taller,22,2025-07-03,A4 fecha original + re-pronóstico 40 %,2025-09-03,2025-09-07,2025-09-03,2025-09-01,0,True,0.0,0.6029088354696641,0.6029088354696641,63,True,+2 persona(s) en Soldeo + +2 persona(s) en Limpieza + Expeditar Granallado y pintura (externo),0.0033333333333333335
M4 deriva del taller,22,2025-07-03,A5 sistema completo (α* + re-pronóstico 40 %),2025-09-03,2025-09-07,2025-09-22,2025-09-03,0,True,0.0,0.5238188712119447,0.5238188712119447,82,True,+1 persona(s) en Limpieza + Expeditar Granallado y pintura (externo),0.7833333333333333
M4 deriva del taller,23,2026-08-05,A0 como se hizo,2026-09-25,2026-09-25,2026-09-25,2026-09-25,0,True,0.0,0.0,0.0,52,False,,0.282
M4 deriva del taller,23,2026-08-05,A1 DSS fecha α=0.80,2026-09-25,2026-09-25,2026-10-07,2026-09-25,0,True,0.0,0.0,0.0,64,False,,0.829
M4 deriva del taller,23,2026-08-05,A2 DSS fecha α*,2026-09-25,2026-09-25,2026-10-12,2026-09-25,0,True,0.0,0.0,0.0,69,False,,0.94
M4 deriva del taller,23,2026-08-05,A3 fecha original + gestión al inicio,2026-09-25,2026-09-25,2026-09-25,2026-09-19,0,True,0.0,0.5745567872690373,0.5745567872690373,52,True,+2 persona(s) en Soldeo + +2 persona(s) en Limpieza + Expeditar Granallado y pintura (externo),0.3
M4 deriva del taller,23,2026-08-05,A4 fecha original + re-pronóstico 40 %,2026-09-25,2026-09-25,2026-09-25,2026-09-19,0,True,0.0,0.5317067634204626,0.5317067634204626,52,True,+2 persona(s) en Limpieza + Expeditar Granallado y pintura (externo),0.28833333333333333
M4 deriva del taller,23,2026-08-05,A5 sistema completo (α* + re-pronóstico 40 %),2026-09-25,2026-09-25,2026-10-12,2026-09-25,0,True,0.0,0.0,0.0,69,False,,0.96
M4 deriva del taller,24,2026-02-17,A0 como se hizo,2026-05-15,2026-05-20,2026-05-15,2026-05-20,5,False,5.0,0.0,5.0,88,False,,0.285
M4 deriva del taller,24,2026-02-17,A1 DSS fecha α=0.80,2026-05-15,2026-05-20,2026-06-02,2026-05-20,0,True,0.0,0.0,0.0,106,False,,0.812
M4 deriva del taller,24,2026-02-17,A2 DSS fecha α*,2026-05-15,2026-05-20,2026-06-11,2026-05-20,0,True,0.0,0.0,0.0,115,False,,0.934
M4 deriva del taller,24,2026-02-17,A3 fecha original + gestión al inicio,2026-05-15,2026-05-20,2026-05-15,2026-05-09,0,True,0.0,0.9279600570613409,0.9279600570613409,88,True,Segundo turno en Habilitado · sierra cinta + Segundo turno en Habilitado · mesa CNC + Expeditar Granallado y pintura (externo),0.285
M4 deriva del taller,24,2026-02-17,A4 fecha original + re-pronóstico 40 %,2026-05-15,2026-05-20,2026-05-15,2026-05-09,0,True,0.0,0.5251147327197425,0.5251147327197425,88,True,+2 persona(s) en Limpieza + Expeditar Granallado y pintura (externo),0.44
M4 deriva del taller,24,2026-02-17,A5 sistema completo (α* + re-pronóstico 40 %),2026-05-15,2026-05-20,2026-06-11,2026-05-20,0,True,0.0,0.0,0.0,115,False,,0.99
M4 deriva del taller,25,2026-03-25,A0 como se hizo,2026-05-18,2026-05-17,2026-05-18,2026-05-17,0,True,0.0,0.0,0.0,55,False,,0.238
M4 deriva del taller,25,2026-03-25,A1 DSS fecha α=0.80,2026-05-18,2026-05-17,2026-05-30,2026-05-17,0,True,0.0,0.0,0.0,67,False,,0.833
M4 deriva del taller,25,2026-03-25,A2 DSS fecha α*,2026-05-18,2026-05-17,2026-06-05,2026-05-17,0,True,0.0,0.0,0.0,73,False,,0.934
M4 deriva del taller,25,2026-03-25,A3 fecha original + gestión al inicio,2026-05-18,2026-05-17,2026-05-18,2026-05-09,0,True,0.0,0.9783921674155135,0.9783921674155135,55,True,Segundo turno en Habilitado · sierra cinta + Segundo turno en Habilitado · mesa CNC + Expeditar Granallado y pintura (externo),0.24666666666666667
M4 deriva del taller,25,2026-03-25,A4 fecha original + re-pronóstico 40 %,2026-05-18,2026-05-17,2026-05-18,2026-05-11,0,True,0.0,0.5,0.5,55,True,Expeditar Granallado y pintura (externo),0.25666666666666665
M4 deriva del taller,25,2026-03-25,A5 sistema completo (α* + re-pronóstico 40 %),2026-05-18,2026-05-17,2026-06-05,2026-05-16,0,True,0.0,0.0,0.0,73,False,,0.9566666666666667
M5 disponibilidad baja,1,2021-02-20,A0 como se hizo,2021-05-13,2021-05-12,2021-05-13,2021-05-12,0,True,0.0,0.0,0.0,83,False,,0.113
M5 disponibilidad baja,1,2021-02-20,A1 DSS fecha α=0.80,2021-05-13,2021-05-12,2021-06-05,2021-05-12,0,True,0.0,0.0,0.0,106,False,,0.802
M5 disponibilidad baja,1,2021-02-20,A2 DSS fecha α*,2021-05-13,2021-05-12,2021-06-12,2021-05-12,0,True,0.0,0.0,0.0,113,False,,0.93
M5 disponibilidad baja,1,2021-02-20,A3 fecha original + gestión al inicio,2021-05-13,2021-05-12,2021-05-13,2021-05-04,0,True,0.0,1.0385332446410505,1.0385332446410505,83,True,Segundo turno en Habilitado · sierra cinta + Segundo turno en Habilitado · mesa CNC + Expeditar Granallado y pintura (externo),0.105
M5 disponibilidad baja,1,2021-02-20,A4 fecha original + re-pronóstico 40 %,2021-05-13,2021-05-12,2021-05-13,2021-05-04,0,True,0.0,0.5,0.5,83,True,Expeditar Granallado y pintura (externo),0.285
M5 disponibilidad baja,1,2021-02-20,A5 sistema completo (α* + re-pronóstico 40 %),2021-05-13,2021-05-12,2021-06-12,2021-05-12,0,True,0.0,0.0,0.0,113,False,,0.9733333333333334
M5 disponibilidad baja,2,2021-02-19,A0 como se hizo,2021-05-10,2021-05-10,2021-05-10,2021-05-10,0,True,0.0,0.0,0.0,81,False,,0.239
M5 disponibilidad baja,2,2021-02-19,A1 DSS fecha α=0.80,2021-05-10,2021-05-10,2021-05-25,2021-05-10,0,True,0.0,0.0,0.0,96,False,,0.824
M5 disponibilidad baja,2,2021-02-19,A2 DSS fecha α*,2021-05-10,2021-05-10,2021-06-01,2021-05-10,0,True,0.0,0.0,0.0,103,False,,0.934
M5 disponibilidad baja,2,2021-02-19,A3 fecha original + gestión al inicio,2021-05-10,2021-05-10,2021-05-10,2021-05-01,0,True,0.0,0.8549407091881109,0.8549407091881109,81,True,Segundo turno en Habilitado · sierra cinta + +2 persona(s) en Limpieza + Expeditar Granallado y pintura (externo),0.2783333333333333
M5 disponibilidad baja,2,2021-02-19,A4 fecha original + re-pronóstico 40 %,2021-05-10,2021-05-10,2021-05-10,2021-05-01,0,True,0.0,0.5319937014818688,0.5319937014818688,81,True,+2 persona(s) en Limpieza + Expeditar Granallado y pintura (externo),0.21333333333333335
M5 disponibilidad baja,2,2021-02-19,A5 sistema completo (α* + re-pronóstico 40 %),2021-05-10,2021-05-10,2021-06-01,2021-05-08,0,True,0.0,0.031993701481868704,0.031993701481868704,103,True,+2 persona(s) en Limpieza,0.955
M5 disponibilidad baja,3,2021-09-04,A0 como se hizo,2021-11-17,2021-11-16,2021-11-17,2021-11-16,0,True,0.0,0.0,0.0,75,False,,0.425
M5 disponibilidad baja,3,2021-09-04,A1 DSS fecha α=0.80,2021-11-17,2021-11-16,2021-11-26,2021-11-16,0,True,0.0,0.0,0.0,84,False,,0.808
M5 disponibilidad baja,3,2021-09-04,A2 DSS fecha α*,2021-11-17,2021-11-16,2021-12-03,2021-11-16,0,True,0.0,0.0,0.0,91,False,,0.938
M5 disponibilidad baja,3,2021-09-04,A3 fecha original + gestión al inicio,2021-11-17,2021-11-16,2021-11-17,2021-11-10,0,True,0.0,0.6968045907560398,0.6968045907560398,75,True,Segundo turno en Habilitado · mesa CNC + +2 persona(s) en Limpieza + Expeditar Granallado y pintura (externo),0.38166666666666665
M5 disponibilidad baja,3,2021-09-04,A4 fecha original + re-pronóstico 40 %,2021-11-17,2021-11-16,2021-11-17,2021-11-10,0,True,0.0,0.5842830247441887,0.5842830247441887,75,True,+2 persona(s) en Soldeo + +2 persona(s) en Limpieza + Expeditar Granallado y pintura (externo),0.12666666666666668
M5 disponibilidad baja,3,2021-09-04,A5 sistema completo (α* + re-pronóstico 40 %),2021-11-17,2021-11-16,2021-12-03,2021-11-11,0,True,0.0,0.5,0.5,91,True,Expeditar Granallado y pintura (externo),0.8533333333333334
M5 disponibilidad baja,4,2022-02-02,A0 como se hizo,2022-04-06,2022-04-06,2022-04-06,2022-04-06,0,True,0.0,0.0,0.0,64,False,,0.241
M5 disponibilidad baja,4,2022-02-02,A1 DSS fecha α=0.80,2022-04-06,2022-04-06,2022-04-19,2022-04-06,0,True,0.0,0.0,0.0,77,False,,0.807
M5 disponibilidad baja,4,2022-02-02,A2 DSS fecha α*,2022-04-06,2022-04-06,2022-04-25,2022-04-06,0,True,0.0,0.0,0.0,83,False,,0.93
M5 disponibilidad baja,4,2022-02-02,A3 fecha original + gestión al inicio,2022-04-06,2022-04-06,2022-04-06,2022-04-01,0,True,0.0,1.0497356367134347,1.0497356367134347,64,True,Segundo turno en Habilitado · sierra cinta + Segundo turno en Habilitado · mesa CNC + Expeditar Granallado y pintura (externo),0.21166666666666667
M5 disponibilidad baja,4,2022-02-02,A4 fecha original + re-pronóstico 40 %,2022-04-06,2022-04-06,2022-04-06,2022-04-01,0,True,0.0,0.5434969109517981,0.5434969109517981,64,True,+2 persona(s) en Soldeo + +2 persona(s) en Limpieza + Expeditar Granallado y pintura (externo),0.07
M5 disponibilidad baja,4,2022-02-02,A5 sistema completo (α* + re-pronóstico 40 %),2022-04-06,2022-04-06,2022-04-25,2022-04-01,0,True,0.0,0.5,0.5,83,True,Expeditar Granallado y pintura (externo),0.8633333333333333
M5 disponibilidad baja,5,2022-01-03,A0 como se hizo,2022-03-15,2022-03-15,2022-03-15,2022-03-15,0,True,0.0,0.0,0.0,72,False,,0.328
M5 disponibilidad baja,5,2022-01-03,A1 DSS fecha α=0.80,2022-03-15,2022-03-15,2022-03-26,2022-03-15,0,True,0.0,0.0,0.0,83,False,,0.802
M5 disponibilidad baja,5,2022-01-03,A2 DSS fecha α*,2022-03-15,2022-03-15,2022-04-02,2022-03-15,0,True,0.0,0.0,0.0,90,False,,0.933
M5 disponibilidad baja,5,2022-01-03,A3 fecha original + gestión al inicio,2022-03-15,2022-03-15,2022-03-15,2022-03-03,0,True,0.0,0.9683493189249568,0.9683493189249568,72,True,Segundo turno en Habilitado · sierra cinta + Segundo turno en Habilitado · mesa CNC + Expeditar Granallado y pintura (externo),0.35833333333333334
M5 disponibilidad baja,5,2022-01-03,A4 fecha original + re-pronóstico 40 %,2022-03-15,2022-03-15,2022-03-15,2022-03-09,0,True,0.0,0.5158066882397282,0.5158066882397282,72,True,+2 persona(s) en Limpieza + Expeditar Granallado y pintura (externo),0.135
M5 disponibilidad baja,5,2022-01-03,A5 sistema completo (α* + re-pronóstico 40 %),2022-03-15,2022-03-15,2022-04-02,2022-03-09,0,True,0.0,0.5,0.5,90,True,Expeditar Granallado y pintura (externo),0.8583333333333333
M5 disponibilidad baja,6,2022-01-07,A0 como se hizo,2022-03-08,2022-03-13,2022-03-08,2022-03-13,5,False,5.0,0.0,5.0,61,False,,0.053
M5 disponibilidad baja,6,2022-01-07,A1 DSS fecha α=0.80,2022-03-08,2022-03-13,2022-03-24,2022-03-13,0,True,0.0,0.0,0.0,77,False,,0.817
M5 disponibilidad baja,6,2022-01-07,A2 DSS fecha α*,2022-03-08,2022-03-13,2022-03-30,2022-03-13,0,True,0.0,0.0,0.0,83,False,,0.939
M5 disponibilidad baja,6,2022-01-07,A3 fecha original + gestión al inicio,2022-03-08,2022-03-13,2022-03-08,2022-03-05,0,True,0.0,0.6176368106726113,0.6176368106726113,61,True,+2 persona(s) en Armado + +2 persona(s) en Limpieza + Expeditar Granallado y pintura (externo),0.043333333333333335
M5 disponibilidad baja,6,2022-01-07,A4 fecha original + re-pronóstico 40 %,2022-03-08,2022-03-13,2022-03-08,2022-03-05,0,True,0.0,0.6288315067747531,0.6288315067747531,61,True,+2 persona(s) en Soldeo + +2 persona(s) en Limpieza + Expeditar Granallado y pintura (externo),0.0016666666666666668
M5 disponibilidad baja,6,2022-01-07,A5 sistema completo (α* + re-pronóstico 40 %),2022-03-08,2022-03-13,2022-03-30,2022-03-09,0,True,0.0,0.19734131205819636,0.19734131205819636,83,True,+2 persona(s) en Armado + +2 persona(s) en Soldeo + +2 persona(s) en Limpieza,0.8283333333333334
M5 disponibilidad baja,7,2022-03-22,A0 como se hizo,2022-05-21,2022-05-21,2022-05-21,2022-05-21,0,True,0.0,0.0,0.0,61,False,,0.364
M5 disponibilidad baja,7,2022-03-22,A1 DSS fecha α=0.80,2022-05-21,2022-05-21,2022-05-31,2022-05-21,0,True,0.0,0.0,0.0,71,False,,0.813
M5 disponibilidad baja,7,2022-03-22,A2 DSS fecha α*,2022-05-21,2022-05-21,2022-06-06,2022-05-21,0,True,0.0,0.0,0.0,77,False,,0.939
M5 disponibilidad baja,7,2022-03-22,A3 fecha original + gestión al inicio,2022-05-21,2022-05-21,2022-05-21,2022-05-17,0,True,0.0,0.7208460393520457,0.7208460393520457,61,True,+2 persona(s) en Limpieza + Horas extra en Despacho a pintura + Expeditar Granallado y pintura (externo),0.385
M5 disponibilidad baja,7,2022-03-22,A4 fecha original + re-pronóstico 40 %,2022-05-21,2022-05-21,2022-05-21,2022-05-17,0,True,0.0,0.7208460393520457,0.7208460393520457,61,True,+2 persona(s) en Limpieza + Horas extra en Despacho a pintura + Expeditar Granallado y pintura (externo),0.10166666666666667
M5 disponibilidad baja,7,2022-03-22,A5 sistema completo (α* + re-pronóstico 40 %),2022-05-21,2022-05-21,2022-06-06,2022-05-17,0,True,0.0,0.5,0.5,77,True,Expeditar Granallado y pintura (externo),0.8366666666666667
M5 disponibilidad baja,8,2023-02-14,A0 como se hizo,2023-04-24,2023-04-22,2023-04-24,2023-04-22,0,True,0.0,0.0,0.0,70,False,,0.149
M5 disponibilidad baja,8,2023-02-14,A1 DSS fecha α=0.80,2023-04-24,2023-04-22,2023-05-11,2023-04-22,0,True,0.0,0.0,0.0,87,False,,0.816
M5 disponibilidad baja,8,2023-02-14,A2 DSS fecha α*,2023-04-24,2023-04-22,2023-05-17,2023-04-22,0,True,0.0,0.0,0.0,93,False,,0.927
M5 disponibilidad baja,8,2023-02-14,A3 fecha original + gestión al inicio,2023-04-24,2023-04-22,2023-04-24,2023-04-12,0,True,0.0,1.0631053382386066,1.0631053382386066,70,True,Segundo turno en Habilitado · sierra cinta + Segundo turno en Habilitado · mesa CNC + Expeditar Granallado y pintura (externo),0.14333333333333334
M5 disponibilidad baja,8,2023-02-14,A4 fecha original + re-pronóstico 40 %,2023-04-24,2023-04-22,2023-04-24,2023-04-15,0,True,0.0,0.6335184425225783,0.6335184425225783,70,True,+2 persona(s) en Limpieza + Expeditar Granallado y pintura (externo) + Horas extra en Despacho a obra,0.27
M5 disponibilidad baja,8,2023-02-14,A5 sistema completo (α* + re-pronóstico 40 %),2023-04-24,2023-04-22,2023-05-17,2023-04-22,0,True,0.0,0.0,0.0,93,False,,0.99
M5 disponibilidad baja,9,2023-05-18,A0 como se hizo,2023-07-18,2023-07-16,2023-07-18,2023-07-16,0,True,0.0,0.0,0.0,62,False,,0.398
M5 disponibilidad baja,9,2023-05-18,A1 DSS fecha α=0.80,2023-07-18,2023-07-16,2023-07-27,2023-07-16,0,True,0.0,0.0,0.0,71,False,,0.822
M5 disponibilidad baja,9,2023-05-18,A2 DSS fecha α*,2023-07-18,2023-07-16,2023-08-01,2023-07-16,0,True,0.0,0.0,0.0,76,False,,0.929
M5 disponibilidad baja,9,2023-05-18,A3 fecha original + gestión al inicio,2023-07-18,2023-07-16,2023-07-18,2023-07-10,0,True,0.0,0.8349602832806967,0.8349602832806967,62,True,Segundo turno en Habilitado · sierra cinta + Segundo turno en Habilitado · mesa CNC + Expeditar Granallado y pintura (externo),0.42333333333333334
M5 disponibilidad baja,9,2023-05-18,A4 fecha original + re-pronóstico 40 %,2023-07-18,2023-07-16,2023-07-18,2023-07-11,0,True,0.0,0.5318460581734505,0.5318460581734505,62,True,+2 persona(s) en Limpieza + Expeditar Granallado y pintura (externo),0.415
M5 disponibilidad baja,9,2023-05-18,A5 sistema completo (α* + re-pronóstico 40 %),2023-07-18,2023-07-16,2023-08-01,2023-07-15,0,True,0.0,0.017249948177285698,0.017249948177285698,76,True,+1 persona(s) en Limpieza,0.96
M5 disponibilidad baja,10,2023-08-11,A0 como se hizo,2023-10-01,2023-10-01,2023-10-01,2023-10-01,0,True,0.0,0.0,0.0,52,False,,0.22
M5 disponibilidad baja,10,2023-08-11,A1 DSS fecha α=0.80,2023-10-01,2023-10-01,2023-10-11,2023-10-01,0,True,0.0,0.0,0.0,62,False,,0.808
M5 disponibilidad baja,10,2023-08-11,A2 DSS fecha α*,2023-10-01,2023-10-01,2023-10-16,2023-10-01,0,True,0.0,0.0,0.0,67,False,,0.938
M5 disponibilidad baja,10,2023-08-11,A3 fecha original + gestión al inicio,2023-10-01,2023-10-01,2023-10-01,2023-09-25,0,True,0.0,0.5955538275163892,0.5955538275163892,52,True,+2 persona(s) en Armado + +2 persona(s) en Limpieza + Expeditar Granallado y pintura (externo),0.24
M5 disponibilidad baja,10,2023-08-11,A4 fecha original + re-pronóstico 40 %,2023-10-01,2023-10-01,2023-10-01,2023-09-25,0,True,0.0,0.5449425061555218,0.5449425061555218,52,True,+2 persona(s) en Limpieza + Expeditar Granallado y pintura (externo),0.21
M5 disponibilidad baja,10,2023-08-11,A5 sistema completo (α* + re-pronóstico 40 %),2023-10-01,2023-10-01,2023-10-16,2023-09-30,0,True,0.0,0.0,0.0,67,False,,0.9583333333333334
M5 disponibilidad baja,11,2023-06-02,A0 como se hizo,2023-07-18,2023-07-18,2023-07-18,2023-07-18,0,True,0.0,0.0,0.0,47,False,,0.251
M5 disponibilidad baja,11,2023-06-02,A1 DSS fecha α=0.80,2023-07-18,2023-07-18,2023-07-26,2023-07-18,0,True,0.0,0.0,0.0,55,False,,0.803
M5 disponibilidad baja,11,2023-06-02,A2 DSS fecha α*,2023-07-18,2023-07-18,2023-07-31,2023-07-18,0,True,0.0,0.0,0.0,60,False,,0.945
M5 disponibilidad baja,11,2023-06-02,A3 fecha original + gestión al inicio,2023-07-18,2023-07-18,2023-07-18,2023-07-13,0,True,0.0,0.6417213871259757,0.6417213871259757,47,True,+2 persona(s) en Armado + +2 persona(s) en Limpieza + Expeditar Granallado y pintura (externo),0.24666666666666667
M5 disponibilidad baja,11,2023-06-02,A4 fecha original + re-pronóstico 40 %,2023-07-18,2023-07-18,2023-07-18,2023-07-13,0,True,0.0,0.5680524463347711,0.5680524463347711,47,True,+2 persona(s) en Limpieza + Expeditar Granallado y pintura (externo),0.2
M5 disponibilidad baja,11,2023-06-02,A5 sistema completo (α* + re-pronóstico 40 %),2023-07-18,2023-07-18,2023-07-31,2023-07-18,0,True,0.0,0.0,0.0,60,False,,0.975
M5 disponibilidad baja,12,2023-08-13,A0 como se hizo,2023-10-17,2023-10-21,2023-10-17,2023-10-21,4,False,4.0,0.0,4.0,66,False,,0.042
M5 disponibilidad baja,12,2023-08-13,A1 DSS fecha α=0.80,2023-10-17,2023-10-21,2023-11-08,2023-10-21,0,True,0.0,0.0,0.0,88,False,,0.811
M5 disponibilidad baja,12,2023-08-13,A2 DSS fecha α*,2023-10-17,2023-10-21,2023-11-14,2023-10-21,0,True,0.0,0.0,0.0,94,False,,0.935
M5 disponibilidad baja,12,2023-08-13,A3 fecha original + gestión al inicio,2023-10-17,2023-10-21,2023-10-17,2023-10-14,0,True,0.0,0.8194259164752618,0.8194259164752618,66,True,Segundo turno en Habilitado · sierra cinta + +2 persona(s) en Limpieza + Expeditar Granallado y pintura (externo),0.05
M5 disponibilidad baja,12,2023-08-13,A4 fecha original + re-pronóstico 40 %,2023-10-17,2023-10-21,2023-10-17,2023-10-16,0,True,0.0,0.6036955551117258,0.6036955551117258,66,True,+2 persona(s) en Soldeo + +2 persona(s) en Limpieza + Expeditar Granallado y pintura (externo),0.011666666666666667
M5 disponibilidad baja,12,2023-08-13,A5 sistema completo (α* + re-pronóstico 40 %),2023-10-17,2023-10-21,2023-11-14,2023-10-20,0,True,0.0,0.024431823864754156,0.024431823864754156,94,True,+1 persona(s) en Limpieza,0.96
M5 disponibilidad baja,13,2023-02-03,A0 como se hizo,2023-04-09,2023-04-07,2023-04-09,2023-04-07,0,True,0.0,0.0,0.0,66,False,,0.232
M5 disponibilidad baja,13,2023-02-03,A1 DSS fecha α=0.80,2023-04-09,2023-04-07,2023-04-21,2023-04-07,0,True,0.0,0.0,0.0,78,False,,0.817
M5 disponibilidad baja,13,2023-02-03,A2 DSS fecha α*,2023-04-09,2023-04-07,2023-04-26,2023-04-07,0,True,0.0,0.0,0.0,83,False,,0.931
M5 disponibilidad baja,13,2023-02-03,A3 fecha original + gestión al inicio,2023-04-09,2023-04-07,2023-04-09,2023-03-31,0,True,0.0,0.6999192286106531,0.6999192286106531,66,True,Segundo turno en Habilitado · mesa CNC + +2 persona(s) en Limpieza + Expeditar Granallado y pintura (externo),0.28833333333333333
M5 disponibilidad baja,13,2023-02-03,A4 fecha original + re-pronóstico 40 %,2023-04-09,2023-04-07,2023-04-09,2023-03-31,0,True,0.0,0.5337211481984818,0.5337211481984818,66,True,+2 persona(s) en Limpieza + Expeditar Granallado y pintura (externo),0.34833333333333333
M5 disponibilidad baja,13,2023-02-03,A5 sistema completo (α* + re-pronóstico 40 %),2023-04-09,2023-04-07,2023-04-26,2023-04-07,0,True,0.0,0.0,0.0,83,False,,0.9716666666666667
M5 disponibilidad baja,14,2023-08-04,A0 como se hizo,2023-10-04,2023-10-04,2023-10-04,2023-10-04,0,True,0.0,0.0,0.0,62,False,,0.302
M5 disponibilidad baja,14,2023-08-04,A1 DSS fecha α=0.80,2023-10-04,2023-10-04,2023-10-16,2023-10-04,0,True,0.0,0.0,0.0,74,False,,0.818
M5 disponibilidad baja,14,2023-08-04,A2 DSS fecha α*,2023-10-04,2023-10-04,2023-10-21,2023-10-04,0,True,0.0,0.0,0.0,79,False,,0.936
M5 disponibilidad baja,14,2023-08-04,A3 fecha original + gestión al inicio,2023-10-04,2023-10-04,2023-10-04,2023-09-26,0,True,0.0,0.9988579893478853,0.9988579893478853,62,True,Segundo turno en Habilitado · sierra cinta + Segundo turno en Habilitado · mesa CNC + Expeditar Granallado y pintura (externo),0.31666666666666665
M5 disponibilidad baja,14,2023-08-04,A4 fecha original + re-pronóstico 40 %,2023-10-04,2023-10-04,2023-10-04,2023-09-28,0,True,0.0,0.534799862444907,0.534799862444907,62,True,+2 persona(s) en Limpieza + Expeditar Granallado y pintura (externo),0.37666666666666665
M5 disponibilidad baja,14,2023-08-04,A5 sistema completo (α* + re-pronóstico 40 %),2023-10-04,2023-10-04,2023-10-21,2023-10-04,0,True,0.0,0.0,0.0,79,False,,0.9616666666666667
M5 disponibilidad baja,15,2023-09-23,A0 como se hizo,2023-12-07,2023-12-05,2023-12-07,2023-12-05,0,True,0.0,0.0,0.0,76,False,,0.428
M5 disponibilidad baja,15,2023-09-23,A1 DSS fecha α=0.80,2023-12-07,2023-12-05,2023-12-18,2023-12-05,0,True,0.0,0.0,0.0,87,False,,0.83
M5 disponibilidad baja,15,2023-09-23,A2 DSS fecha α*,2023-12-07,2023-12-05,2023-12-23,2023-12-05,0,True,0.0,0.0,0.0,92,False,,0.931
M5 disponibilidad baja,15,2023-09-23,A3 fecha original + gestión al inicio,2023-12-07,2023-12-05,2023-12-07,2023-11-28,0,True,0.0,0.577451325227111,0.577451325227111,76,True,+2 persona(s) en Armado + +2 persona(s) en Limpieza + Expeditar Granallado y pintura (externo),0.4116666666666667
M5 disponibilidad baja,15,2023-09-23,A4 fecha original + re-pronóstico 40 %,2023-12-07,2023-12-05,2023-12-07,2023-11-28,0,True,0.0,0.5368848992125765,0.5368848992125765,76,True,+2 persona(s) en Limpieza + Expeditar Granallado y pintura (externo),0.3233333333333333
M5 disponibilidad baja,15,2023-09-23,A5 sistema completo (α* + re-pronóstico 40 %),2023-12-07,2023-12-05,2023-12-23,2023-12-04,0,True,0.0,0.03688489921257649,0.03688489921257649,92,True,+2 persona(s) en Limpieza,0.9383333333333334
M5 disponibilidad baja,16,2024-06-09,A0 como se hizo,2024-08-04,2024-08-02,2024-08-04,2024-08-02,0,True,0.0,0.0,0.0,57,False,,0.533
M5 disponibilidad baja,16,2024-06-09,A1 DSS fecha α=0.80,2024-08-04,2024-08-02,2024-08-10,2024-08-02,0,True,0.0,0.0,0.0,63,False,,0.846
M5 disponibilidad baja,16,2024-06-09,A2 DSS fecha α*,2024-08-04,2024-08-02,2024-08-14,2024-08-02,0,True,0.0,0.0,0.0,67,False,,0.933
M5 disponibilidad baja,16,2024-06-09,A3 fecha original + gestión al inicio,2024-08-04,2024-08-02,2024-08-04,2024-07-27,0,True,0.0,0.5333527450652197,0.5333527450652197,57,True,+2 persona(s) en Limpieza + Expeditar Granallado y pintura (externo),0.5716666666666667
M5 disponibilidad baja,16,2024-06-09,A4 fecha original + re-pronóstico 40 %,2024-08-04,2024-08-02,2024-08-04,2024-07-29,0,True,0.0,0.5333527450652197,0.5333527450652197,57,True,+2 persona(s) en Limpieza + Expeditar Granallado y pintura (externo),0.565
M5 disponibilidad baja,16,2024-06-09,A5 sistema completo (α* + re-pronóstico 40 %),2024-08-04,2024-08-02,2024-08-14,2024-08-02,0,True,0.0,0.0,0.0,67,False,,0.96
M5 disponibilidad baja,17,2024-04-10,A0 como se hizo,2024-06-06,2024-06-06,2024-06-06,2024-06-06,0,True,0.0,0.0,0.0,58,False,,0.338
M5 disponibilidad baja,17,2024-04-10,A1 DSS fecha α=0.80,2024-06-06,2024-06-06,2024-06-15,2024-06-06,0,True,0.0,0.0,0.0,67,False,,0.829
M5 disponibilidad baja,17,2024-04-10,A2 DSS fecha α*,2024-06-06,2024-06-06,2024-06-20,2024-06-06,0,True,0.0,0.0,0.0,72,False,,0.941
M5 disponibilidad baja,17,2024-04-10,A3 fecha original + gestión al inicio,2024-06-06,2024-06-06,2024-06-06,2024-05-31,0,True,0.0,0.621555432725112,0.621555432725112,58,True,+2 persona(s) en Soldeo + +2 persona(s) en Limpieza + Expeditar Granallado y pintura (externo),0.35
M5 disponibilidad baja,17,2024-04-10,A4 fecha original + re-pronóstico 40 %,2024-06-06,2024-06-06,2024-06-06,2024-05-31,0,True,0.0,0.621555432725112,0.621555432725112,58,True,+2 persona(s) en Soldeo + +2 persona(s) en Limpieza + Expeditar Granallado y pintura (externo),0.08833333333333333
M5 disponibilidad baja,17,2024-04-10,A5 sistema completo (α* + re-pronóstico 40 %),2024-06-06,2024-06-06,2024-06-20,2024-06-04,0,True,0.0,0.047748771731128424,0.047748771731128424,72,True,+2 persona(s) en Limpieza,0.8516666666666667
M5 disponibilidad baja,18,2024-08-03,A0 como se hizo,2024-10-28,2024-10-26,2024-10-28,2024-10-26,0,True,0.0,0.0,0.0,87,False,,0.405
M5 disponibilidad baja,18,2024-08-03,A1 DSS fecha α=0.80,2024-10-28,2024-10-26,2024-11-08,2024-10-26,0,True,0.0,0.0,0.0,98,False,,0.803
M5 disponibilidad baja,18,2024-08-03,A2 DSS fecha α*,2024-10-28,2024-10-26,2024-11-16,2024-10-26,0,True,0.0,0.0,0.0,106,False,,0.93
M5 disponibilidad baja,18,2024-08-03,A3 fecha original + gestión al inicio,2024-10-28,2024-10-26,2024-10-28,2024-10-18,0,True,0.0,0.6431914855292833,0.6431914855292833,87,True,Segundo turno en Habilitado · mesa CNC + +2 persona(s) en Limpieza + Expeditar Granallado y pintura (externo),0.38
M5 disponibilidad baja,18,2024-08-03,A4 fecha original + re-pronóstico 40 %,2024-10-28,2024-10-26,2024-10-28,2024-10-18,0,True,0.0,0.5229779863547493,0.5229779863547493,87,True,+2 persona(s) en Limpieza + Expeditar Granallado y pintura (externo),0.37166666666666665
M5 disponibilidad baja,18,2024-08-03,A5 sistema completo (α* + re-pronóstico 40 %),2024-10-28,2024-10-26,2024-11-16,2024-10-26,0,True,0.0,0.01225492605586632,0.01225492605586632,106,True,+1 persona(s) en Limpieza,0.9483333333333334
M5 disponibilidad baja,19,2024-01-11,A0 como se hizo,2024-03-07,2024-03-15,2024-03-07,2024-03-15,8,False,8.0,0.0,8.0,57,False,,0.073
M5 disponibilidad baja,19,2024-01-11,A1 DSS fecha α=0.80,2024-03-07,2024-03-15,2024-03-25,2024-03-15,0,True,0.0,0.0,0.0,75,False,,0.823
M5 disponibilidad baja,19,2024-01-11,A2 DSS fecha α*,2024-03-07,2024-03-15,2024-03-29,2024-03-15,0,True,0.0,0.0,0.0,79,False,,0.934
M5 disponibilidad baja,19,2024-01-11,A3 fecha original + gestión al inicio,2024-03-07,2024-03-15,2024-03-07,2024-03-06,0,True,0.0,0.6343735545117913,0.6343735545117913,57,True,+2 persona(s) en Soldeo + +2 persona(s) en Limpieza + Expeditar Granallado y pintura (externo),0.07333333333333333
M5 disponibilidad baja,19,2024-01-11,A4 fecha original + re-pronóstico 40 %,2024-03-07,2024-03-15,2024-03-07,2024-03-07,0,True,0.0,0.6886015337363169,0.6886015337363169,57,True,+2 persona(s) en Limpieza + Expeditar Granallado y pintura (externo) + Horas extra en Despacho a obra,0.08833333333333333
M5 disponibilidad baja,19,2024-01-11,A5 sistema completo (α* + re-pronóstico 40 %),2024-03-07,2024-03-15,2024-03-29,2024-03-15,0,True,0.0,0.0,0.0,79,False,,0.9833333333333333
M5 disponibilidad baja,20,2025-05-08,A0 como se hizo,2025-07-13,2025-07-13,2025-07-13,2025-07-13,0,True,0.0,0.0,0.0,67,False,,0.248
M5 disponibilidad baja,20,2025-05-08,A1 DSS fecha α=0.80,2025-07-13,2025-07-13,2025-07-26,2025-07-13,0,True,0.0,0.0,0.0,80,False,,0.813
M5 disponibilidad baja,20,2025-05-08,A2 DSS fecha α*,2025-07-13,2025-07-13,2025-08-02,2025-07-13,0,True,0.0,0.0,0.0,87,False,,0.933
M5 disponibilidad baja,20,2025-05-08,A3 fecha original + gestión al inicio,2025-07-13,2025-07-13,2025-07-13,2025-07-04,0,True,0.0,1.0066819072362012,1.0066819072362012,67,True,Segundo turno en Habilitado · sierra cinta + Segundo turno en Habilitado · mesa CNC + Expeditar Granallado y pintura (externo),0.185
M5 disponibilidad baja,20,2025-05-08,A4 fecha original + re-pronóstico 40 %,2025-07-13,2025-07-13,2025-07-13,2025-07-05,0,True,0.0,0.5,0.5,67,True,Expeditar Granallado y pintura (externo),0.5033333333333333
M5 disponibilidad baja,20,2025-05-08,A5 sistema completo (α* + re-pronóstico 40 %),2025-07-13,2025-07-13,2025-08-02,2025-07-12,0,True,0.0,0.0,0.0,87,False,,0.9866666666666667
M5 disponibilidad baja,21,2025-09-20,A0 como se hizo,2025-12-11,2025-12-15,2025-12-11,2025-12-15,4,False,4.0,0.0,4.0,83,False,,0.155
M5 disponibilidad baja,21,2025-09-20,A1 DSS fecha α=0.80,2025-12-11,2025-12-15,2025-12-31,2025-12-15,0,True,0.0,0.0,0.0,103,False,,0.816
M5 disponibilidad baja,21,2025-09-20,A2 DSS fecha α*,2025-12-11,2025-12-15,2026-01-08,2025-12-15,0,True,0.0,0.0,0.0,111,False,,0.935
M5 disponibilidad baja,21,2025-09-20,A3 fecha original + gestión al inicio,2025-12-11,2025-12-15,2025-12-11,2025-12-05,0,True,0.0,1.0182243104968391,1.0182243104968391,83,True,Segundo turno en Habilitado · sierra cinta + Segundo turno en Habilitado · mesa CNC + Expeditar Granallado y pintura (externo),0.12833333333333333
M5 disponibilidad baja,21,2025-09-20,A4 fecha original + re-pronóstico 40 %,2025-12-11,2025-12-15,2025-12-11,2025-12-06,0,True,0.0,0.6736512226277689,0.6736512226277689,83,True,+2 persona(s) en Limpieza + Expeditar Granallado y pintura (externo) + Horas extra en Despacho a obra,0.135
M5 disponibilidad baja,21,2025-09-20,A5 sistema completo (α* + re-pronóstico 40 %),2025-12-11,2025-12-15,2026-01-08,2025-12-15,0,True,0.0,0.020060809593527164,0.020060809593527164,111,True,+1 persona(s) en Limpieza,0.9733333333333334
M5 disponibilidad baja,22,2025-07-03,A0 como se hizo,2025-09-03,2025-09-07,2025-09-03,2025-09-07,4,False,4.0,0.0,4.0,63,False,,0.315
M5 disponibilidad baja,22,2025-07-03,A1 DSS fecha α=0.80,2025-09-03,2025-09-07,2025-09-15,2025-09-07,0,True,0.0,0.0,0.0,75,False,,0.825
M5 disponibilidad baja,22,2025-07-03,A2 DSS fecha α*,2025-09-03,2025-09-07,2025-09-19,2025-09-07,0,True,0.0,0.0,0.0,79,False,,0.933
M5 disponibilidad baja,22,2025-07-03,A3 fecha original + gestión al inicio,2025-09-03,2025-09-07,2025-09-03,2025-08-30,0,True,0.0,0.589052714306667,0.589052714306667,63,True,+2 persona(s) en Soldeo + +2 persona(s) en Limpieza + Expeditar Granallado y pintura (externo),0.3016666666666667
M5 disponibilidad baja,22,2025-07-03,A4 fecha original + re-pronóstico 40 %,2025-09-03,2025-09-07,2025-09-03,2025-09-01,0,True,0.0,0.5373565850500535,0.5373565850500535,63,True,+2 persona(s) en Limpieza + Expeditar Granallado y pintura (externo),0.37333333333333335
M5 disponibilidad baja,22,2025-07-03,A5 sistema completo (α* + re-pronóstico 40 %),2025-09-03,2025-09-07,2025-09-19,2025-09-06,0,True,0.0,0.0,0.0,79,False,,0.975
M5 disponibilidad baja,23,2026-08-05,A0 como se hizo,2026-09-25,2026-09-25,2026-09-25,2026-09-25,0,True,0.0,0.0,0.0,52,False,,0.239
M5 disponibilidad baja,23,2026-08-05,A1 DSS fecha α=0.80,2026-09-25,2026-09-25,2026-10-07,2026-09-25,0,True,0.0,0.0,0.0,64,False,,0.8
M5 disponibilidad baja,23,2026-08-05,A2 DSS fecha α*,2026-09-25,2026-09-25,2026-10-13,2026-09-25,0,True,0.0,0.0,0.0,70,False,,0.942
M5 disponibilidad baja,23,2026-08-05,A3 fecha original + gestión al inicio,2026-09-25,2026-09-25,2026-09-25,2026-09-19,0,True,0.0,0.9132207011764983,0.9132207011764983,52,True,Segundo turno en Habilitado · sierra cinta + Segundo turno en Habilitado · cizalla-punzonadora + Expeditar Granallado y pintura (externo),0.26666666666666666
M5 disponibilidad baja,23,2026-08-05,A4 fecha original + re-pronóstico 40 %,2026-09-25,2026-09-25,2026-09-25,2026-09-19,0,True,0.0,0.5306945977947176,0.5306945977947176,52,True,+2 persona(s) en Limpieza + Expeditar Granallado y pintura (externo),0.095
M5 disponibilidad baja,23,2026-08-05,A5 sistema completo (α* + re-pronóstico 40 %),2026-09-25,2026-09-25,2026-10-13,2026-09-25,0,True,0.0,0.0,0.0,70,False,,0.9333333333333333
M5 disponibilidad baja,24,2026-02-17,A0 como se hizo,2026-05-15,2026-05-20,2026-05-15,2026-05-20,5,False,5.0,0.0,5.0,88,False,,0.306
M5 disponibilidad baja,24,2026-02-17,A1 DSS fecha α=0.80,2026-05-15,2026-05-20,2026-05-30,2026-05-20,0,True,0.0,0.0,0.0,103,False,,0.827
M5 disponibilidad baja,24,2026-02-17,A2 DSS fecha α*,2026-05-15,2026-05-20,2026-06-05,2026-05-20,0,True,0.0,0.0,0.0,109,False,,0.93
M5 disponibilidad baja,24,2026-02-17,A3 fecha original + gestión al inicio,2026-05-15,2026-05-20,2026-05-15,2026-05-07,0,True,0.0,1.0349500713266762,1.0349500713266762,88,True,Segundo turno en Habilitado · sierra cinta + Segundo turno en Habilitado · mesa CNC + Expeditar Granallado y pintura (externo),0.325
M5 disponibilidad baja,24,2026-02-17,A4 fecha original + re-pronóstico 40 %,2026-05-15,2026-05-20,2026-05-15,2026-05-11,0,True,0.0,0.5,0.5,88,True,Expeditar Granallado y pintura (externo),0.5683333333333334
M5 disponibilidad baja,24,2026-02-17,A5 sistema completo (α* + re-pronóstico 40 %),2026-05-15,2026-05-20,2026-06-05,2026-05-20,0,True,0.0,0.0,0.0,109,False,,0.9866666666666667
M5 disponibilidad baja,25,2026-03-25,A0 como se hizo,2026-05-18,2026-05-17,2026-05-18,2026-05-17,0,True,0.0,0.0,0.0,55,False,,0.128
M5 disponibilidad baja,25,2026-03-25,A1 DSS fecha α=0.80,2026-05-18,2026-05-17,2026-06-02,2026-05-17,0,True,0.0,0.0,0.0,70,False,,0.811
M5 disponibilidad baja,25,2026-03-25,A2 DSS fecha α*,2026-05-18,2026-05-17,2026-06-09,2026-05-17,0,True,0.0,0.0,0.0,77,False,,0.937
M5 disponibilidad baja,25,2026-03-25,A3 fecha original + gestión al inicio,2026-05-18,2026-05-17,2026-05-18,2026-05-07,0,True,0.0,1.1523529555666092,1.1523529555666092,55,True,Segundo turno en Habilitado · sierra cinta + Segundo turno en Habilitado · mesa CNC + Expeditar Granallado y pintura (externo),0.14666666666666667
M5 disponibilidad baja,25,2026-03-25,A4 fecha original + re-pronóstico 40 %,2026-05-18,2026-05-17,2026-05-18,2026-05-12,0,True,0.0,0.5,0.5,55,True,Expeditar Granallado y pintura (externo),0.10166666666666667
M5 disponibilidad baja,25,2026-03-25,A5 sistema completo (α* + re-pronóstico 40 %),2026-05-18,2026-05-17,2026-06-09,2026-05-16,0,True,0.0,0.0,0.0,77,False,,0.9566666666666667
